seller_id,hist_pct_demora_vendedor,hist_pedidos_vendedor,hist_resena_prom_vendedor,hist_categorias_vendedor,seller_state
6560211a19b47992c3666cc44a7e94c0,0.060948081264108354,1329,4.0073909830007395,7,SP
1f50f920176fa81dab994f9023523100,0.09208523592085235,1314,4.050873196659074,3,SP
4a3ca9315b744ce9f8e9374361493884,0.1067193675889328,1265,3.93944099378882,7,SP
cc419e0650a3c5ba77189a1882b7556a,0.057461406518010294,1166,4.174418604651163,4,SP
da8622b14eb17ae2831f4ac5b9dab84a,0.07188940092165899,1085,4.142463235294118,4,SP
955fee9216a65b617aa5c0531780ce60,0.0755287009063444,993,4.119329388560158,22,SP
1025f0e2d44d7041d6cf58b6550e0bfa,0.08677685950413223,968,3.9342915811088295,4,SP
7c67e1448b00f6e969d365cea6b010ab,0.10153482880755609,847,3.3228070175438598,6,SP
4869f7a5dfa277a7dca6462dcf3b52b2,0.10486891385767791,801,4.2245657568238215,10,SP
7a67c85e85bb2ce8582c35f2203ad736,0.06289308176100629,795,4.3561643835616435,2,SP
ea8482cd71df3c1969d7b9473ff13abc,0.09583858764186633,793,4.054794520547945,2,SP
3d871de0142ce09b7081e2b9d1733cb1,0.05488621151271754,747,4.2105263157894735,5,SP
8b321bb669392f5163d04c59e235e066,0.10144927536231885,690,4.082857142857143,11,SP
cca3071e3e9bb7d12640c9fbe2301306,0.06060606060606061,561,3.980701754385965,6,SP
620c87c171fb2a6dd6e8bb4dec959fc6,0.07765151515151515,528,4.310408921933085,2,RJ
a1043bafd471dff536d0c462352beb48,0.06601941747572816,515,4.173258003766478,3,MG
e9779976487b77c6d4ac45f75ec7afe9,0.06692913385826772,508,4.225242718446602,7,SP
f8db351d8c4c4c22c6835c19a46f01b0,0.0594059405940594,505,4.324853228962818,20,SP
391fc6631aebcf3004804e51b40bcf1e,0.08395061728395062,405,4.075794621026895,3,SP
fa1c13f2614d7b5c4749cbc52fecda94,0.0967741935483871,403,4.405405405405405,5,SP
7d13fca15225358621be4086e1eb0964,0.10687022900763359,393,4.113350125944584,7,SP
d2374cbcbb3ca4ab1086534108cc3ab7,0.05154639175257732,388,3.8207070707070705,3,SP
128639473a139ac0f3e5f5ade55873a5,0.06417112299465241,374,4.255936675461742,5,PR
46dc3b2cc0980fb8ec44634e21d2718e,0.0646900269541779,371,4.2890625,7,RJ
1835b56ce799e6a4dc4eddc053f04066,0.11357340720221606,361,3.69672131147541,2,SP
53e4c6e0f4312d4d2107a8c9cddf45cd,0.06069364161849711,346,4.212464589235127,7,SP
d91fb3b7d041e83b64a00a3edfb37e4f,0.055232558139534885,344,4.207386363636363,6,SP
85d9eb9ddc5d00ca9336a2219c97bb13,0.043859649122807015,342,4.312138728323699,4,MG
1900267e848ceeba8fa32d80c1a5f5a8,0.07975460122699386,326,3.97583081570997,3,SP
4e922959ae960d389249c378d1c939f5,0.12074303405572756,323,4.00611620795107,22,SP
dbc22125167c298ef99da25668e1011f,0.030508474576271188,295,4.376237623762377,4,MG
8581055ce74af1daba164fdbd55a40de,0.061016949152542375,295,4.366336633663367,1,SP
8160255418d5aaa7dbdc9f4c64ebda44,0.20557491289198607,287,3.9037800687285222,3,SP
9f505651f4a6abe901a56cdc21508025,0.041811846689895474,287,4.364261168384879,7,SP
218d46b86c1881d022bce9c68a7d4b15,0.08480565371024736,283,4.200692041522491,3,SP
2138ccb85b11a4ec1e37afbd1c8eda1f,0.04964539007092199,282,4.010344827586207,7,SP
53243585a1d6dc2643021fd1853d8905,0.02158273381294964,278,4.22027972027972,2,BA
de722cd6dad950a92b7d4f82673f8833,0.039568345323741004,278,4.164874551971326,2,PE
06a2c3af7b3aee5d69171b0e14f0ee87,0.2028985507246377,276,4.129032258064516,1,MA
897060da8b9a21f655304d50fd935913,0.08029197080291971,274,3.5226480836236935,4,SP
77530e9772f57a62c906e1c21538ab82,0.11363636363636363,264,4.007462686567164,2,PR
4d6d651bd7684af3fffabd5f08d12e5a,0.0421455938697318,261,4.212121212121212,3,SP
16090f2ca825584b5a147ab24aa30c86,0.10384615384615385,260,4.049242424242424,6,SP
7299e27ed73d2ad986de7f7c77d919fa,0.047619047619047616,252,4.576470588235294,13,MG
c826c40d7b19f62a09e2d7c5e7295ee2,0.0796812749003984,251,4.10546875,1,SP
92eb0f42c21942b6552362b9b114707d,0.08064516129032258,248,4.135458167330677,3,SP
4c2b230173bb36f9b240f2b8ac11786e,0.09504132231404959,242,3.7459016393442623,2,SP
b2ba3715d723d245138f291a6fe42594,0.08298755186721991,241,4.156,26,SP
5dceca129747e92ff8ef7a997dc4f8ca,0.06224066390041494,241,4.037190082644628,6,SP
fa40cc5b934574b62717c68f3d678b6d,0.05485232067510549,237,4.615062761506276,3,SP
c70c1b0d8ca86052f45a432a38b73958,0.07692307692307693,234,4.444915254237288,1,SP
634964b17796e64304cadf1ad3050fb7,0.08444444444444445,225,4.008810572687224,10,RJ
87142160b41353c4e5fca2360caf6f92,0.0625,224,4.535714285714286,7,RS
fe2032dab1a61af8794248c8196565c9,0.07207207207207207,222,4.475336322869955,2,SP
1da3aeb70d7989d1e6d9b0e887f97c23,0.04524886877828054,221,4.198198198198198,20,SP
7142540dd4c91e2237acb7e911c4eba2,0.08144796380090498,221,4.1076233183856505,2,SP
7ddcbb64b5bc1ef36ca8c151f6ec77df,0.07272727272727272,220,4.044052863436123,9,SP
70a12e78e608ac31179aea7f8422044b,0.10909090909090909,220,3.9596412556053813,15,SP
c3cfdc648177fdbbbb35635a37472c53,0.0273972602739726,219,4.4840182648401825,1,PR
ef506c96320abeedfb894c34db06f478,0.06422018348623854,218,4.04054054054054,4,SP
7e93a43ef30c4f03f38b393420bc753a,0.055299539170506916,217,4.321739130434783,7,SP
855668e0971d4dfd7bef1b6a4133b41b,0.125,216,3.7956521739130435,3,SP
88460e8ebdecbfecb5f9601833981930,0.1761904761904762,210,3.4502369668246446,1,PR
37be5a7c751166fbc5f8ccba4119e043,0.030303030303030304,198,4.385,2,SP
1554a68530182680ad5c8b042c3ab563,0.06315789473684211,190,4.31413612565445,4,MG
25c5c91f63607446a97b143d2d535d31,0.031578947368421054,190,3.766839378238342,2,MG
17e34d8224d27a541263c4c64b11a56b,0.06989247311827956,186,4.2105263157894735,12,SP
562fc2f2c2863ab7e79a9e4388a58a14,0.02702702702702703,185,4.396825396825397,1,SP
a3a38f4affed601eb87a97788c949667,0.02185792349726776,183,4.52972972972973,11,SC
7aa4334be125fcdd2ba64b3180029f14,0.1404494382022472,178,4.173184357541899,4,SP
0241d4d5d36f10f80c644447315af0bd,0.05142857142857143,175,4.268571428571429,1,PR
c3867b4666c7d76867627c2f7fb22e21,0.10285714285714286,175,3.9635416666666665,1,SP
e9bc59e7b60fc3063eb2290deda4cced,0.10344827586206896,174,4.0055555555555555,2,PR
0ea22c1cfbdc755f86b9b54b39c16043,0.011560693641618497,173,4.488636363636363,8,MG
f7ba60f8c3f99e7ee4042fdef03b70c4,0.1377245508982036,167,4.238095238095238,2,SP
e5a3438891c0bfdb9394643f95273d8e,0.2073170731707317,164,3.775147928994083,2,SP
dc4a0fc896dc34b0d5bfec8438291c80,0.06172839506172839,162,3.9753086419753085,3,SP
1c129092bf23f28a5930387c980c0dfc,0.03164556962025317,158,4.377358490566038,2,SP
d1c281d3ae149232351cd8c8cc885f0d,0.0759493670886076,158,3.830188679245283,2,SP
f457c46070d02cadd8a68551231220dd,0.05732484076433121,157,3.9245283018867925,1,PR
37515688008a7a40ac93e3b2e4ab203f,0.08917197452229299,157,4.322784810126582,2,SP
001cca7ae9ae17fb1caed9dfb1094831,0.03225806451612903,155,4.031645569620253,2,ES
9b013e03b2ab786505a1d3b5c0756754,0.06493506493506493,154,4.044871794871795,6,SP
8d956fec2e4337affcb520f56fd8cbfd,0.0915032679738562,153,4.279220779220779,12,SP
cab85505710c7cb9b720bceb52b01cee,0.03333333333333333,150,4.3896103896103895,1,SP
4b9750c8ad28220fe6702d4ecb7c898f,0.08,150,4.490066225165563,2,SP
41b39e28db005d9731d9d485a83b4c38,0.05333333333333334,150,4.243421052631579,5,SP
6edacfd9f9074789dad6d62ba7950b9c,0.04054054054054054,148,4.54054054054054,13,SP
0c8380b62e38e8a1e6adbeba7eb9688c,0.0472972972972973,148,4.153333333333333,4,MG
0b90b6df587eb83608a64ea8b390cf07,0.034013605442176874,147,4.0608108108108105,1,PR
7178f9f4dd81dcef02f62acdf8151e01,0.03424657534246575,146,4.068027210884353,13,SC
4830e40640734fc1c52cd21127c341d4,0.08275862068965517,145,4.2,8,SP
ceaec5548eefc6e23e6607c5435102e7,0.05517241379310345,145,4.260273972602739,6,SP
f262cbc1c910c83959f849465454ddd3,0.07692307692307693,143,4.186206896551724,9,SP
54a1852d1b8f10312c55e906355666ee,0.09154929577464789,142,4.433566433566433,7,SP
9c0e69c7bf2619675bbadf47b43f655a,0.07142857142857142,140,4.157534246575342,3,SP
e26901d5ab434ce92fd9b5c256820a4e,0.014285714285714285,140,4.1438356164383565,7,SP
813348c996469b40f2e028d5429d3495,0.029197080291970802,137,4.21830985915493,1,SP
98dac6635aee4995d501a3972e047414,0.0364963503649635,137,4.0,1,SP
7040e82f899a04d1b434b795a43b4617,0.08088235294117647,136,3.5179856115107913,10,SP
ccc4bbb5f32a6ab2b7066a4130f114e3,0.05223880597014925,134,4.4338235294117645,2,PR
f45122a9ab94eb4f3f8953578bc0c560,0.06818181818181818,132,3.9402985074626864,8,SP
c003204e1ab016dfa150abc119207b24,0.06818181818181818,132,4.421052631578948,2,SP
de23c3b98a88888289c6f5cc1209054a,0.08396946564885496,131,4.343283582089552,6,SP
850f4f8af5ea87287ac68de36e29107f,0.06923076923076923,130,4.473282442748092,4,SP
5a8e7d5003a1f221f9e1d6e411de7c23,0.06201550387596899,129,4.317829457364341,2,SP
669ae81880e08f269a64487cfb287169,0.046511627906976744,129,4.184615384615385,2,SC
86ccac0b835037332a596a33b6949ee1,0.046511627906976744,129,3.969465648854962,3,SC
213b25e6f54661939f11710a6fddb871,0.125,128,3.727272727272727,3,SP
d98eec89afa3380e14463da2aabaea72,0.023622047244094488,127,4.3858267716535435,4,RS
edb1ef5e36e0c8cd84eb3c9b003e486d,0.064,125,4.5,1,RJ
0be8ff43f22e456b4e0371b2245e4d01,0.064,125,3.9844961240310077,12,SP
95e03ca3d4146e4011985981aeb959b9,0.016,125,4.196850393700787,13,RJ
a416b6a846a11724393025641d4edd5e,0.12096774193548387,124,4.396825396825397,2,SP
5656537e588803a555b8eb41f07a944b,0.08064516129032258,124,3.8897637795275593,11,DF
0dd184061fb0eaa7ca37932c68ab91c5,0.07317073170731707,123,4.186991869918699,3,SP
00ee68308b45bc5e2660cd833c3f81cc,0.07317073170731707,123,4.430894308943089,2,SP
2eb70248d66e0e3ef83659f71b244378,0.14049586776859505,121,2.6818181818181817,9,SP
b499c00f28f4b7069ff6550af8c1348a,0.09166666666666666,120,4.209677419354839,11,SP
7d76b645482be4a332374e8223836592,0.09166666666666666,120,4.098360655737705,2,SP
3c7c4a49ec3c6550809089c6a2ca9370,0.08333333333333333,120,3.7459016393442623,1,SP
cbd996ad3c1b7dc71fd0e5f5df9087e2,0.1,120,4.180327868852459,3,SP
1a3df491d1c4f1589fc2b934ada68bf2,0.06779661016949153,118,4.358333333333333,1,SC
8f2ce03f928b567e3d56181ae20ae952,0.1440677966101695,118,4.041666666666667,1,SP
522620dcb18a6b31cd7bdf73665113a9,0.0847457627118644,118,3.983050847457627,8,PR
cfb1a033743668a192316f3c6d1d2671,0.1111111111111111,117,3.966666666666667,1,SP
7e1fb0a3ebfb01ffb3a7dae98bf3238d,0.14655172413793102,116,4.225,2,SP
2a84855fd20af891be03bc5924d2b453,0.034782608695652174,115,4.396694214876033,7,MG
259f7b5e6e482c230e5bfaa670b6bb8f,0.008771929824561403,114,4.298245614035087,2,SP
1c68394e931a64f90ea236c5ea590300,0.043859649122807015,114,3.93859649122807,2,PR
b76dba6c951ab00dc4edf0a1aa88037e,0.026785714285714284,112,4.2894736842105265,3,SP
7ad32824caee82087b3e2e5f33b1bf32,0.13513513513513514,111,3.982608695652174,1,SP
004c9cd9d87a3c30c522c48c4fc07416,0.04504504504504504,111,4.405405405405405,2,SP
537eb890efff034a88679788b647c564,0.03636363636363636,110,4.25,10,RJ
66922902710d126a0e7d26b0e3805106,0.07272727272727272,110,4.45945945945946,1,MG
6d66611d7c44cc30ce351abc49a68421,0.06363636363636363,110,4.080357142857143,6,SP
b4ffb71f0cb1b1c3d63fad021ecf93e1,0.01818181818181818,110,4.0636363636363635,1,SP
76d5af76d0271110f9af36c92573f765,0.08256880733944955,109,4.15929203539823,7,SP
2c9e548be18521d1c43cde1c582c6de8,0.1559633027522936,109,3.936936936936937,5,SP
8b28d096634035667e8263d57ba3368c,0.11926605504587157,109,3.9017857142857144,14,SP
8a32e327fe2c1b3511609d81aaf9f042,0.09259259259259259,108,3.853448275862069,2,SP
7722b1df1b0e383e000397b2c11e3e19,0.02830188679245283,106,4.355140186915888,9,SP
6cd68b3ed6d59aaa9fece558ad360c0a,0.02857142857142857,105,4.619047619047619,5,MG
5cf13accae3222c70a9cac40818ae839,0.009523809523809525,105,4.471698113207547,2,MG
2e1c9f22be269ef4643f826c9e650a52,0.07692307692307693,104,4.352380952380952,3,SP
2e90cb1677d35cfe24eef47d441b7c87,0.1346153846153846,104,4.105769230769231,3,SP
a3e9a2c700480d9bb01fba070ba80a0e,0.07692307692307693,104,4.115384615384615,2,SP
17a053fcb14bd219540cbde0df490be0,0.07766990291262135,103,4.269230769230769,2,SP
aafe36600ce604f205b86b5084d3d767,0.038834951456310676,103,4.436893203883495,4,SC
1e8b33f18b4f7598d87f5cbee2282cc2,0.058823529411764705,102,4.29126213592233,1,SP
36a968b544695394e4e9d7572688598f,0.0196078431372549,102,3.691588785046729,9,SP
e9d99831abad74458942f21e16f33f92,0.058823529411764705,102,4.117647058823529,4,SP
b33e7c55446eabf8fe1a42d037ac7d6d,0.1188118811881188,101,4.211538461538462,5,SP
289cdb325fb7e7f891c38608bf9e0962,0.019801980198019802,101,4.623762376237623,4,SP
2528513dd95219a6013d4d05176e391a,0.0594059405940594,101,4.03921568627451,3,SP
dd7ddc04e1b6c2c614352b383efe2d36,0.16,100,3.8316831683168315,2,SP
79ebd9a61bac3eaf882805ed4ecfa12a,0.06,100,4.009803921568627,1,PR
db4350fd57ae30082dec7acbaacc17f9,0.05102040816326531,98,4.204081632653061,4,SP
00fc707aaaad2d31347cf883cd2dfe10,0.05154639175257732,97,3.8556701030927836,1,PR
229c3efbfb0ea2058de4ccdfbc3d784a,0.030927835051546393,97,3.6565656565656566,1,MG
710e3548e02bc1d2831dfc4f1b5b14d4,0.041237113402061855,97,3.366336633663366,8,PR
59b22a78efb79a4797979612b885db36,0.11458333333333333,96,4.052083333333333,3,MG
0bae85eb84b9fb3bd773911e89288d54,0.010416666666666666,96,4.40625,11,SP
0db783cfcd3b73998abc6e10e59a102f,0.020833333333333332,96,4.375,4,SP
6a8b085f816a1f75f92dbac6eb545f8f,0.0851063829787234,94,4.3052631578947365,1,SP
cd68562d3f44870c08922d380acae552,0.1702127659574468,94,4.105263157894737,9,SP
c9c7905cffc4ef9ff9f113554423e671,0.10638297872340426,94,4.191489361702128,8,SP
7008613ea464bad5cb9b83456e1e6a8f,0.02127659574468085,94,4.346938775510204,1,SC
b2479f944e1b90cf8a5de1bbfde284d6,0.15053763440860216,93,3.389473684210526,3,SP
ef0ace09169ac090589d85746e3e036f,0.08602150537634409,93,4.3936170212765955,2,RJ
febab0275244b9a49a623f0bd613ca2f,0.03225806451612903,93,4.375,3,SP
44073f8b7e41514de3b7815dd0237f4f,0.043010752688172046,93,3.8404255319148937,15,DF
8e6d7754bc7e0f22c96d255ebda59eba,0.11827956989247312,93,2.849462365591398,1,SP
42b729f859728f5079499127a9c2ef37,0.08602150537634409,93,4.494623655913978,4,SP
48436dade18ac8b2bce089ec2a041202,0.05434782608695652,92,4.11578947368421,2,SP
f80edd2c5aaa505cc4b0a3b219abf4b8,0.06521739130434782,92,4.073684210526316,6,SP
640e21a7d01df7614a3b4923e990d40c,0.07692307692307693,91,4.369565217391305,1,SP
12b9676b00f60f3b700e83af21824c0e,0.02197802197802198,91,4.619565217391305,3,RS
080102cd0a76b09e0dcf55fcacc60e05,0.02197802197802198,91,4.663043478260869,5,MG
ca3bd7cd9f149df75950150d010fe4a2,0.01098901098901099,91,3.827956989247312,2,SP
33a6f4b1e7cdc205511e76ba1b6e0186,0.011235955056179775,89,4.415730337078652,2,SP
ce27a3cc3c8cc1ea79d11e561e9bebb6,0.011363636363636364,88,3.917525773195876,10,SP
1127b7f2594683f2510f1c2c834a486b,0.06818181818181818,88,4.108695652173913,3,SP
25e6ffe976bd75618accfe16cefcbd0d,0.045454545454545456,88,4.382022471910112,6,SP
fc906263ca5083d09dce42fe02247800,0.0,88,4.337078651685394,4,MG
59fb871bf6f4522a87ba567b42dafecf,0.06896551724137931,87,4.340909090909091,6,SP
bfd27a966d91cfaafdb25d076585f0da,0.046511627906976744,86,4.35632183908046,6,SP
18a349e75d307f4b4cc646a691ed4216,0.07058823529411765,85,3.2525252525252526,15,SP
a673821011d0cec28146ea42f5ab767f,0.07058823529411765,85,4.068965517241379,5,SP
c33847515fa6305ce6feb1e818569f13,0.047619047619047616,84,3.869047619047619,2,SC
0adac9fbd9a2b63cccaac4f8756c1ca8,0.04819277108433735,83,4.089887640449438,5,SP
01fdefa7697d26ad920e9e0346d4bd1b,0.07228915662650602,83,4.440476190476191,1,PR
6c7d50c24b3ccd2fd83b44d8bb34e073,0.024096385542168676,83,4.411764705882353,2,SP
1b4c3a6f53068f0b6944d2d005c9fc89,0.060240963855421686,83,4.238095238095238,9,SC
1ca7077d890b907f89be8c954a02686a,0.18292682926829268,82,2.044943820224719,3,SP
5343d0649eca2a983820bfe93fc4d17e,0.06097560975609756,82,3.7228915662650603,1,SP
8c16d1f32a54d92897cc437244442e1b,0.0,82,4.573170731707317,7,SC
431af27f296bc6519d890aa5a05fdb11,0.16049382716049382,81,3.7037037037037037,1,SP
e5a38146df062edaf55c38afa99e42dc,0.1111111111111111,81,4.036585365853658,7,SP
aac29b1b99776be73c3049939652091d,0.1125,80,4.0,7,MG
b1fc4f64df5a0e8b6913ab38803c57a9,0.1375,80,3.9875,1,RJ
dbd66278cbfe1aa1000f90a217ca4695,0.06329113924050633,79,4.594936708860759,5,SP
609e1a9a6c2539919b8205cf7c4e6ff0,0.012658227848101266,79,3.6962025316455698,2,SC
f5a590cf36251cf1162ea35bef76fe84,0.12658227848101267,79,4.135802469135802,4,SP
70eea00b476a314817cefde4aad4f89a,0.08974358974358974,78,4.423076923076923,5,SP
dbb9b48c841a0e39e21f98e1a6b2ec3e,0.02564102564102564,78,4.294871794871795,9,SP
3b15288545f8928d3e65a8f949a28291,0.038461538461538464,78,3.9743589743589745,3,SP
c31eff8334d6b3047ed34bebd4d62c36,0.1282051282051282,78,3.9873417721518987,2,SP
827f8f69dfa529c561901c4f2e0f332f,0.06493506493506493,77,4.35064935064935,6,PR
17ca9b9e9b9ef8fdb529001b49ebb50f,0.02631578947368421,76,4.1688311688311686,4,MG
822166ed1e47908f7cfb49946d03c726,0.013333333333333334,75,4.08,3,RJ
9d4db00d65d7760644ac0c14edb5fd86,0.02702702702702703,74,4.675675675675675,6,SP
08633c14ef2db992c11f840f04fad4cd,0.05405405405405406,74,4.337837837837838,5,SP
8a432f4e5b471f8da497d7dc517666e2,0.02702702702702703,74,4.22972972972973,3,SP
11bfa66332777660bd0640ee84d47006,0.1891891891891892,74,3.945945945945946,2,SP
729f06993dac8e860d4f02d7088ca48a,0.10810810810810811,74,4.453333333333333,2,SP
70c27847eca8195c983ed7e798c56743,0.0958904109589041,73,4.178082191780822,1,RJ
8bb48dc19fccaa8613b6229bf7f452a2,0.0136986301369863,73,4.315068493150685,4,SP
f27e33c6d29b5138fa9967bcd445b6d5,0.0821917808219178,73,4.123287671232877,10,SP
80e6699fe29150b372a0c8a1ebf7dcc8,0.0547945205479452,73,4.256756756756757,4,PR
aaed1309374718fdd995ee4c58c9dfcd,0.041666666666666664,72,4.082191780821918,5,SC
4371b634e0efc0e22b09b52907d9d469,0.05555555555555555,72,4.5,4,SP
3df020b72d3d44b3af9d110fa3940b65,0.08333333333333333,72,4.041666666666667,1,SP
ff063b022a9a0aab91bad2c9088760b7,0.041666666666666664,72,4.333333333333333,3,SP
9616352088dcf83a7c06637f4ebf1c80,0.0,71,4.464788732394366,1,PR
d94a40fd42351c259927028d163af842,0.014084507042253521,71,4.138888888888889,2,MG
701938c450705b8ae65fc923b70f35c7,0.08450704225352113,71,3.9166666666666665,2,SP
612170e34b97004b3ba37eae81836b4c,0.0,71,4.535211267605634,10,RS
b561927807645834b59ef0d16ba55a24,0.18309859154929578,71,4.309859154929577,4,SP
f84fa566034f5e8e880a07ec624c56af,0.1267605633802817,71,4.333333333333333,3,SP
7e3f87d16fb353f408d467e74fbd8014,0.11267605633802817,71,4.180555555555555,6,SP
dd2bdf855a9172734fbc3744021ae9b9,0.07142857142857142,70,3.9,8,MG
530ec6109d11eaaf87999465c6afee01,0.014285714285714285,70,4.402777777777778,4,PR
ac3508719a1d8f5b7614b798f70af136,0.04285714285714286,70,4.732394366197183,4,RS
282f23a9769b2690c5dda22e316f9941,0.05714285714285714,70,4.585714285714285,6,MG
ececbfcff9804a2d6b40f589df8eef2b,0.08695652173913043,69,4.2,3,SP
d20b021d3efdf267a402c402a48ea64b,0.13043478260869565,69,3.9722222222222223,3,SP
f4aba7c0bca51484c30ab7bdc34bcdd1,0.057971014492753624,69,4.072463768115942,2,SP
d6b1ce66b035a475f00c017792ff9769,0.07246376811594203,69,4.246376811594203,3,SP
891071be6ba827b591264c90c2ae8a63,0.17647058823529413,68,3.76056338028169,8,SP
7ea5bfa6c340f58f8e71fc1f0412b0d6,0.029411764705882353,68,4.171428571428572,2,MG
d12c926d74ceff0a90a21184466ce161,0.014705882352941176,68,4.260869565217392,8,SP
f3b80352b986ab4d1057a4b724be19d0,0.0,68,4.264705882352941,2,DF
adbc26658d6c7b4b6219f9d934598091,0.10294117647058823,68,4.102941176470588,2,PR
dee656f0f566ed1aa85bd137c943f08f,0.058823529411764705,68,4.4411764705882355,10,SP
0432ead42b6c8a0bdf68154add917fdf,0.029411764705882353,68,4.542857142857143,3,SP
6973a06f484aacf400ece213dbf3d946,0.20588235294117646,68,3.472972972972973,1,SP
688756f717c462a206ad854c5027a64a,0.13432835820895522,67,3.710144927536232,5,SP
5c243662ce92d84573bfaff24c3e3700,0.014925373134328358,67,4.2388059701492535,2,SP
bd0389da23d89b726abf911cccc54596,0.07462686567164178,67,4.3283582089552235,5,DF
8648b1e89e9b349e32d3741b30ec737e,0.11940298507462686,67,4.073529411764706,4,SP
3be634553519fb6536a03e1358e9fdc7,0.07462686567164178,67,4.098591549295775,5,SP
04308b1ee57b6625f47df1d56f00eedf,0.08955223880597014,67,3.8840579710144927,1,SC
5d0363b33554b373851fc1622e4d5f3c,0.10606060606060606,66,4.166666666666667,4,SP
7b07b3c7487f0ea825fc6df75abd658b,0.06060606060606061,66,4.373134328358209,2,SP
b14db04aa7881970e83ffa9426897925,0.16666666666666666,66,3.8055555555555554,2,SP
b6d44737c043328708f6749c2dbe50bd,0.045454545454545456,66,4.522388059701493,1,SP
bd23da7354813347129d751591d1a6e2,0.045454545454545456,66,4.115942028985507,1,SP
a49928bcdf77c55c6d6e05e09a9b4ca5,0.22727272727272727,66,3.08955223880597,3,SP
8e6cc767478edae941d9bd9eb778d77a,0.07692307692307693,65,3.898550724637681,2,MG
080199a181c46c657dc5aa235411be3b,0.03076923076923077,65,4.6923076923076925,1,SP
f84a00e60c73a49e7e851c9bdca3a5bb,0.06153846153846154,65,3.5671641791044775,2,RJ
ba143b05f0110f0dc71ad71b4466ce92,0.13846153846153847,65,4.4393939393939394,3,SP
6b243f80ed07b10f0e8aa0f21a205f3c,0.0,65,4.138461538461539,1,PR
2ff97219cb8622eaf3cd89b7d9c09824,0.046875,64,4.703125,12,SP
4e7c18b98d84e05cbae3ff0ff03846c2,0.047619047619047616,63,4.158730158730159,3,SP
725c32fa80c2faacc4fc88450d27314e,0.0,62,4.596774193548387,2,SP
aba1721a889e04decc910aa13b768ef4,0.11290322580645161,62,4.387096774193548,2,SP
ce7d1888639e6fb06b2749cbfdac1ff7,0.08064516129032258,62,4.161290322580645,3,MG
709e16e2b25c7474d980076c6bfc4806,0.03225806451612903,62,4.709677419354839,5,SP
6fd52c528dcb38be2eea044946b811f8,0.12903225806451613,62,3.5,1,SP
527801b552d0077ffd170872eb49683b,0.11290322580645161,62,4.67741935483871,3,SP
f46490624488d3ff7ce78613913a7711,0.08196721311475409,61,3.4153846153846152,1,SP
0df3984f9dfb3d49ac6366acbd3bbb85,0.01639344262295082,61,4.435483870967742,2,MG
2a261b5b644fa05f4f2700eb93544f2c,0.21666666666666667,60,3.35,1,SP
516e7738bd8f735ac19a010ee5450d8d,0.05,60,4.60655737704918,2,RJ
bbad7e518d7af88a0897397ffdca1979,0.2,60,3.180327868852459,7,SP
6860153b69cc696d5dcfe1cdaaafcf62,0.03333333333333333,60,4.366666666666666,3,SP
dfa0c4c6229ab200a4a1336b4d7128ff,0.03333333333333333,60,4.15,10,SC
8444e55c1f13cd5c179851e5ca5ebd00,0.11666666666666667,60,3.212121212121212,11,MG
3db66a856d18a9cba7c9241fc5221c50,0.1,60,4.1,6,MG
744dac408745240a2c2528fb1b6028f3,0.0,60,4.688524590163935,3,PR
82e0a475a88cc9595229d8029273f045,0.0847457627118644,59,3.3,2,SP
eeb6de78f79159600292e314a77cbd18,0.03389830508474576,59,4.47457627118644,3,SC
9674754b5a0cb32b638cec001178f799,0.03389830508474576,59,3.8688524590163933,5,SP
670c26e0f1bf8d0576271d5cfaec6d2b,0.01694915254237288,59,4.6,2,PR
1d8dbc4f32378d715c717c1c1fc57bae,0.1016949152542373,59,4.3,1,PR
06e5eefc71ec47ae763c5c6f8db7064f,0.01694915254237288,59,4.049180327868853,6,RS
c8b0e2b0a7095e5d8219575d5e7e1181,0.06896551724137931,58,4.327586206896552,1,SP
0509040ea3fe50071181bbc359eb7738,0.05172413793103448,58,4.793103448275862,3,MG
0c7533c71df861ec58ad7ff999ed0e8d,0.034482758620689655,58,4.137931034482759,1,SP
4a3ccda38b2129705f3fb522db62ca31,0.10344827586206896,58,3.7796610169491527,4,SP
e8b3a3a38279a82f0e5d006d5e5b7d2c,0.05172413793103448,58,3.933333333333333,5,PR
54965bbe3e4f07ae045b90b0b8541f52,0.27586206896551724,58,3.1639344262295084,1,PR
48162d548f5b1b11b9d29d1e01f75a61,0.017241379310344827,58,3.9491525423728815,7,SP
d673a59aac7a70d8b01e6902bf090a11,0.10526315789473684,57,4.192982456140351,2,SP
cac4c8e7b1ca6252d8f20b2fc1a2e4af,0.24561403508771928,57,3.6206896551724137,7,SP
a7f13822ceb966b076af67121f87b063,0.07017543859649122,57,3.5517241379310347,5,SP
9d5a9018aee56acb367ba9c3f05d1d6a,0.0,56,4.333333333333333,5,GO
23613d49c3ac2bd302259e55c06c050c,0.125,56,3.5964912280701755,2,SP
ebd2d60905fb58271facef5596b620d3,0.03571428571428571,56,4.186440677966102,1,SP
5f1dc28029d2c244352a68107ec2b542,0.07142857142857142,56,4.5,8,SP
972d0f9cf61b499a4812cf0bfa3ad3c4,0.10714285714285714,56,2.875,1,SC
6fc26fe110feebd80a433e1f012a84f9,0.03571428571428571,56,4.0,1,SP
440dd6ab244315c632130ecfb63827b1,0.19642857142857142,56,3.736842105263158,2,SP
e59aa562b9f8076dd550fcddf0e73491,0.08928571428571429,56,4.206896551724138,1,PR
fd386aa7bed2af3c7035c65506c9b4a3,0.10909090909090909,55,4.363636363636363,13,SP
d05ae8f7a5bd1d2a690a44cd079e4e27,0.09090909090909091,55,3.9285714285714284,1,RJ
9e6229250fedbe05838fef417b74e7fb,0.037037037037037035,54,4.166666666666667,3,SP
f7720c4fa8e3aba4546301ab80ea1f1b,0.05555555555555555,54,4.3090909090909095,3,PR
712e6ed8aa4aa1fa65dab41fed5737e4,0.18518518518518517,54,3.537037037037037,1,SC
8f119a0aee85c0c8fc534629734e94fd,0.05555555555555555,54,4.254545454545455,6,SP
30a2f535bb48308f991d0b9ad4a8c4bb,0.018518518518518517,54,4.351851851851852,1,SP
d13e50eaa47b4cbe9eb81465865d8cfc,0.18518518518518517,54,4.781818181818182,2,SP
1f9ab4708f3056ede07124aad39a2554,0.05555555555555555,54,4.363636363636363,1,SP
1bb2bdb95f4841f1bba2c0d2cd83d3c9,0.07547169811320754,53,4.722222222222222,4,SP
900ba814c251a692506d7834c1218441,0.09433962264150944,53,4.296296296296297,1,SP
beadbee30901a7f61d031b6b686095ad,0.20754716981132076,53,4.018867924528302,3,SP
1336efc61c316ddf92c899eb817f7cae,0.09433962264150944,53,4.113207547169812,8,SP
066a6914e1ebf3ea95a216c73a986b91,0.057692307692307696,52,4.113207547169812,6,PR
b92e3c8f9738272ff7c59e111e108d7c,0.019230769230769232,52,4.1923076923076925,4,MG
a17f621c590ea0fab3d5d883e1630ec6,0.058823529411764705,51,4.056603773584905,2,SP
34056b8b55c1775a22af2331670a799c,0.1568627450980392,51,4.0576923076923075,1,SP
d921b68bf747894be13a97ae52b0f386,0.0196078431372549,51,4.588235294117647,3,MG
4e17c65a516f69d023a2ae78b84f28d6,0.13725490196078433,51,4.0,5,SP
9de4643a8dbde634fe55621059d92273,0.04,50,4.58,2,SC
8cbac7e12637ed9cffa18c7875207478,0.06,50,4.235294117647059,4,SC
76d64c4aca3a7baf218bf93ef7fa768d,0.04,50,4.16,5,PR
9646c3513289980f17226a2fc4720dbd,0.1,50,4.230769230769231,3,SP
e62b2d6ac10570a035a30bafcf01d263,0.18,50,3.92,8,SP
1838dd9b8977065acf51d95e0053ea7a,0.06,50,4.403846153846154,3,MG
1eade46fba20122dc4aefb379f8c636b,0.14,50,4.36,1,SP
75d34ebb1bd0bd7dde40dd507b8169c3,0.1836734693877551,49,3.7735849056603774,4,BA
cce6ab8d1682639fe45ab70234f1665f,0.04081632653061224,49,4.52,1,SP
94144541854e298c2d976cb893b81343,0.04081632653061224,49,4.26530612244898,2,RS
834f3294fba9f932f56edc879193f925,0.061224489795918366,49,4.591836734693878,1,SP
e333046ce6517bd8bb510291d44f0130,0.04081632653061224,49,4.63265306122449,5,SP
ce248b21cb2adc36282ede306b7660e5,0.10204081632653061,49,4.408163265306122,6,SC
8ae520247981aa06bc94abddf5f46d34,0.0,48,4.520833333333333,4,SC
165fc07beebdcb6190fba8a06db2a449,0.16666666666666666,48,3.6041666666666665,2,PR
91f848e9f4be368f4318775aac733370,0.041666666666666664,48,4.372549019607843,2,SP
116ccb1a1604bc88e4d234a8c23f33de,0.0625,48,4.791666666666667,5,SP
f7ccf836d21b2fb1de37564105216cc1,0.0625,48,3.9183673469387754,2,SP
520b493b57809f446cb0a233bb3e25c7,0.020833333333333332,48,4.416666666666667,4,SP
d9bd94811c3338dceb4181f3dbc0c73e,0.125,48,4.854166666666667,5,SP
f3da5b2ff499efb8d4a6d371d175d7dd,0.16666666666666666,48,4.040816326530612,10,SP
7d456afc660226829370f3173d14520c,0.041666666666666664,48,4.28,4,SP
95f83f51203c626648c875dd41874c7f,0.0625,48,3.18,2,MG
0b35c634521043bf4b47e21547b99ab5,0.1702127659574468,47,3.3617021276595747,1,PR
6d803cb79cc31c41c4c789a75933b3c7,0.06382978723404255,47,4.319148936170213,1,SP
dc317f341ab0e22f39acbd9dbf9b4a1f,0.06382978723404255,47,4.170212765957447,3,RS
5b925e1d006e9476d738aa200751b73b,0.06382978723404255,47,4.680851063829787,1,SP
f0b47fbbc6dee9aafe415a6e33051b3f,0.1276595744680851,47,4.25,4,SP
aced59e9b31ef866a94f9e7f29d8d418,0.0425531914893617,47,4.638297872340425,3,SP
582d4f8675b945722eda7c0cb61ba4c7,0.0,47,4.170212765957447,4,SP
fdb9095204a334cd8872252ffec6f2db,0.021739130434782608,46,4.391304347826087,1,SP
96493fab2fbb13a14d0c0e8772eef5c3,0.06521739130434782,46,4.130434782608695,1,SP
c6bda72e4dbf5c5866b13cb1810c6d03,0.043478260869565216,46,4.434782608695652,4,SP
4c18691b6037662be2df78a765d98ab5,0.06521739130434782,46,3.9347826086956523,5,SP
05f51e13da97139648b8125c31e5f51b,0.13043478260869565,46,4.040816326530612,3,MG
99eaacc9e6046db1c82b163c5f84869f,0.15217391304347827,46,3.7291666666666665,4,SP
d9a84e1403de8da0c3aa531d6d108ba6,0.021739130434782608,46,4.617021276595745,5,SP
d566c37fa119d5e66c4e9052e83ee4ea,0.022222222222222223,45,4.688888888888889,2,SP
056b4ada5bbc2c50cc7842547dda6b51,0.1111111111111111,45,4.065217391304348,2,RJ
d57e18d5f73c7ccb7f7339b61166898d,0.022222222222222223,45,4.511111111111111,3,SP
715bbd5ba4e6b74cb0d2f29eb45058b0,0.06666666666666667,45,4.533333333333333,5,SP
5058e8c1e82653974541e83690655b4a,0.1111111111111111,45,3.1555555555555554,4,SP
a420f60ff1aa9acc80d0e42959f2b313,0.06818181818181818,44,4.068181818181818,8,SP
cb8bcce248bb1fb274ba762d8b971456,0.022727272727272728,44,4.304347826086956,3,MG
81a1104df0f08b59c68aa5b03cfe398e,0.06818181818181818,44,4.4222222222222225,1,PR
5f2684dab12e59f83bef73ae57724e45,0.06818181818181818,44,3.911111111111111,4,SP
7681ef142fd2c19048da7430856b5588,0.09090909090909091,44,4.022222222222222,6,SP
058fd0aa2bfdb2274e05e1ae971dabb6,0.0,44,4.711111111111111,1,SP
6039e27294dc75811c0d8a39069f52c0,0.27906976744186046,43,3.727272727272727,3,SP
951e8cef368f09bb3f3d03c00ca4702c,0.09302325581395349,43,4.045454545454546,2,SP
643214e62b870443ccbe55ab29a4dccf,0.13953488372093023,43,4.6,2,SP
3bdff180c7e1f6551a643b99c265a120,0.046511627906976744,43,4.108695652173913,1,SP
8a130737016f838139d31878787a39c9,0.046511627906976744,43,4.627906976744186,2,SP
a888faf2d1baececa6baf9c3d603ee1f,0.13953488372093023,43,4.162790697674419,1,PR
7a241947449cc45dbfda4f9d0798d9d0,0.09302325581395349,43,3.404255319148936,3,MG
966cb4760537b1404caedd472cc610a5,0.023255813953488372,43,3.9591836734693877,1,SP
06579cb253ecd5a3a12a9e6eb6bf8f47,0.20930232558139536,43,3.7555555555555555,2,SP
fcb5ace8bcc92f75707dc0f01a27d269,0.047619047619047616,42,3.6136363636363638,11,SP
83e197e95a1bbabc8c75e883ed016c47,0.023809523809523808,42,4.790697674418604,2,RJ
729b2d09b2a0bdab221076327f13d050,0.07142857142857142,42,4.604651162790698,2,SP
05d2173d43ea568aa0540eba70d2ca76,0.023809523809523808,42,4.285714285714286,3,MG
2a7dc43cecabf23403078e2188437d1d,0.047619047619047616,42,4.357142857142857,6,SP
e7d5b006eb624f13074497221eb37807,0.047619047619047616,42,3.119047619047619,2,SP
50c9975695009e5e6473912e83a6d1da,0.14285714285714285,42,3.9285714285714284,1,MG
138dbe45fc62f1e244378131a6801526,0.047619047619047616,42,4.166666666666667,6,SP
b372ee768ed69e46ca8cdbd267aa7a38,0.0,42,4.571428571428571,1,SP
432c37c9dfba871172ec162e20118b8c,0.07317073170731707,41,4.3023255813953485,6,DF
6c177e38df6d3f34182b1f1d427231bf,0.024390243902439025,41,4.166666666666667,6,PR
4da0e408c99d2fdc2126dc9fce518060,0.0,41,4.463414634146342,2,PR
e882b2a25a10b9c057cc49695f222c19,0.0,41,4.560975609756097,6,RJ
3bb548e3cb7f70f28e3f11ee9dce0e59,0.0,41,4.0,1,PR
eed78ac17f7f795a19a709745f00cd4e,0.0,41,3.4878048780487805,1,SP
0bf0150d5b9d60d9cd2906003332f085,0.17073170731707318,41,3.707317073170732,2,SP
d50d79cb34e38265a8649c383dcffd48,0.0975609756097561,41,4.2682926829268295,4,SP
4992e76a42cb3aad7a7047e0d3d7e729,0.07317073170731707,41,4.073170731707317,2,SP
cc63f0dd2acba93ffed4fe9f8e0321fa,0.0,41,4.2439024390243905,2,SP
17f51e7198701186712e53a39c564617,0.07317073170731707,41,4.560975609756097,1,SP
57e632711dec9ec14ca7546769483e7e,0.0,40,4.5,2,SC
750303a20e9c56b2a6bc45cdce0b897d,0.025,40,4.219512195121951,6,GO
6df688df543f90e9b38f4319e75a9d88,0.0,40,4.75,2,MG
0d85bbda9889ce1f7e63778d24f346eb,0.1,40,4.15,3,MG
f214d28e8d8e3ef068748498ccc2f813,0.025,40,4.121951219512195,4,SP
903037660cf848a717166eb7a06d616e,0.1,40,4.15,4,SP
062ce95fa2ad4dfaedfc79260130565f,0.0,40,4.146341463414634,4,RS
01cf7e3d21494c41fb86034f2e714fa1,0.05128205128205128,39,4.2682926829268295,8,PR
8e8a7ce9f2f970dc00e2acf6f6e199f6,0.10256410256410256,39,4.175,1,RJ
b1a81260566c1bac3114a6d124413f27,0.02564102564102564,39,4.435897435897436,4,RS
376a891762bbdecbc02b4b6adec3fdda,0.02564102564102564,39,4.743589743589744,4,GO
0691148aee60ca47977c187804f935ae,0.05128205128205128,39,4.076923076923077,5,PR
e0a366315b1b726b6c7832d664c0f530,0.05128205128205128,39,4.384615384615385,4,SP
e067ad2c1c0b48758eb1b5228bcf7a68,0.10256410256410256,39,4.153846153846154,1,SP
20d83f3ef0e6925fd74bfd59170babf7,0.05263157894736842,38,4.473684210526316,1,SP
fffd5413c0700ac820c7069d66d98c89,0.13157894736842105,38,3.923076923076923,3,SP
f680f85bee2d253556ac91be391d2c82,0.0,38,4.2894736842105265,2,SP
8b9d6eec4a7eb7d0f9d579ce0b38324d,0.15789473684210525,38,4.0256410256410255,2,RJ
a5cba26a62b8b4d0145b68b841e62e7f,0.0,38,4.7368421052631575,3,PR
c68fb906c8f4b4b946d8386bfa6e5467,0.02631578947368421,38,4.552631578947368,7,SP
318f287a62ab7ac10b703ac37435a231,0.07894736842105263,38,4.131578947368421,2,SP
870d0118f7a9d85960f29ad89d5d989a,0.05263157894736842,38,4.184210526315789,2,MG
624f4ece8da4aafb77699233d480f8ef,0.02702702702702703,37,4.324324324324325,1,SP
1b8356dabde1d35e17cef975c3f82730,0.0,37,4.54054054054054,5,SP
6f892e20a171e98efe17fdb971ff319b,0.08108108108108109,37,3.875,3,SP
9b00ed88b7fdb95d6ff76e27c1b52d16,0.05405405405405406,37,4.5675675675675675,2,SP
6b90f847357d8981edd79a1eb1bf0acb,0.02702702702702703,37,4.378378378378378,6,SP
05ff92fedb5be47920fea08e501238b9,0.05405405405405406,37,4.621621621621622,3,RS
2a5b78b41cd05baeac8df54c6606b92c,0.02702702702702703,37,4.225,1,MG
048c2757535328e0d7dac690ad3c0aae,0.13513513513513514,37,4.157894736842105,1,SP
994f04b3718c2bab35c2adfa8afecd2a,0.05405405405405406,37,4.435897435897436,2,SP
3078096983cf766a32a06257648502d1,0.02702702702702703,37,4.487179487179487,10,SP
751bdc4d83a466c7206cd42e8f426b03,0.0,37,3.769230769230769,3,SP
c864036feaab8c1659f65ea4faebe1da,0.05405405405405406,37,4.486486486486487,1,PR
81f89e42267213cb94da7ddc301651da,0.0,36,3.6944444444444446,3,SP
7dc8c42cc750eeafea6c85712ffee9bf,0.027777777777777776,36,4.388888888888889,8,SP
cd06602b43d8800bd0afad514919d35c,0.05555555555555555,36,3.5945945945945947,3,SP
2dee2ce60de9709b1a24083217181a1f,0.027777777777777776,36,4.527777777777778,1,MT
a6fe7de3d16f6149ffe280349a8535a0,0.16666666666666666,36,3.891891891891892,1,SP
4e06067cc08b3f41d837768d392c3ee3,0.05555555555555555,36,4.166666666666667,1,MG
66dc1b1632bd6a3e508510c5b3492107,0.027777777777777776,36,3.4864864864864864,7,SP
113e3a788b935f48aad63e1c41dac1bd,0.05714285714285714,35,4.514285714285714,1,SP
0ef83d7d83ed97cd2a0049ac8be5f88a,0.0,35,4.228571428571429,2,PR
fa1a9dec3a9940c072684a46728bf1fc,0.0,35,4.514285714285714,1,SC
e24fc9fcd865784fb25705606fe3dfe7,0.08571428571428572,35,4.333333333333333,3,SP
2b3e4a2a3ea8e01938cabda2a3e5cc79,0.0,35,4.457142857142857,1,SP
602044f2c16190c2c6e45eb35c2e21cb,0.22857142857142856,35,2.945945945945946,1,SP
2709af9587499e95e803a6498a5a56e9,0.42857142857142855,35,2.9166666666666665,2,SP
381c83fdca332ea6afd896da20bf6e4a,0.05714285714285714,35,4.4,2,PR
bd4889b5e9133b35b66e42a8665cea5c,0.0,34,4.529411764705882,1,SP
5a93f3ab0ef4c84ed5e1b5dbf23978bc,0.0,34,4.828571428571428,2,SP
99a54764c341d5dc80b4a8fac4eba3fb,0.20588235294117646,34,3.5428571428571427,2,SP
bccf933e006e9b94a6184af782963e77,0.029411764705882353,34,4.617647058823529,1,SP
4c03b9dd4c11ee2cb35c96c49efc9420,0.029411764705882353,34,4.147058823529412,1,SP
835f0f7810c76831d6c7d24c7a646d4d,0.2647058823529412,34,3.2222222222222223,2,SP
ff1fb4c404b2efe68b03350a8dc24122,0.11764705882352941,34,4.088235294117647,5,SP
56642bcb79900e777d68e91915cb4267,0.20588235294117646,34,3.6470588235294117,2,SP
33a17d60c64393351ebf1ef860f4e0f2,0.029411764705882353,34,4.705882352941177,1,RS
276677b5d08786d5dce7c2149dcce48b,0.08823529411764706,34,3.914285714285714,6,MG
4c498c7345e89aebad651544829beca0,0.11764705882352941,34,4.371428571428571,2,SP
20cb7c2fde3e5bf10f0bbe7394e1c6a9,0.12121212121212122,33,3.764705882352941,1,PR
b32be1695eb7ec5f10f72d9610a12527,0.06060606060606061,33,4.323529411764706,4,RS
09f952a5f58d2285b0372551ae8f9b01,0.06060606060606061,33,4.0606060606060606,2,SP
db2956745b3a8e9f3785c99f34b5d25e,0.09090909090909091,33,3.8484848484848486,1,SP
f789d2c4f2c2eb38fc4373e7a4b35264,0.030303030303030304,33,4.303030303030303,2,MG
9add47bf45ce8e8c7db6b9cf670b1e09,0.030303030303030304,33,4.382352941176471,6,PR
d650b663c3b5f6fb392b6326366efa9a,0.06060606060606061,33,4.4411764705882355,2,SP
25cf099de44674fde97473224f9d59ab,0.030303030303030304,33,4.393939393939394,1,SP
6338ea67c41078a46ad99cc009654956,0.0,32,4.5625,1,RS
efcd8d2104f1a05d028af7bad20d974b,0.03125,32,4.375,1,SP
cb3dd9ce66268c7a3ca7241ac70ab58c,0.0625,32,4.1875,2,SP
3c03b12bab54d8b37d79d914bfdb1aa0,0.1875,32,4.0,2,RJ
c66dccfb3f109511246da627dd5a2498,0.03125,32,4.515151515151516,2,SP
325f3178fb58e2a9778334621eecdbf9,0.0,32,4.46875,3,SP
02f623a8eb246f3c5f7c2f96462654e6,0.06451612903225806,31,4.838709677419355,2,SP
78c99c6dff4eeae5be99bf635ed21e3f,0.0967741935483871,31,4.67741935483871,1,SP
b18dc380845b24038cfc48006478f099,0.06451612903225806,31,4.176470588235294,1,SP
bf3c6d2a28b2b5501e6c15448982dcc9,0.03225806451612903,31,4.483870967741935,2,SP
ea566164622c6b439516ab18062c42cd,0.1935483870967742,31,3.6774193548387095,8,SP
6b3bd31ad8fcda4b2635ec9f3ff2ecdf,0.0967741935483871,31,3.84375,1,RJ
23d7c96d4a1160db1c726b248601b25a,0.06451612903225806,31,3.90625,9,SP
c013e57c075a06e5b5c48ee03c525719,0.03225806451612903,31,4.354838709677419,1,SP
382229d1e840115ffe3dbf5ff460e417,0.12903225806451613,31,4.28125,9,RJ
3504c0cb71d7fa48d967e0e4c94d59d9,0.0,31,4.709677419354839,4,SP
abcd2cb37d46c2c8fb1bf071c859fc5b,0.03225806451612903,31,4.53125,1,MT
2a1348e9addc1af5aaa619b1a3679d6b,0.1935483870967742,31,3.212121212121212,10,MG
daeb5653dd96c1b11860f72209795012,0.0967741935483871,31,4.15625,8,MG
c847e075301870dd144a116762eaff9a,0.0967741935483871,31,4.32258064516129,3,MG
45d33f715e24d15a6ccf5c17b3a23e3c,0.12903225806451613,31,4.121212121212121,11,SP
ede0c03645598cdfc63ca8237acbe73d,0.2903225806451613,31,3.6875,2,SP
6481e96574816ead57975da2c0f6d80d,0.03333333333333333,30,4.266666666666667,5,SP
c9aafcd0621b2207c10e32c649cada4d,0.06666666666666667,30,3.914285714285714,1,SP
2d50d6282f8aa2257819a77bfaa0efe0,0.13333333333333333,30,3.84375,3,SP
dc8798cbf453b7e0f98745e396cc5616,0.1,30,3.2285714285714286,3,SP
0ffa40d54288e4f3499b8780dd0f144f,0.13333333333333333,30,4.466666666666667,2,SP
5160d23075764e18e07c1f4a87fad743,0.03333333333333333,30,4.6,1,SP
d23019c84ffae2d5ef2270367b8605fc,0.03333333333333333,30,4.5,1,PR
afe0067131b73e40875c9b6c10bd2e21,0.06666666666666667,30,4.387096774193548,1,MG
3586b8580d9c917874e053a1bb37b5ff,0.03333333333333333,30,4.666666666666667,2,SP
acce39e832338debb07b02385cde5967,0.0,30,4.633333333333334,2,MG
abe42c5d03695b4257b5c6cbf4e6784e,0.16666666666666666,30,4.066666666666666,2,RJ
a3dd39f583bc80bd8c5901c95878921e,0.03333333333333333,30,4.633333333333334,1,BA
ef990a83bbea832f36ebe81376335aa8,0.3333333333333333,30,3.6666666666666665,2,SC
272f092de69afedd4d2969440b37f18f,0.0,30,4.166666666666667,4,SP
406822777a0b9eb5c50e442dd4cd3ec5,0.06666666666666667,30,4.466666666666667,2,SP
002100f778ceb8431b7a1020ff7ab48f,0.13333333333333333,30,4.032258064516129,1,SP
aae3bfea055532c57fb453ed3ec80b30,0.0,30,3.466666666666667,1,SP
1da366cade6d8276e7d8beea7af5d4bf,0.1,30,3.966666666666667,3,MG
3340ef1913fb70d28420f6ceb685c339,0.06896551724137931,29,4.344827586206897,1,PR
d66c305afaec317ebee552073a674429,0.034482758620689655,29,4.548387096774194,8,MG
d1b65fc7debc3361ea86b5f14c68d2e2,0.06896551724137931,29,4.586206896551724,2,SP
b56906f7fd1696e043f1bcce164c487b,0.06896551724137931,29,4.0,2,SP
bacb1f0ed56ad24198f5810d2b3fe9a5,0.034482758620689655,29,4.129032258064516,3,SP
b8bc237ba3788b23da09c0f1f3a3288c,0.034482758620689655,29,4.413793103448276,1,SC
0ebd97a106433a45a4aebe57c1799778,0.0,29,4.517241379310345,1,MG
f181738b150df1f37cb0bd72e705b193,0.06896551724137931,29,4.689655172413793,3,SP
7202e2ba20579a9bd1acb29e61fe71f6,0.0,29,3.6129032258064515,2,SP
3d8fa2f5b647373c8620330c4e077a9f,0.034482758620689655,29,4.133333333333334,5,SP
1d4587203296c8f4ad134dc286fa6db0,0.034482758620689655,29,4.517241379310345,1,SP
232a6014e7b10cba61c6c2b2ea6bb4b0,0.06896551724137931,29,4.172413793103448,1,SP
01fd077212124329bac32490e8ef80d9,0.034482758620689655,29,4.275862068965517,7,SP
817245bcc3badd82bbd222e0366951a6,0.034482758620689655,29,4.066666666666666,1,SP
7f7b8245c336066a1f9933c359f11d77,0.034482758620689655,29,4.620689655172414,8,SP
d1ef48b38baca7e831711c4a0aeb398f,0.13793103448275862,29,4.466666666666667,6,PR
b17b679f4f5ce2e03ce6968c62648246,0.10714285714285714,28,3.6666666666666665,1,SP
3361277dc30b7cccdb0c286b24219756,0.07142857142857142,28,4.357142857142857,3,PR
34d1ca11b242c0fee2c834ae8d788566,0.0,28,4.535714285714286,1,MG
8b2492b7ff4468839593fafeed55bad9,0.14285714285714285,28,4.214285714285714,1,RJ
b74d1c09cb380e1d03a6f859c6f4224b,0.07142857142857142,28,4.392857142857143,4,RJ
4200ddf1967c5e41e48db62bc6d4b5ac,0.0,28,4.285714285714286,1,SP
75fbb52eda0cbc24f479d3b2fbfa8d3e,0.03571428571428571,28,4.5,1,GO
14d7985702e72162bbf13b6beb74ab2b,0.10714285714285714,28,4.571428571428571,1,SP
cee48807215b30a12ca2ca10ffb5f250,0.14285714285714285,28,3.857142857142857,2,SP
b39d7fe263ef469605dbb32608aee0af,0.0,28,4.068965517241379,1,SP
23c38debaffe4a25a30fdbd9b586a13f,0.14285714285714285,28,4.5,4,SP
e2aee0892199b1d92530e371abd825bf,0.14285714285714285,28,3.689655172413793,4,PR
48efc9d94a9834137efd9ea76b065a38,0.0,28,5.0,8,PR
5f3ae9136c875522250f8184f253413a,0.03571428571428571,28,4.785714285714286,2,SP
fde0cc9ea29c8ccfc0a2c22256a58c71,0.03571428571428571,28,4.571428571428571,3,PR
d3f39f05462b79a4562d35893a28f159,0.17857142857142858,28,3.4827586206896552,2,SP
83deb69e889cf80f82be1dc6d5f2d486,0.07142857142857142,28,4.321428571428571,1,SC
18e694e0e48ed6f7aa3f24aade5fd697,0.03571428571428571,28,4.678571428571429,3,SP
31344c16881c08a8a72c6d2eb29918c1,0.07142857142857142,28,4.482758620689655,1,MG
3f3486b61f45078d4f31ee5e43d8c5bb,0.17857142857142858,28,4.379310344827586,3,SP
dd55f1bb788714a40e7954c3be6df745,0.14814814814814814,27,3.888888888888889,6,SP
b839e41795b7f3ad94cc2014a52f6796,0.037037037037037035,27,4.074074074074074,3,SP
11305281b50fff20ae8bb473f8e11876,0.07407407407407407,27,4.555555555555555,6,MG
b410bdd36d5db7a65dcd42b7ead933b8,0.0,27,4.75,1,GO
834f8533b2ecb6598dd004ff3de7203a,0.25925925925925924,27,3.6785714285714284,5,SP
916748bc99315c2d202898ae58b1617e,0.0,27,4.37037037037037,3,SP
14a08204d03bb6b6bde8029f801ae0eb,0.0,27,4.074074074074074,6,SP
240b9776d844d37535668549a396af32,0.037037037037037035,27,4.392857142857143,4,RJ
2089a6d640999f9b9141ac719b2af596,0.18518518518518517,27,3.7,3,SP
b94cc9f10ddc85e4ba73a6f7974e7101,0.037037037037037035,27,4.37037037037037,2,RJ
4bfc7a4a1cf8d4d2121c27422d9e50b5,0.037037037037037035,27,4.148148148148148,1,SP
43f8c9950d11ecd03a0304a49e010da6,0.037037037037037035,27,4.7407407407407405,1,SP
070d165398b553f3b4b851c216b8a358,0.14814814814814814,27,3.7857142857142856,1,SP
6061155addc1e54b4cfb51c1c2a32ad8,0.037037037037037035,27,4.7407407407407405,2,SP
0176f73cc1195f367f7b32db1e5b3aa8,0.1111111111111111,27,4.185185185185185,1,SP
0cbcee27c791afa0cdcb08587a2013a8,0.07407407407407407,27,3.9285714285714284,2,MG
96804ea39d96eb908e7c3afdb671bb9e,0.0,27,3.8214285714285716,5,MG
e8f6dc8e6a1dcde89d20e3995c8d90b3,0.0,27,3.6551724137931036,7,SP
e96498ed8daaa3e9c23f7a62da76591c,0.15384615384615385,26,4.038461538461538,1,SP
26d8a1c7c75d513045798992ead43aa2,0.038461538461538464,26,4.2592592592592595,2,PR
49067458c68f7701fd334ce326accbe0,0.11538461538461539,26,3.5,2,MG
32b8764b4ef628b53608fc34011fcc13,0.11538461538461539,26,4.5,1,SC
ba90964cff9b9e0e6f32b23b82465f7b,0.038461538461538464,26,4.6923076923076925,4,SP
45ba18c210d42734ec52c0c1c574e9ee,0.0,26,4.214285714285714,7,SP
58f1a6197ed863543e0136bdedb3fce2,0.0,26,4.071428571428571,3,MG
95ec4458365c4d11f452ccf538377619,0.0,26,4.269230769230769,3,SP
1771297ac436903d1dd6b0e9279aa505,0.04,25,4.76,3,SP
a2e874074c877c5a05abae80ad6e488f,0.0,25,3.962962962962963,4,SP
6a0cbc8af2e8abd1bdfb777943d174c6,0.12,25,4.2,2,SP
d5ba419e26d246a0719437cf37d9b46d,0.12,25,3.9615384615384617,1,SP
5cbbd5a299cab112b7bf23862255e43e,0.0,25,4.48,4,PR
63b464dbf392c7b80d12d932fa7cafed,0.08,25,3.6923076923076925,1,SP
3c4e0452bff7a2a788179488d3d77032,0.0,25,3.92,2,PR
718539d38d07dd351c76db862760e2e2,0.0,25,4.407407407407407,2,SP
c60b801f2d52c7f7f91de00870882a75,0.24,25,3.576923076923077,4,SP
e9511df20ccd82658a30c37b7fb343af,0.0,25,4.48,2,SP
ad420dd0c4f92f8af951ac24b86d0cf5,0.0,25,4.36,1,MG
4559697a8f7e637227c2eeaed843baff,0.08,25,4.111111111111111,3,SP
cc5a78bbad32776dc4e3af205218368c,0.04,25,4.44,3,MG
e63e8bfa530fb16910dd6956e592bb81,0.08,25,4.6,2,SP
1ce3ae5a399804d1a87e706f8a813c3e,0.12,25,3.84,1,SC
42bde9fef835393bb8a8849cb6b7f245,0.04,25,4.115384615384615,3,DF
dd533b429f380718b70ad9922c294bae,0.08333333333333333,24,3.8461538461538463,2,SP
02f5837340d7eb4f653d676c7256523a,0.041666666666666664,24,4.791666666666667,1,PR
adcf50477d6a1f5d91bb9d54c4903cb5,0.16666666666666666,24,3.3461538461538463,4,MG
bb135baca94c82fcb731335ad5b04a03,0.0,24,2.75,4,SP
ed4acab38528488b65a9a9c603ff024a,0.041666666666666664,24,3.96,4,SP
0ed6ce5d87fd9c69eaacaeb778d67235,0.125,24,4.68,4,SP
e38db885400cd35c71dfd162f2c1dbcf,0.125,24,4.75,1,DF
72c5da29406b4234927b81855e7b64f6,0.041666666666666664,24,4.5,2,SP
671585f5a2af58b6e276bc01003c0d2b,0.0,24,4.708333333333333,1,PR
b90e891671cffd9557f33a97dc523645,0.0,24,4.208333333333333,2,PR
3fd1e727ba94cfe122d165e176ce7967,0.16666666666666666,24,3.92,1,SP
55a5b51f93f2b70ea513f5a047b0262a,0.0,24,4.5,1,MG
1caf283236cd69af44cbc09a0a1e7d32,0.125,24,4.583333333333333,4,RJ
0bb738e4d789e63e2267697c42d35a2d,0.041666666666666664,24,4.541666666666667,2,SP
65febd49fd28ec955651299159b1f527,0.08333333333333333,24,4.52,1,SP
28f10b1c5e5abb9d4857745bede6147c,0.25,24,4.083333333333333,3,SP
5b8154610ebb21fb90eb587365e673df,0.16666666666666666,24,4.375,3,SP
ad781527c93d00d89a11eecd9dcad7c1,0.2916666666666667,24,3.107142857142857,1,SP
d93919c944be9cff128f6c9cb899eacb,0.125,24,4.25,1,SP
c8b3445d737de6befde0c88ede534a5e,0.043478260869565216,23,4.3478260869565215,2,SP
e49c26c3edfa46d227d5121a6b6e4d37,0.0,23,4.416666666666667,5,PE
2bf6a2c1e71bbd29a4ad64e6d3c3629f,0.13043478260869565,23,4.130434782608695,1,RJ
7b0df942f46435babab05d49b744b2c4,0.08695652173913043,23,4.565217391304348,2,SP
b2ac621f0d0322434d04a12b078b9369,0.043478260869565216,23,4.608695652173913,2,PR
2b1a40c1daabc6ca280c4b815c101841,0.043478260869565216,23,3.75,1,MG
1b938a7ec6ac5061a66a3766e0e75f90,0.043478260869565216,23,4.416666666666667,6,SP
40d54b51e962dbe09cabbcfd33298dee,0.0,23,3.782608695652174,2,SP
3ab971ce71839580d2ae5b4e40fe8044,0.08695652173913043,23,3.869565217391304,2,SP
e0878efa0e0b7e5313ac0b43bc04c081,0.17391304347826086,23,3.5652173913043477,2,PR
594f9aaa48e5bf431f011ddc5669b0d5,0.043478260869565216,23,4.521739130434782,5,MG
ccf8813e5a7d6c84d865cd38bfc2b130,0.043478260869565216,23,4.391304347826087,2,SP
33ac3e28642ab8bda860a2f693000e78,0.0,23,4.3478260869565215,2,SP
9baf5cb77970f539089d09a38bcec5c3,0.0,23,4.416666666666667,8,SP
99002261c568a84cce14d43fcffb43ea,0.043478260869565216,23,3.782608695652174,2,MT
b1ac6ea7895bc3dd6f0f6f4abbdd2821,0.0,23,4.1923076923076925,1,RS
974cf2cb8f4b7add98709c30df02fe10,0.043478260869565216,23,4.2,2,SP
f62d7bb4a613ec758a03342d46b580b2,0.09090909090909091,22,4.454545454545454,2,MG
31561f325664a8a7aba4c8d0c3a9b3db,0.045454545454545456,22,4.681818181818182,2,SP
8931a84a914b3fe9b1ddaa4d704947ca,0.18181818181818182,22,4.045454545454546,1,SP
cd6efc47efaabf134f8bdb654e10b4f1,0.09090909090909091,22,4.363636363636363,5,RJ
30829ded4523ab9224b93bc49a62c95f,0.045454545454545456,22,3.772727272727273,1,RS
8fdca8e349553f99bc738833a62c8802,0.045454545454545456,22,4.363636363636363,3,SP
845e8036c3f7bf62099352f5ed910240,0.0,22,3.772727272727273,2,RJ
cc3d14116804f7209f3884f6367f1152,0.0,22,4.681818181818182,3,PR
71039d19d4303bf9054d69e9a9236699,0.2727272727272727,22,3.6363636363636362,3,SP
c6381d2d013342748761e906d45aff76,0.0,22,2.8636363636363638,2,RS
323ce52b5b81df2cd804b017b7f09aa7,0.09090909090909091,22,4.391304347826087,2,SP
f63d8f293af3a6454377546bd9dd19ff,0.18181818181818182,22,4.045454545454546,2,SP
f67efa3f0b6761102a7f8c6b7b571f5d,0.0,22,4.590909090909091,3,PR
bf00385a5f7fc1ef39a13c2e9ee50a5f,0.0,22,4.304347826086956,5,SP
c8417879a15366a17c30af34c798c332,0.0,22,3.869565217391304,2,SP
f326006815956455b2859abd58fe7e39,0.0,22,4.7272727272727275,3,SP
3c487ae8f8d7542beff5788e2e0aea83,0.045454545454545456,22,3.6818181818181817,1,DF
b4a476fbd28de64b1e347abf9089366a,0.09090909090909091,22,3.68,2,SP
dfc5fb7259bb2b599ca565e6e9448f0f,0.09090909090909091,22,4.363636363636363,2,SP
6a51fc556dab5f766ced6fbc860bc613,0.045454545454545456,22,3.7916666666666665,5,SP
5c853bb56f70f4d14218944bae111d7a,0.0,22,4.318181818181818,2,SP
013900e863eace745d3ec7614cab5b1a,0.0,21,4.761904761904762,3,PR
bba74270a87732727b5a3b4fd9ac1c39,0.0,21,3.9047619047619047,3,MG
575df70bde3f9f2b30bf8d2e9910d725,0.09523809523809523,21,4.142857142857143,4,SP
55d3daac7c404d59e51c2aa2f4dc5a23,0.0,21,4.190476190476191,3,SP
0725b8c0f3f906e58f70cbe76b7c748c,0.14285714285714285,21,3.590909090909091,3,SP
bf84056e679dbe9c69929847a40e338f,0.047619047619047616,21,3.9047619047619047,1,SP
1f1bb1f0859883505541bdd6606193e5,0.14285714285714285,21,4.428571428571429,3,SP
c0563dd588b775f2e37747ef6ad6c92c,0.14285714285714285,21,4.333333333333333,1,SP
8d79c8a04e42d722a75097ce5cbcf2ef,0.19047619047619047,21,4.363636363636363,1,CE
157c3e4b42f81ac4a44e8b1ca2fe9876,0.09523809523809523,21,4.190476190476191,2,SP
1dc2de47ee26a0a5b12dc14fd6dc0dea,0.09523809523809523,21,4.619047619047619,1,SP
2a6fbeaa7ab9e5d59a35841a8da71ce4,0.047619047619047616,21,4.095238095238095,3,SC
ec8879960bd2221d5c32f8e12f7da711,0.09523809523809523,21,4.7727272727272725,1,SP
5d3bb11474a06bdc23fb9e89f1164ee0,0.047619047619047616,21,4.0476190476190474,5,SP
15aac934c58d886785ac1b17953ea898,0.09523809523809523,21,4.380952380952381,11,ES
2e13c71026e1a39ba5cc1b86dcb679aa,0.047619047619047616,21,4.380952380952381,1,SP
af4a0e4cfe1d9c26b6712b1be25a72e5,0.09523809523809523,21,3.9047619047619047,3,MG
73a63f72308aa20a46f4b1632018f196,0.0,21,4.16,4,PR
02ecc2a19303f05e59ce133fd923fff7,0.0,20,4.65,3,SP
cac876b37d3abcd6bd76caca30277996,0.2,20,4.55,5,PR
4b5f66b7adcf57f1ecc0d3c07dd6b177,0.0,20,4.2,1,PR
66e0557ecc2b4dbea057e93f215f68d8,0.3,20,4.190476190476191,1,SP
31da954dc0855f2495c6310f70a2f931,0.05,20,4.4,2,SP
d97df38225e5abadaff1e72cb72b823c,0.1,20,4.2,1,SP
1464afc72f696af775557a821c2e253f,0.0,20,4.4,2,RJ
3f995f07c49d0d55a99d5c54957f7d81,0.05,20,4.2,2,SP
5b179e9e8cc7ab6fd113a46ca584da81,0.05,20,3.35,3,SP
2745f798279e0ed033addcc1474776d7,0.1,20,4.2,1,SP
06df0c10d34e459d9672bc77388742eb,0.05,20,4.5,1,PR
94e93ce877be27a515118dbfd2c2be41,0.0,20,4.0476190476190474,6,SP
cea729054f157f5870bdd321a958d994,0.0,20,4.4,2,SP
821fb029fc6e495ca4f08a35d51e53a5,0.3,20,3.4166666666666665,3,SP
6ec1a01e866584bb679eb9b098345919,0.15,20,4.190476190476191,2,SP
ec4608a1f76453166bb312b2968aeaf4,0.15,20,2.576923076923077,1,SP
6e386f64c84e482f0b9abf960797ee1b,0.05,20,4.6,1,SP
ed4311e67debd72b8610a5347a743087,0.05,20,4.45,1,SP
4ebdc7e6cd6102a022dadc49156d4ea8,0.05,20,3.6,3,SP
8bd0f31cf0a614c658f6763bd02dea69,0.0,20,4.4,3,SP
d624126b9206f595fb3fbb6ba03b28a8,0.0,20,4.7,2,PR
d379f449f2a3b271bc01c0782020f705,0.05,20,3.7,3,MG
850913d59ce317156b00f3705f1c3edb,0.2,20,3.272727272727273,2,SP
b18871c324516afa228a13e8f1ef0ae9,0.0,20,4.2,1,SP
ea67327e24487bdfac5fbfa37ea124df,0.0,20,3.55,1,SP
c8467937e403e76a8ee9f0ab13f6f5ef,0.05,20,4.15,1,MG
334cab711dee080b079fa5779b584783,0.0,20,4.95,1,SP
5b664594895aefb418afaee6d40a9a23,0.0,20,3.7,3,RJ
4bf2f4ee540798a61f9636d12cd9cc80,0.0,20,4.15,2,SP
ffc470761de7d0232558ba5e786e57b7,0.0,19,4.894736842105263,7,SP
916c9de0b5ad957346eeeb12f332687e,0.0,19,4.45,1,PR
38e679b9e0064cd94c6f035707344dae,0.05263157894736842,19,4.05,2,PR
a938325a4b357fd23a6a4d5bb126408e,0.0,19,4.105263157894737,1,RJ
8c5e007d7bd5693fa1386ffefbc99f6c,0.0,19,4.368421052631579,1,SP
10076e5788b8ee532724bcd460baf762,0.05263157894736842,19,4.631578947368421,2,SP
5c6d4016c2a288f074fa0848a2b653d2,0.0,19,4.25,4,SP
edf96ef93ed595084bbcbd9224bd2894,0.0,19,3.789473684210526,2,SP
b335c59ab742f751a85db9c411a86739,0.10526315789473684,19,4.0,3,MG
1a932caad4f9d804097d7f8e615baed1,0.15789473684210525,19,3.789473684210526,1,SP
7901646fdd36a55f564ffaf2dbccaaf7,0.15789473684210525,19,4.526315789473684,2,RJ
2199e7fe213c16213bf5d6a7eadc9a5d,0.0,19,4.5,7,SP
39d54ff918774174706fb065d7f9dc07,0.10526315789473684,19,4.105263157894737,1,SP
e883aa812c37a7413226856f4579fe91,0.05263157894736842,19,4.0,5,SP
7ecd59e5e20407131822c1a68ac59c1f,0.10526315789473684,19,4.578947368421052,1,DF
e8b4225284fbb02d16f200513f1f395d,0.10526315789473684,19,4.4,1,SP
4a1f694197d05fe70026b016a7316b41,0.0,19,4.368421052631579,2,SP
5f5b43b2bffa8656e4bc6efeb13cc649,0.05263157894736842,19,4.368421052631579,3,SP
f615fe7efbef0f4f08fd3086bc7a3e60,0.10526315789473684,19,4.421052631578948,3,SP
6a8a889bde935bafa76d7848782dfaf9,0.05263157894736842,19,4.2631578947368425,2,SP
93dc87703c046b603023e75222018b45,0.05263157894736842,19,3.95,3,MG
7ade73f1b9b4e965f9009a4c3a7e2c15,0.0,19,4.947368421052632,5,SP
33576ec5412fb5905d876f12f33bfde6,0.05263157894736842,19,4.2631578947368425,1,PR
093805f8f2aeb63881444571e1f48f30,0.05263157894736842,19,4.0,1,SP
3ade81dab5a172b88e1871c28ae05260,0.05263157894736842,19,4.5,2,SP
c731d18cea9bf687ffee82a241c25b11,0.0,18,4.055555555555555,4,SC
4917cee8d902e13428c3ec4b1ca6f315,0.05555555555555555,18,4.052631578947368,2,SC
7e26c750b4cb9f6766f58265ff9ebe95,0.0,18,4.777777777777778,2,MG
e6a69c4a27dfdd98ffe5aa757ad744bc,0.0,18,3.772727272727273,4,SP
e06f09ec0a4aca210779cf1cfc63cf19,0.1111111111111111,18,4.0,7,SP
244c2f1bff6afe1f2eaf9bfe9b2aed38,0.2222222222222222,18,3.888888888888889,1,SP
238fac594e170b59c6d228f5a4f4f1d9,0.1111111111111111,18,4.222222222222222,1,SP
3771c85bac139d2344864ede5d9341e3,0.1111111111111111,18,3.5555555555555554,2,SP
d9442042130b7fe579d1295f9f4a248f,0.05555555555555555,18,4.166666666666667,5,SP
57c764b4a836300be881e2ff86e449f9,0.16666666666666666,18,3.9473684210526314,3,SP
198c7ea11960a9844b544d9bcdca860c,0.16666666666666666,18,3.7777777777777777,2,MG
e5e33c0d8e7e002f398f5dc4cbbb338f,0.1111111111111111,18,4.526315789473684,2,SP
8090490573c6c0aa343a7231ebcb8c86,0.1111111111111111,18,4.166666666666667,4,SP
6426d21aca402a131fc0a5d0960a3c90,0.05555555555555555,18,4.277777777777778,4,SP
d4e12e7884759a14fa0f5f896c791cae,0.1111111111111111,18,4.555555555555555,1,SP
f00e21b1e91a79653163b7fd8f293ff1,0.0,18,4.222222222222222,3,SP
8cc6a0e5738e61a87b03c78b2ba9db4b,0.1111111111111111,18,4.611111111111111,6,MG
1dfe5347016252a7884b694d4f10f5c4,0.3333333333333333,18,3.2222222222222223,2,SP
343e716476e3748b069f980efbaa294e,0.0,18,4.157894736842105,1,SP
6b536a23086fba0d58c08d68814397f6,0.05555555555555555,18,4.157894736842105,2,RJ
d71d863e5ef30d94e440c11be17dcd8f,0.1111111111111111,18,3.3333333333333335,5,SP
df560393f3a51e74553ab94004ba5c87,0.1111111111111111,18,4.052631578947368,2,PR
7c5b05cbdb5542049f38d90d7815b97d,0.05555555555555555,18,4.2631578947368425,1,SP
fb89df7f89fd1b8f03fa2acca1ba7364,0.05555555555555555,18,4.055555555555555,1,PR
5bffbafbb22daf6d3bfc216a46db8708,0.0,18,4.833333333333333,3,RJ
e250d617a0ad591ba9bd663e584a895d,0.0,18,2.888888888888889,1,SP
f0837c8d71434931d9e38e7b79234797,0.05555555555555555,18,4.833333333333333,1,RS
5debea795b07621e1f90532e18f96145,0.0,18,4.333333333333333,1,PR
6d988d6174a2c27441597174f8905515,0.1111111111111111,18,4.222222222222222,2,PR
4e5725ba188db8252977a4f0227bd462,0.3888888888888889,18,3.388888888888889,2,SP
77a515caa36327151d1cc6c32a9f00e1,0.1111111111111111,18,4.388888888888889,1,SP
411f3b52d857390502ee4e4d5ceabc2d,0.16666666666666666,18,4.055555555555555,3,SP
1fe5540d7c1c37a595fefbacd5570d9e,0.0,17,4.470588235294118,1,RJ
ff69aa92bb6b1bf9b8b7a51c2ed9cf8b,0.23529411764705882,17,3.823529411764706,2,SP
977f9f63dd360c2a32ece2f93ad6d306,0.11764705882352941,17,4.0,1,SP
730937bf88cb151eb2eb849f642fc213,0.0,17,4.411764705882353,1,SP
960945e1a9535cbc0cd6ddd35fbe7ae8,0.0,17,4.764705882352941,3,SP
e24d3429d294b2eb200b064ebb035879,0.0,17,4.294117647058823,1,SP
5670f4db5b62c43d542e1b2d56b0cf7c,0.058823529411764705,17,4.411764705882353,1,SP
e7df4cd29ab5abab70fb0783ddb53987,0.17647058823529413,17,4.294117647058823,3,SP
f12ff17ad8bbf01ec5c33b17e506649b,0.11764705882352941,17,4.176470588235294,1,SP
b347677812ea483b0f528eaf8cbc09b7,0.0,17,4.529411764705882,2,PR
a3f0b55de503387383c7b1de3ad7f678,0.058823529411764705,17,4.529411764705882,2,PR
2e1a7d075abe038c1b2743005fe42ff1,0.29411764705882354,17,3.611111111111111,2,SP
17306570e772e7718c92a562d33f5f1d,0.11764705882352941,17,3.3684210526315788,2,SP
f61c63d13f7cd800549d5acdd390ae72,0.058823529411764705,17,4.0588235294117645,4,SP
f593898ec748b7a8cb81fc04edafd98a,0.23529411764705882,17,3.5,5,SP
ce69a8021d18961dd2a40269b7c2c293,0.058823529411764705,17,4.470588235294118,4,PR
b83cedfb587e7911540e3f576d6917ce,0.058823529411764705,17,4.352941176470588,2,SP
8ab42aa58097fd4668d60cc648225d5f,0.0,17,4.529411764705882,1,GO
52f9db5cfb423382a2fa5c9e39303202,0.0,17,4.166666666666667,4,SP
ef2fbc2b607d8492bcffe657a4645434,0.058823529411764705,17,3.8823529411764706,5,RJ
f918546be4bec7104d117789ba758b2b,0.17647058823529413,17,3.823529411764706,1,SP
0885aaf116795758dfeb5f1032487bcd,0.058823529411764705,17,4.352941176470588,2,SP
4aba391bc3b88717ce08eb11e44937b2,0.058823529411764705,17,4.222222222222222,1,BA
b2a6d334e2833acea353624840e25a0e,0.0,17,4.588235294117647,4,SP
271c58a1d139c45eaf3316107c6d3a3b,0.058823529411764705,17,4.235294117647059,1,SP
3785b653b1b82de85ab47dd139938091,0.0,17,4.823529411764706,1,PR
41c2bad7229b0c25e6becf179ebf63ff,0.0,17,5.0,1,RN
e99e927c81e3f51739c94fcdfca9f10f,0.25,16,3.875,3,MG
373ee4a3a775a733770ca3f790b8b9ac,0.0625,16,3.875,4,RJ
5b67882648febfb6e1225e6ad7164f6b,0.0625,16,3.9375,1,PR
df56d7b40d437f88407c5f78b63bc328,0.0,16,4.125,1,PR
f41ce2e25237f9092cd8e6e7516c7a2f,0.0,16,4.411764705882353,4,SP
b4f8921fcc4ff77b66bea6dda43dcd51,0.0625,16,4.5,1,RS
ddd51ae8cda92f3995a51fc0f0f3eec7,0.0,16,4.875,1,RJ
888faa8bfb0b159c37de6d898b961c31,0.0,16,3.875,7,SC
412a4720f3e9431b4afa1476a1acddbe,0.0625,16,4.3125,3,SP
41da412d33e8da4f22baf55cb1bde82c,0.0,16,4.75,1,ES
e48b04bf1aa1ef711caebeb7aede6180,0.0,16,4.3125,3,PR
a36b125ac6d5fdbc7f50de85c9157bdc,0.0625,16,4.0,3,SP
bd697db56ff8e7c9cd1abeb7f72029b2,0.0,16,4.294117647058823,1,SP
9bcdfa7b615b3abb9461d9e3ad9886ae,0.0625,16,4.5625,1,SC
23a0ffca143a15b9b5bbdb7d552f626a,0.1875,16,3.9375,2,SP
fad44952713764836814be105382aee5,0.0625,16,4.625,1,RJ
e84ad2127668df3aafc6b73531a0beb8,0.0625,16,4.375,2,SP
e89c4adbe7b1d0819dbb636e16461cf1,0.1875,16,3.875,1,SP
3d5d0dc7073a299e31fa718ce1bc00b6,0.1875,16,4.111111111111111,6,RJ
13d058e4eeac2ce8217660b2f8a05812,0.1875,16,4.0625,1,SP
54c04bdb5ec46762f8f08c7e8f86ed4a,0.125,16,4.25,1,SC
7f2617c58d5d06806987308b45654351,0.0625,16,4.125,1,SP
07bf9669d84d1f11be443a9dd938f698,0.0,16,3.125,2,SP
3b872fd4747f01cc56206f2934198618,0.1875,16,3.75,1,SP
42ef3192a9ff87a22d1867b74b3ee205,0.0,16,5.0,4,SP
79ed755314cfe6df0daef2c6cd3022cd,0.0,16,4.8125,3,SP
6288c69c4ce638e59925e59193f98b16,0.0,16,3.9444444444444446,4,SP
3dbbce181edfaa4a597ec858c382d2ec,0.0,15,4.4,2,PR
2156f2671501a81034d7d07f217609d0,0.13333333333333333,15,3.8125,4,SP
59417c56835dd8e2e72f91f809cd4092,0.0,15,4.4,1,SP
7b1222c3624aa89b9558b50a2594188c,0.06666666666666667,15,4.733333333333333,3,SP
784ba75dd9d20200c4caed3d7a77141a,0.06666666666666667,15,3.4375,4,SP
42fa4ee7240e9b8eb4576358ec142ba7,0.0,15,4.8,3,RS
f5b44895715ddfe3087dc414f30268f3,0.06666666666666667,15,3.8666666666666667,1,SP
bc2ac6b95e1accce9858528ee566c17e,0.0,15,5.0,1,SP
638cba8be1fb599bbb76fd6948351eb3,0.0,15,4.684210526315789,2,SP
0afccdb8a34ee5c79f7c06faf2b4d56e,0.06666666666666667,15,4.266666666666667,1,MG
f76a3b1349b6df1ee875d1f3fa4340f0,0.26666666666666666,15,3.933333333333333,1,SP
3481aa57cd91f9f9d3fa1fa12d9a3bf7,0.0,15,4.133333333333334,2,SP
ce616e1913288884e7742faac9d981db,0.0,15,4.9411764705882355,1,SP
808d4348b916efa08e766ebad39f61eb,0.06666666666666667,15,4.8,1,SP
6562efe88ce0826a4ca4f189f03b4b84,0.0,15,4.125,1,PR
65b081a070633e057c462abdd6fb9dd8,0.0,15,4.333333333333333,1,GO
c35672b10ad50968f567ea3f4b91e877,0.06666666666666667,15,4.666666666666667,2,RJ
bc47d5d1490df2b36add65d733eafaba,0.13333333333333333,15,3.2941176470588234,1,SP
eb5b6204dde3a6e03b5f1bb8479f055b,0.06666666666666667,15,3.933333333333333,5,SP
b8555308bfdb4ca1ed54325a58da9a97,0.0,15,4.266666666666667,1,SP
6aa3928696eab49a19a466e665a649fd,0.0,15,4.466666666666667,1,RJ
f125f3a310c2e5f822d116147de1e474,0.06666666666666667,15,4.533333333333333,2,SP
681fce914360217db47784ae28905a96,0.13333333333333333,15,3.7333333333333334,2,PR
d8cf3b6a2151949f930d0252b180ec42,0.0,15,3.0,1,PR
9d5604a1f112324ad6b2aa552122e0fb,0.0,15,3.533333333333333,1,SP
af3ef48d0e13835e529c29ac573c63e5,0.06666666666666667,15,3.7333333333333334,2,SP
270297ead4c65a6cd2593960d2af6b21,0.0,15,4.2,3,SP
2646baaf662d4d92ac48f047e35db92d,0.06666666666666667,15,4.466666666666667,4,SP
9596c870880d900012f2e8e6e30d06d7,0.0,14,4.133333333333334,4,MG
0eaa7e33d73809f1f925f7d07c506cbd,0.0,14,4.714285714285714,2,SP
04aa0a1c5ce6b222003403a3e11c3cc0,0.07142857142857142,14,3.7857142857142856,2,SP
cfe94489ddd337d1e29e12f2a7205d10,0.2857142857142857,14,4.071428571428571,1,SP
e21a1e8be4715b0fcfd5385643bc49c4,0.0,14,3.642857142857143,4,SC
9803a40e82e45418ab7fb84091af5231,0.0,14,3.2142857142857144,5,GO
610f72e407cdd7caaa2f8167b0163fd8,0.07142857142857142,14,4.0,1,SP
054694fa03fe82cec4b7551487331d74,0.2857142857142857,14,3.142857142857143,4,SP
52d76513f0c4d97f3b99570e2c94ee31,0.07142857142857142,14,4.357142857142857,4,RS
52f0fe436a347ddad7ed5f9aa4e27eaa,0.07142857142857142,14,3.5,6,SP
c26a2be5b53b7db6b276280da212a779,0.0,14,2.7142857142857144,1,RJ
542917da124346b47ea1ac79a93ce454,0.07142857142857142,14,4.285714285714286,2,PR
fcdd820084f17e9982427971e4e9d47f,0.07142857142857142,14,3.2142857142857144,1,SP
a08692680c77d30a0b4280da5df01c5a,0.0,14,5.0,1,SP
d8c7ba53e7e38711eaef8c2849d6d2e1,0.0,14,4.785714285714286,3,PR
67bf6941ba2f1fa1d02c375766bc3e53,0.14285714285714285,14,4.25,2,PR
c1ed9e3daf6154542826a6996af0fb8c,0.35714285714285715,14,4.733333333333333,1,SC
7586919161935337bf6b6d7ff5779648,0.14285714285714285,14,3.0,1,RJ
bf100ecb7997df312b285358fb32f92c,0.0,14,4.714285714285714,3,PR
c12b92bf1c350f3e6bf88d3596219c86,0.0,14,3.7142857142857144,4,SP
d03698c2efd04a549382afa6623e27fb,0.07142857142857142,14,4.357142857142857,1,BA
7139dc5186aa238b006e066d8fbab2e4,0.14285714285714285,14,4.071428571428571,3,SP
4978a02ea9c8be7a9b5480680f40334e,0.0,14,3.2857142857142856,3,SP
dfc475d54e1b6dbeeb7d7d9bdaa63827,0.0,14,4.2,1,PR
f7496d659ca9fdaf323c0aae84176632,0.07142857142857142,14,4.357142857142857,3,SP
f9244d45189d3a3605499abddeade7d5,0.0,14,4.714285714285714,3,SP
094ced053e257ae8cae57205592d6712,0.0,14,4.0,2,SP
b494891378bd8f4560abe576c52deacd,0.14285714285714285,14,4.857142857142857,3,SP
c72de06d72748d1a0dfb2125be43ba63,0.0,14,4.5,3,BA
33c51922b6e3c16b24a8f28e5833c99d,0.07142857142857142,14,4.285714285714286,4,PR
82bd0703a4aefd6b599e5bfdaed378fb,0.0,14,3.7142857142857144,3,SP
89bc797e2e29667aa035d4368f9b7f92,0.21428571428571427,14,3.6666666666666665,1,SP
1c40343cc5d18c2d8248ac2f3366de34,0.14285714285714285,14,4.857142857142857,6,SP
1430239a858e7682bbc43b20758af153,0.0,14,4.142857142857143,3,SP
30a81d8cf85fb2ada1b1b094c9583a95,0.0,14,4.785714285714286,1,SP
87d30a6a0cbf89356e49324971ab1d24,0.0,14,4.5,1,SP
a5a1bfcf728ab0e19182959cf0771ee4,0.07142857142857142,14,4.357142857142857,2,SP
0d33a55da925bbf1ff02af5f6059fc7f,0.07142857142857142,14,4.571428571428571,4,SP
d3674f271c91f824f82d24d92011f669,0.14285714285714285,14,4.0,2,DF
00720abe85ba0859807595bbf045a33b,0.07142857142857142,14,3.7857142857142856,1,SP
d25aa0aaacb370e912f8cf6efeba38b3,0.0,13,4.769230769230769,2,SC
ca4b77513ac2040591b0d8fae6958380,0.15384615384615385,13,4.461538461538462,1,SP
5bc55dbe2f12b6af6d83ed46023e0dc8,0.15384615384615385,13,2.3846153846153846,2,MG
4324dd16853115efb0fd9d0d131ba6f4,0.07692307692307693,13,4.3076923076923075,1,SP
4305fe92735c8a43d154ff6dd2b8d927,0.0,13,4.214285714285714,2,MG
bc503e244f187939d10c92a5c8e378ce,0.07692307692307693,13,4.0,1,SP
3fac58ce0ad699020c7944d53c41329c,0.15384615384615385,13,4.615384615384615,2,SP
7f152321c60a266edc53af1925ef96c1,0.23076923076923078,13,3.769230769230769,1,SC
7ff588a03c2aeae4fbd23f9ae64b760d,0.0,13,4.846153846153846,1,SP
9f50216bfd01913736a55a11b55ea842,0.15384615384615385,13,4.769230769230769,5,SP
b1aaae6b66ad3c40f54b389d7ea4bee0,0.0,13,4.538461538461538,2,SP
de0c78824586e9a5f5f04fd84e25df39,0.0,13,4.3076923076923075,1,SP
8ed8ea9a57c862f2c18c2fe41f601d56,0.0,13,4.384615384615385,1,SC
f97e2b0650c2068227e1d366140eb62f,0.0,13,3.769230769230769,2,SP
0b36063d5818f81ccb94b54adfaebbf5,0.0,13,5.0,1,SC
b1fecf4da1fa2689bccffa0121953643,0.0,13,5.0,1,MS
d51e0a403fe2e689ece6c73359d96e12,0.07692307692307693,13,4.285714285714286,1,SP
f4c4daa86e30c7e5a553a8d518ac03a5,0.07692307692307693,13,3.8461538461538463,2,PR
8a2d12a90e92f012ce5226fc6592b653,0.0,13,4.538461538461538,1,PR
f4a04f7be452aa3bb31760bf00055dd0,0.07692307692307693,13,4.923076923076923,1,SP
ed8cb7b190ceb6067227478e48cf8dde,0.0,13,3.230769230769231,4,SP
82cb9f452fe8334df74b22d37824b431,0.0,13,4.6923076923076925,2,RS
8602a61d680a10a82cceeeda0d99ea3d,0.0,13,4.615384615384615,1,SP
d4f117125b59ce73c3302f88ee40c458,0.0,13,4.846153846153846,1,SP
d06d019f72a04e5497a0b64190af170c,0.07692307692307693,13,4.461538461538462,1,SP
66fd84ee7528c0c0de85d0f44a73d5ab,0.07692307692307693,13,3.1538461538461537,2,RS
d354c38a7182125a748cb10474fe963b,0.07692307692307693,13,4.615384615384615,1,RJ
b64d51f0435e884e8de603b1655155ae,0.23076923076923078,13,4.3076923076923075,3,SP
1d503743d2526f03f0c2c89540ee008c,0.07692307692307693,13,4.461538461538462,4,SP
15cd6eefe58588619aaed41dfa6621b1,0.0,13,4.461538461538462,1,MG
4736e9d642ef4257cd7622516931eb51,0.0,13,4.461538461538462,5,SP
6a38087bc8ad4f89ff453561005f6dea,0.0,13,4.538461538461538,2,GO
e7f3bf1ecd8526eb7f3b18059e6716e5,0.0,13,4.538461538461538,3,SP
e48cc16ab70bfa09e1401740dce0b3d7,0.07692307692307693,13,3.6153846153846154,1,SP
72bc2cce903c872fe376a8faaa81d237,0.0,13,4.538461538461538,2,SP
caa9bc43a9fe8cf9c564ddd8a03cc4a6,0.08333333333333333,12,4.666666666666667,2,SP
e5475dcab1e07b63d7f6e902d8f5eda8,0.08333333333333333,12,4.333333333333333,2,SP
768a86e36ad6aae3d03ee3c6433d61df,0.25,12,4.75,2,SP
fb3cfbc8a86f5d7fbb4d36b8df63f60d,0.0,12,2.8333333333333335,1,RJ
fe49ee029e61e789a1f3a5525f57ba8d,0.08333333333333333,12,4.076923076923077,5,SP
60562ab00b8054280520d390c8c0045c,0.0,12,4.75,1,SP
b5e3e38609125694d2ea2417522a60b7,0.16666666666666666,12,4.5,2,SC
1b8b75e227c9a9c100d0c210fb6176ce,0.08333333333333333,12,3.3333333333333335,2,SP
a369d693961cb93b61ca2cc518872a85,0.0,12,4.25,2,SP
21e83881401b92b49fb09a16d3852291,0.0,12,4.285714285714286,2,MG
679769a98cfcc6da877c8486ff1c13f3,0.0,12,4.583333333333333,1,MG
e601b04acf48b4576e73ddca9481f0dc,0.0,12,3.9166666666666665,6,SP
55bb6fe5bebe5012e2d7d9928e1128ff,0.25,12,3.75,5,SP
afa6714acee029b2dfdf357e5579cc03,0.08333333333333333,12,4.166666666666667,3,SP
39d61be7a92eb77b7da367bd4845bc0e,0.0,12,4.25,1,SP
f1ed6bd0a9b11b581f16c851c6a5a527,0.08333333333333333,12,4.583333333333333,3,RS
9c068d10aca38e85c50202e17b4a7e88,0.16666666666666666,12,4.166666666666667,1,MS
655220df33262c7e0c4949a147366f94,0.16666666666666666,12,4.166666666666667,2,SP
a8739afb32aaa45e01815ca76f76f54b,0.08333333333333333,12,3.75,1,SP
db46ca7bce82b11f7e247539271fc390,0.0,12,4.833333333333333,1,RJ
2a61c271b1ac763450d846849783e922,0.25,12,4.083333333333333,1,SP
a425f92c199eb576938df686728acd20,0.0,12,4.076923076923077,4,PR
5b07547f10dd980738a1a27f685af669,0.16666666666666666,12,4.5,2,SP
0747d5bb69f0586cc869d8af4c50f93e,0.0,12,3.9166666666666665,1,RJ
3c010235b7345c92f125d14ee232a76b,0.0,12,4.833333333333333,1,PR
55f7a3319d80f7fdf078b8f03e6725fe,0.08333333333333333,12,4.083333333333333,2,SP
06bb3a2fe5e7b7a845b13e8fb91bd944,0.0,12,4.75,1,MG
fdaaf5bfda82b7b80535610c831b8d09,0.25,12,3.6666666666666665,2,SP
6bb0724edf0b62fb91ac404873a97241,0.16666666666666666,12,4.666666666666667,1,SP
04aba03279157f6d4e0fe8ccaf21963c,0.08333333333333333,12,4.5,1,RJ
989becdce12ebc39863c2bceab6f3ca1,0.16666666666666666,12,4.6,3,PR
ba5daa4041e1f15cdf34b76e3e18a450,0.0,12,4.333333333333333,1,SP
d101c6da914ae3d53f7bee42283f2fe2,0.08333333333333333,12,3.5833333333333335,3,SP
6b15924333bd1a741595fe981ea04822,0.0,12,4.916666666666667,1,SP
6806dad1da97bfb5a9038eac6881f706,0.08333333333333333,12,4.0,4,PR
7238a95bb63ef7e498389fb863b834a1,0.08333333333333333,12,4.833333333333333,3,SP
973f21788dfab357250f69a8dcb7ddee,0.5,12,2.230769230769231,1,MG
c679fb69a36e1d8349e8c50a217b4d58,0.16666666666666666,12,3.1666666666666665,1,RS
a44fb5a447105f8469bdf16bf9159f25,0.25,12,4.25,1,RS
cda598c48d7c614bc1cad7d8ff6f0010,0.0,12,4.333333333333333,3,SP
f08a5b9dd6767129688d001acafc21e5,0.3333333333333333,12,3.3333333333333335,3,RS
8f78f0903005064036736c7173a5c2ed,0.0,12,3.25,3,MG
df91910b6a03bb2e3358fa6a35e32f6f,0.0,12,4.461538461538462,1,SP
4c8b8048e33af2bf94f2eb547746a916,0.16666666666666666,12,3.2142857142857144,5,SP
0b18d63d0cd1d723567903fd34a07df2,0.0,12,4.75,2,SP
da7039f29f90ce5b4846ffc0fcc93beb,0.08333333333333333,12,4.916666666666667,1,SP
bce6a5ecf98e99fd2a8868b15c51f04b,0.16666666666666666,12,4.25,1,SP
863d2ebcd347ce4922de7a0f9a5581d6,0.08333333333333333,12,3.8461538461538463,1,RJ
503c1de08ae81a2d86f17951b204db55,0.08333333333333333,12,4.5,1,SP
5011f0d93373a4c5753adf58ca77af8d,0.25,12,3.6153846153846154,3,SP
33cbbec1e7e1044aaf11d152172c776f,0.0,12,4.75,1,RS
f4db9b37944bcb8873e6b456ee190bbf,0.08333333333333333,12,4.833333333333333,2,SP
179d859f51292aac5c10806a356f7af9,0.16666666666666666,12,4.666666666666667,1,SP
ecccfa2bb93b34a3bf033cc5d1dcdc69,0.2727272727272727,11,2.3076923076923075,1,PR
88cf19ec1fc2c58f161aee259d57142c,0.0,11,4.545454545454546,3,SP
bbaff50f3b708fda865918715276cd87,0.09090909090909091,11,4.909090909090909,1,SP
a1474fd46fd3430168f7ec202da39408,0.18181818181818182,11,4.2727272727272725,3,SP
b6e1504972665f739dec4facb9943775,0.09090909090909091,11,4.363636363636363,3,SP
77e4abfd739aed9c46480f90f81c0eb4,0.0,11,4.818181818181818,3,DF
e3a386fc36e22064434e1fa256f6a9fa,0.18181818181818182,11,4.181818181818182,1,SP
0417b067eeab773d2f7061a726dc477f,0.18181818181818182,11,4.090909090909091,1,SC
b33aaadd1a8891d2dfef0c4c3bdf0371,0.18181818181818182,11,3.6363636363636362,1,SP
02dcd3e8e25bee036e32512bcf175493,0.36363636363636365,11,3.6666666666666665,1,MG
bbf9ad41dca6603e614efcdad7aab8c4,0.0,11,4.454545454545454,1,CE
f5f2ab9bdb6b30c14c61be68c5ed37da,0.09090909090909091,11,4.181818181818182,1,SP
0ac4201fda2c68ebc0e47cb9423cf3c9,0.09090909090909091,11,4.2727272727272725,2,SP
bdae679a9b282249bc23b9b69dae9a99,0.0,11,3.3636363636363638,2,DF
9906e7aa42a3c067b7c9a564d01c4320,0.18181818181818182,11,4.2727272727272725,1,PR
3092c0b297aacfb4bb6e056ebe13b9b8,0.0,11,3.7142857142857144,7,SP
ea65d8b58316a6f2362f2a9e4b3e86ad,0.0,11,3.090909090909091,5,SP
6e0908ef4d4efadbc3cc2b74ea477cb0,0.09090909090909091,11,4.090909090909091,2,RJ
8629c241b3622ac12cd4118afdc8d394,0.09090909090909091,11,3.909090909090909,3,SP
c510bc1718f0f2961eaa42a23330681a,0.0,11,4.181818181818182,1,SP
c4fb51fb1c5b7c07bc5e67be6e7e8f6e,0.18181818181818182,11,3.727272727272727,4,PR
2e3be8a987a30d7544dbbda6861cc14e,0.0,11,3.1538461538461537,1,MG
6e1862e15f33d9994bc25922a85e1efc,0.0,11,4.636363636363637,2,SP
5b51032eddd242adc84c38acab88f23d,0.0,11,3.727272727272727,2,MG
51e4e89242cbb846c2deff3dc015650e,0.0,11,4.818181818181818,2,RS
2c4c47cb51acd5ea5db5e0ae0e26542a,0.0,11,4.636363636363637,1,SP
c3e1abd72a42fe690fcd89cf5720fe29,0.0,11,4.545454545454546,1,SP
d66c11a9572221d92fbb8c4897db5f9b,0.0,11,4.818181818181818,2,RJ
ea00f977a203ff88adf7057cb7806998,0.09090909090909091,11,4.0,1,SP
5bc24d989e71e93c33e50a7782431b0e,0.0,11,4.2727272727272725,1,MG
5b33b527da3c5b969cc99dc435cad09a,0.09090909090909091,11,4.090909090909091,3,PR
8378eb36b6b70c5734e83ad7b8cdc3b7,0.18181818181818182,11,3.909090909090909,2,SC
8f54d64f28a993550aa7943f12572959,0.09090909090909091,11,3.8181818181818183,1,MG
f08c008c8a8d31417763738a1788a2a8,0.18181818181818182,11,3.6666666666666665,1,PR
c394e193cda3b4225ff2094d32184849,0.0,11,4.666666666666667,1,SP
c6a7539d424a8402232c2228d7a03c5e,0.0,11,2.8181818181818183,1,SP
d9e8c084b68fe958861d8f2c21202e6b,0.0,11,4.181818181818182,2,SP
53d00c40e32aeb924a84ce72b1af869d,0.2727272727272727,11,4.454545454545454,1,SP
cf2384dd2f1dddea3f838efed0945e65,0.0,11,4.363636363636363,1,SP
52562a9f449c3dc3d53f5f5b9ed74903,0.0,11,4.818181818181818,4,RN
b19f3ca2ea475913750f25a5c37c8d8f,0.09090909090909091,11,3.6923076923076925,2,MG
c794dab4928dd97beb41d05514441e86,0.09090909090909091,11,4.363636363636363,1,SP
81336a0f57a33776419727a300249e90,0.2727272727272727,11,3.6666666666666665,2,SP
3a1a1fec38dd360f15fc912e821e169d,0.2727272727272727,11,4.181818181818182,1,SP
6c12e40690c335dbc2f68a4134d30dc1,0.0,11,4.181818181818182,3,PR
9d7a1d34a5052409006425275ba1c2b4,0.09090909090909091,11,3.8181818181818183,4,SP
3935fe5fe0f82787a9dcb8deb62be09d,0.09090909090909091,11,4.2727272727272725,2,SP
3a734b715d333a2588a3d54a0c9b8746,0.0,11,4.3076923076923075,3,SP
2009a095de2a2a41626f6c6d7722678d,0.0,11,4.181818181818182,2,SP
e8a85b5f3df47be0984c55fd4064dbb4,0.09090909090909091,11,4.636363636363637,4,DF
392e0502231ae2f8b29994ef6398cd77,0.09090909090909091,11,4.153846153846154,1,SP
4b0fdb526525f9890eb145bf1534640e,0.0,11,3.8181818181818183,1,SP
1354d51653f645349064725ed204e85e,0.09090909090909091,11,3.909090909090909,3,SP
b9ca8e8baa5d4aa038394a700f63e69f,0.09090909090909091,11,4.454545454545454,3,SP
5a6a02f419701fc8c605af71d4fc57a4,0.09090909090909091,11,4.818181818181818,2,SP
04e38a233f726ef161074ab1c9b0399a,0.09090909090909091,11,3.642857142857143,3,SP
058cb5aeb36d7c0fcae20fc85d5e0a59,0.09090909090909091,11,3.8181818181818183,1,RJ
985c92cc412091f8529c12d7f23d3fef,0.09090909090909091,11,4.909090909090909,1,MG
08d2d642cf72b622b14dde1d2f5eb2f5,0.09090909090909091,11,4.818181818181818,5,SP
980640c45d7a4635885491d077167e4d,0.0,11,4.7272727272727275,3,SP
ad97a199236354e53fcd91a5a913e9a2,0.18181818181818182,11,4.2727272727272725,3,SC
02c988090b766852e088c69d7fb3b551,0.0,11,4.545454545454546,2,SP
bba3293d6f5d5af2f415e004e8b93ae3,0.09090909090909091,11,4.090909090909091,1,SP
430315b7bb4b6e4b3c978f9dfa9b0558,0.1,10,4.1,6,SP
402916f742e5c740cc751493d9cf5053,0.0,10,4.7,3,MG
7a425d299613df3e613bcf9d2eaf5c49,0.1,10,4.2,1,RJ
41ab63a91b8b264e8c8780368bf1dd5b,0.0,10,4.0,5,MG
5f67c6082caacb26e431a7b17940cece,0.2,10,3.8,1,PR
ffa6adafb71b807dc13159e26431354c,0.0,10,3.6363636363636362,4,PR
62c50c1af4dfdc4149d25c5222043d39,0.0,10,2.75,5,SP
abc015ebac1d283a323ca9db35ede4b9,0.0,10,4.8,2,SP
5a05a16bb50629ee31afab8a6d4c2674,0.1,10,4.3,1,RS
5a413ade68e8f8d93071a7f52a64cb9e,0.2,10,4.6,1,SP
f1fd5ab1181f827ffad998c1a5de7d74,0.0,10,4.7,2,PR
226b05fe067266c59c15dae208213d06,0.0,10,4.1,2,PR
aac51c486b672a9850d59f3e84b1cf88,0.0,10,4.8,3,SP
f0e103c63864d5405b958d984b6e94c9,0.0,10,4.7,3,SP
26785a546900236d66f2e4197c211158,0.0,10,4.5,1,SP
6bbcb8924baf70b7fe2fe2097e8cd407,0.0,10,4.5,2,SC
921323538c9f1c4e816f2720eac02bea,0.1,10,4.3,2,SP
da6a60cc8cc724fe51be021ff8be779c,0.0,10,4.8,2,RJ
128f9bfbe4c7d5185033914b1de3d39a,0.1,10,4.7272727272727275,1,SP
fbc14c0cf93505ef89f64665ffa4a7b5,0.0,10,4.8,4,SP
b1b3948701c5c72445495bd161b83a4c,0.7,10,1.5714285714285714,1,SP
5abb8ea023c77787f2c15da891c8d384,0.3,10,4.2,4,SC
d6ab728cf30867cf3f1a2e216ae2f9b7,0.0,10,4.7,2,SP
5b85809efd0d0e4dea1a9544e1280ed9,0.0,10,4.6,1,SP
099095b050cfe8eb1ddff5317587e96e,0.3,10,2.5454545454545454,6,SP
8b8cfc8305aa441e4239358c9f6f2485,0.0,10,4.3,2,PR
8bd0e3abda539b9479c4b44a691be1ec,0.4,10,1.6363636363636365,1,RS
2d2322d842118867781fc737e96d59a1,0.1,10,4.9,1,SP
c4fabeea6e569d42d02993bb1f4f1cbc,0.1,10,3.9,2,CE
6e864f5c4669eff3d98140a07cc50202,0.1,10,4.3,3,SP
b8114f2f589a6804810f04f99b36b498,0.0,10,4.7,1,SP
dbdd0ec73a4817971d962698f2fea022,0.1,10,4.1,1,CE
5075aaa8404020ae6aa8bf4792099b41,0.0,10,4.090909090909091,3,MG
512d298ac2a96d1931b6bd30aa21f61d,0.0,10,4.1,3,RJ
2e0dba2da448400b1c11d7b4b22f32a4,0.0,10,3.8,1,SP
ed859002ad59dbf8cf3602696a6c3000,0.0,10,3.9166666666666665,3,PR
87b740daf17b5d1be335a64164ec6842,0.1,10,3.1666666666666665,1,SP
5c030029b5916fed0986310385ec9009,0.0,10,4.9,1,SC
656591be56071d4c9ef4e5fee78a578a,0.3,10,4.6,1,SP
d1c7fa84e48cfa21a0e595167c1c500e,0.0,10,4.3,3,RS
822bad9bc42b51213ba522fe87b7ab5d,0.2,10,4.5,3,SC
83645b1645cdee8953ee54c29ceed564,0.0,10,4.9,2,PR
820cc752a266cdc6c1a1e61dd4583330,0.1,10,4.2,3,PR
70849ca4f400aaabb62cb7462a6f1428,0.1,10,4.5,5,MG
0aa2205ca24f113f4658a5c536667426,0.0,10,2.6,1,SP
082e0bf4cb865a6533b1e8e498cc0255,0.2,10,3.6,1,SP
df0f42bc4c2142eacf0eaf2cffd0cfbb,0.0,10,4.5,1,SC
4de6e4ba574aa9dfdc824bc44dc47fdd,0.1,10,3.8,2,PR
e81e1f9c3e762e620f3fb60a51499e16,0.2,10,3.6,2,SC
39c763cca83e654764b7a4a650fb9b7c,0.2,10,3.7,2,GO
7c4618c82226628831613e95e9c22f44,0.1,10,4.2,1,SP
c840d3fdbba0790404fdae73d253b253,0.0,10,4.5,2,PR
13f57c12a00ed4610db646b913a7f5c6,0.1,10,4.7,1,SP
cb5df0dcb9e280b1780e9d589889f2c7,0.1,10,2.625,5,SP
47efca563408aae19bb7206c2d969ea9,0.0,10,4.0,1,PI
9dda5bbacd45e18d6485fee649205d09,0.1,10,4.2,1,MG
0249d282d911d23cb8b869ab49c99f53,0.1,10,4.4,1,SP
b3b17aab11f273023a5f22ca52e1eb70,0.2,10,4.8,1,PR
bc07d855eac23aab5ac8a120f21d16b2,0.2,10,4.0,4,SP
b37c4c02bda3161a7546a4e6d222d5b2,0.1,10,1.5,2,SP
ffdd9f82b9a447f6f8d4b91554cc7dd3,0.0,10,4.8,2,PR
02d35243ea2e497335cd0f076b45675d,0.2222222222222222,9,2.888888888888889,1,RN
ff4e2d38692ce827b1a4f4b8196e680d,0.0,9,4.555555555555555,2,SP
ffad1e7127fb622cb64a900751590acd,0.0,9,4.888888888888889,2,SP
014c0679dd340a0e338872e7ec85666a,0.1111111111111111,9,3.5555555555555554,2,MG
ffeee66ac5d5a62fe688b9d26f83f534,0.1111111111111111,9,4.444444444444445,1,SP
8603f0038fe0e52fedd3382d266723de,0.0,9,4.444444444444445,5,SC
c5f7e746b7e6d07def6c0dae9903279b,0.0,9,4.777777777777778,1,PR
ae45df84722b1d15c5f32b23a095746c,0.0,9,4.888888888888889,1,SP
fce62094ffe6a4009188ec44e681dfdd,0.4444444444444444,9,3.2222222222222223,3,SP
31ae0774c17fabd06ff707cc5bde005f,0.1111111111111111,9,4.0,3,SP
89f69225956f951295ca4c7fb1266553,0.1111111111111111,9,4.444444444444445,5,RJ
3d0cd21d41671c46f82cd11176bf7277,0.0,9,4.888888888888889,4,SC
3ca08eeb8d5595949fed424bd3677742,0.0,9,4.4,1,PR
7fdb0720c8d7c9075538b365dc8c3a22,0.1111111111111111,9,2.3333333333333335,3,PR
7fc87cc3e89b3d1d5cabdca32f8485aa,0.4444444444444444,9,3.0,2,SP
2d518637f53161b973e01f56ea4bb88e,0.0,9,4.888888888888889,1,SP
8ca1551acf9832a4cf467bbbac15851f,0.2222222222222222,9,3.4444444444444446,3,PR
7c1fea10b5b006671d608b1d7c446ec4,0.0,9,4.555555555555555,3,SP
e64d65bc8dbec2accda90c58de5d1246,0.1111111111111111,9,3.7777777777777777,1,SP
c84592044b180dec206770c38603814b,0.0,9,4.2,4,SP
c7fdb77fdbff3c41981bc52f787e959e,0.2222222222222222,9,3.2,1,SP
2be17df1c49978426251562096c3cc09,0.1111111111111111,9,4.333333333333333,2,SC
659e8466eb3ff1b0e8740d74fb7bbedd,0.0,9,5.0,1,BA
5a425cc503b39b262a847fd6212bf53b,0.0,9,3.9,1,PR
5b0cc932433fa5184b5b94bfe6bcc256,0.3333333333333333,9,3.5555555555555554,2,SP
5ab05b6d86d417796c69ffd6774ec832,0.1111111111111111,9,3.5555555555555554,1,SP
8d899e15a5925f097cca50faa49b15e3,0.6666666666666666,9,2.2222222222222223,2,SP
7b7f91e98f8c6def45a1407923304402,0.1111111111111111,9,3.6666666666666665,2,SP
e603cf3fec55f8697c9059638d6c8eb5,0.0,9,4.777777777777778,1,RS
3f8034bfc6b8b4135534975d49f04c63,0.0,9,3.0,2,PR
2addf05f476d0637864454e93ba673d5,0.0,9,5.0,1,DF
2953ce3a88f5e3c3b696d77fc9e4c8eb,0.2222222222222222,9,4.555555555555555,1,SP
404e1ba01358af4cd63f679b2c4d1fa1,0.0,9,5.0,3,MG
7a2d2949aea47fab95fd98d6c9f618b1,0.0,9,4.111111111111111,2,PR
c37b2059d4f90d4feead554e5246565e,0.3333333333333333,9,4.0,1,SP
c2d70ce2c5d0a2eb75e78668236e6dc8,0.0,9,4.666666666666667,1,SP
41b14765bd56c8ad10971074380f9c0c,0.0,9,4.333333333333333,1,SP
c273175f7c6c80fb02f051e2fc6d0d72,0.0,9,4.0,1,SP
e504a4e2efaa45cbff7e268a2c58c956,0.3333333333333333,9,4.111111111111111,1,SP
26af45f5dfd967225a832838aa4e24a3,0.0,9,4.111111111111111,1,PR
93b9a99027bd8bd6af682aff18dd19bf,0.0,9,4.666666666666667,3,SP
ab27bbbad5239bc31a34709275a70db4,0.0,9,5.0,2,SP
d17f467e4bf608a510c20d82f4ba3b6b,0.2222222222222222,9,4.1,3,RS
d0d70d21e2234dd7cd3cf63fe414148a,0.0,9,4.222222222222222,1,PB
cfd7ddab722b902f7ac5b5f3ba6d723d,0.0,9,4.666666666666667,5,MG
0bebbb2cea103a4a020c95d43fd7d754,0.0,9,4.888888888888889,2,SP
b55638ad525e906c698fa2ce742c1742,0.0,9,4.444444444444445,1,SC
ad75519a07f039025e83795a4418470f,0.0,9,3.2222222222222223,1,GO
92d14edfb62ee5ae7fdff70b0f4e7233,0.0,9,2.6666666666666665,3,SP
77fccaae319668a8ab6cd0fd16aec48c,0.0,9,4.555555555555555,3,RJ
76ea5315acb3f5f7ade3cd261faf922a,0.1111111111111111,9,4.555555555555555,5,SP
25e47381a6c510ddeb36084e33b89f0c,0.0,9,4.222222222222222,2,SP
e2c92f9c1c7746d899d18f2e158bbff7,0.0,9,3.909090909090909,1,SP
e256a62e0ac58c0edfba09966142d561,0.0,9,4.333333333333333,1,PR
4677a5437afda5fa7140b927b07be1cc,0.0,9,4.444444444444445,3,PR
75a4764c108403a7a0575140cb22287c,0.0,9,4.777777777777778,2,RS
0ff83046c3fa22efee8ecf291888b191,0.0,9,4.888888888888889,1,RS
5882820ef11c4c068eea0677a7a879b4,0.0,9,4.555555555555555,2,RS
6b333a05bf188ef3e1f1662a86bd9855,0.1111111111111111,9,4.777777777777778,4,DF
7357b52d27cbaa90f81a96cbc1279396,0.1111111111111111,9,4.333333333333333,2,MG
cb9fb4ca75d7ba8437480e8dde64fe98,0.0,9,4.0,1,SP
45213867cefbf2cd4c6177e10216a951,0.1111111111111111,9,4.555555555555555,2,SP
2059c39f76271d4ca3f15b5ffaccc8b8,0.0,9,4.555555555555555,1,PR
97512d3fc193b2d1dfcdba0f9d1f0f8a,0.1111111111111111,9,4.333333333333333,1,SP
1fdc574883ef3b33ad41562d93f3a74a,0.1111111111111111,9,4.666666666666667,1,SP
9a84ba99f5367fdbd4598363496f1ea2,0.0,9,3.5,1,GO
bd1d49a326abfa9b1036772e40445430,0.0,9,4.0,1,SP
bd15ee794d5e640d9dd71b665b2ab15b,0.1111111111111111,9,4.222222222222222,2,SP
1b1ae47a313a825a7ccceb8e2e30fa9d,0.0,9,4.222222222222222,3,PR
7210cd29727d674c00741e5e387b3ccd,0.2222222222222222,9,4.0,5,SP
a6bd7d1ccdac48c6b33b28596b7eb122,0.2222222222222222,9,3.111111111111111,1,PB
b8630e1121437d41cb08e3c749c2c2e2,0.1111111111111111,9,4.555555555555555,2,RJ
9c690ceacd5c66731bf443ea810195cb,0.0,9,4.444444444444445,2,MG
de9727ca376d1be6ec121b110aa7954c,0.1111111111111111,9,3.8,1,PR
1987cd4be10fe09ee50454f9c354d1c6,0.0,9,4.777777777777778,1,MG
9d681c7e12db302cb261e721040dde65,0.0,9,5.0,1,PR
51702dc2a3e106c76dbff722b5bf0726,0.0,9,4.444444444444445,2,SP
6f229cc508fc6915ed5c499efd93baa4,0.1111111111111111,9,4.555555555555555,1,RJ
bb5bd94c8f59cc050072d2930c869cac,0.1111111111111111,9,4.333333333333333,2,SP
1660ad786c27fd935378b6192a90b417,0.0,9,4.444444444444445,1,SP
165b1235e9e9942cb5fae67103576fb0,0.0,9,4.444444444444445,3,SP
a2deecd5398f5df4987110c80a1972a3,0.0,9,3.75,2,SP
a2b5b6105ea5942300631d2e76f4ffe0,0.1111111111111111,9,5.0,1,SP
53b0300ca793f9834cd69c0678d35ee8,0.0,9,5.0,1,SP
6d22a1fcebb6dd08c9cd90b92a93e8d0,0.0,9,4.444444444444445,2,SC
b9a03475e6447e631b6799ec8274800f,0.0,9,4.777777777777778,3,PR
d4910f1cdcfdabd48d6b316e395d4a23,0.1111111111111111,9,5.0,1,SP
024b564ae893ce8e9bfa02c10a401ece,0.0,8,4.75,2,SP
ec80e49e69745ab6c14f984bf2149423,0.0,8,4.125,1,SP
5ef131ac72773e5b3f6c0d63cf424657,0.0,8,4.375,1,SP
5d9dc90a686a8fddacffab6bab5653a3,0.125,8,4.375,1,SP
b16d3dadc47d4eb18be3d88bad0775ce,0.125,8,4.5,2,RS
b2c97074649f92197d9387d9033dda5f,0.125,8,4.625,2,SP
01c97ebb5cdac52891c0ed1c37ba0012,0.0,8,4.25,1,SP
01bcc9d254a0143f0ce9791b960b2a47,0.0,8,4.5,1,GO
03a2a6dcbe45d639c4dc2a0d24769c40,0.0,8,4.25,1,SP
3492e68f37fd1df87f4f2f2ea247f445,0.125,8,3.5,3,SP
141440cad9341e553f8401c574a2aa38,0.0,8,3.75,2,PR
6c99c983ce3b6ba0ab813e6790e81691,0.0,8,3.625,2,MG
7f5e4d5efad7e44b91115dd1decb65f3,0.0,8,5.0,1,SP
2f74af7a0ee5636f12c2336f9fffed47,0.0,8,4.875,3,SP
33d677f27a69b84051204ee4ae76eaca,0.0,8,4.5,3,SC
a13580f0e8f782b7a543885a0ef99f08,0.25,8,4.625,2,RJ
9e6967d3cf386d284251784b18ccb485,0.125,8,3.625,3,SP
6f83d9e4da896daae20b9b6b2d3ff8d2,0.0,8,4.375,2,PR
6e4a902d1054e4e17aa6eab87fac1c75,0.25,8,4.25,3,SP
4eb61f060e7dcc1d5a80d806c35cc541,0.0,8,3.875,2,SP
1bb3812d5f0747a3ab7348f199001a10,0.0,8,4.875,1,SP
c4d51195486dc781531876a7d00453d8,0.25,8,4.5,1,SP
17908cf9b444ee34047cadd5c0f4a516,0.0,8,4.75,1,GO
a066df7361163e7ddc5d7452dd17448b,0.25,8,4.5,1,SP
615005a3ef192c00c6f0e977cee3d2bc,0.25,8,4.0,1,SP
63ffcb71394dd8ea3872ed9ffda17c74,0.125,8,2.625,1,RJ
26d6bbee02420494d471c9f6436929c0,0.0,8,4.625,4,PR
9449f25aeaf531019b76999ea49a6949,0.125,8,3.888888888888889,1,RJ
59cea8e446d3834393058e7e0666b6fb,0.0,8,5.0,4,PR
eb3071b9f0b0ddaa2df5ea130f09f26b,0.0,8,4.75,2,SP
86bb7c4b535e49a541baf3266b1c95b1,0.125,8,3.0,1,SP
ca77545ca4d2dfd1431bf61334e2fa3c,0.0,8,4.75,2,PR
431050a06a317f2b38168dec3dcd2b46,0.0,8,4.3,2,SP
262237171f48e85819065498cac80d7b,0.0,8,4.375,1,SC
0791d9fc1e30678ecf03d3e55fa108d3,0.0,8,2.875,1,MG
c5f7feb04a6a1fb3596322bfc3cf1917,0.125,8,4.0,1,SP
acb6c2ca5c82411c1fdb88d5fd5eb95e,0.0,8,3.5,4,SP
457fe919b032a3f7dadba6fb92cf7855,0.25,8,4.875,1,SP
1f867308a0ce13133a4e639ff4de0c02,0.0,8,4.375,1,PR
acf974e4d5950ad143a247471b831eb9,0.0,8,4.75,2,RS
be3b4b0f050a6aa1b2d901c4b77e979f,0.0,8,2.75,2,PR
1dcfa3835714681d4ba4a93bc1e0fd41,0.0,8,3.75,1,SP
b67d6c666e8dce1d078c882825e12704,0.0,8,4.875,2,SP
fac1a9017ade7bdc94058fc1c969f355,0.0,8,4.875,2,SP
0ddefe3c7a032b91f4e25b9c3a08fca1,0.0,8,4.625,2,SP
723cd880edaacdb998898b67c8f9da30,0.125,8,4.375,2,SP
2d2c62bef4c8ba0dd74e0e228e808539,0.125,8,4.0,4,SP
cbf09e831b0c11f6f23ffb51004db972,0.0,8,4.625,2,SP
d93844a9c55ba7ce353388bcf849ea56,0.0,8,4.5,1,PR
5c3460cd3e8a984382ae254e7dd20d9f,0.0,8,5.0,1,SP
b7ed9fb14c8eadb37adb9c45d67ab0fb,0.0,8,2.625,2,SP
49e7217cfe4e427191c378ec626d8737,0.0,8,3.888888888888889,2,MG
bd149ed516d4c5d418d5781f8e18919f,0.0,8,4.875,1,SP
49383af7ab774e4e8f3000f49c83dc4b,0.0,8,5.0,1,SP
1cbd32d00d01bb8087a5eb088612fd9c,0.125,8,4.375,4,SP
1c5e4e49b9079480255b49d50aac1aa9,0.0,8,4.125,2,SP
ccb83a794700270fde70898fe9ff368b,0.25,8,4.375,1,SC
4be6b962d83299498bae2190f95d6566,0.0,8,4.25,1,SP
5b35136197710e16ac5e7b7c2bd4ea85,0.375,8,2.25,1,RJ
5b581417df4480f632484ba681e53944,0.25,8,3.375,2,SC
b81e3a6c866a764974fe849821abeebd,0.0,8,4.875,2,SP
cfa5ab0e4d3fc212fd0b3410e7081c62,0.0,8,4.0,4,MG
557f22c76691849db52d2abccf0015d0,0.0,8,3.5,2,GO
54065e9aef7e9e9c2dc23b7594db021a,0.0,8,3.6,5,RJ
f9903dd0f812c7e771fcad47b6fff231,0.0,8,3.125,3,SC
8bdd8e3fd58bafa48af76b2c5fd71974,0.125,8,4.5,1,SP
87d3c3aeb3ead335511b3ce315eb341e,0.125,8,3.875,1,SP
36890be00bbfc1cdb9a4a38a6af05a69,0.375,8,4.0,3,SP
e9c6969d40e6a3d2d0f90013165c2b98,0.0,8,4.375,1,SP
91f0eec23d4a61d7d7caeefa3f0ad1ca,0.25,8,3.625,1,SC
59cd88080b93f3c18508673122d26169,0.25,8,4.875,2,SP
ad273c9eb54ecb4532de4bf75bae9e4e,0.0,8,3.875,2,PR
b44dbfbf62e52125f3c15d230569ea91,0.0,8,4.375,2,SP
41b86b552e54e3a7009596125aa8b167,0.0,8,4.375,1,SP
f35b3c613c4f7b2275f4185d0a3c59ec,0.25,8,4.5,2,SP
218f991754f360af9c2daa5e0b8e990c,0.0,8,4.5,1,SP
5f26c1408a65b42a7224cd463bdf3292,0.0,8,4.75,2,PR
d2e753bb80b7d4faa77483ed00edc8ca,0.0,8,3.875,2,BA
68f86ba270525243e68ae74044f992b9,0.125,8,4.625,1,RJ
0887a9f087bcd5d9f6642b52f897fc6c,0.125,8,4.625,3,SP
cac63f48c38cd7d002a7e846dcd99a23,0.0,8,4.75,1,SP
439a47cc365d6e3bd526812ea9de3c29,0.125,8,4.0,1,SP
c8c1bea22194a4eefa2dc9a9fa89f536,0.0,8,5.0,1,SC
c878515173c84a492ebe50d6b493230b,0.25,8,4.0,4,PR
8ff1a9df749e454105c55cda13e79143,0.0,8,3.5,4,SP
7bac63f6603d382cc8d0832eb6c100a8,0.125,8,4.0,3,SP
cb41bfbcbda0aea354a834ab222f9a59,0.5,8,3.2222222222222223,1,SP
2379bdc3888025689a9deb7b141507d5,0.375,8,4.25,2,SP
e1b12447a7563944843191754aeb5562,0.375,8,4.875,4,SP
406740ee611378a662d274c7d8c43c4a,0.125,8,4.375,2,ES
968268a686aa05d1f529fb07dff08130,0.0,8,3.875,1,SP
70b52a4cfc823994561b00bad161b4ed,0.0,7,4.714285714285714,1,SP
6eb94e1466490d327a09abf8f3552a50,0.14285714285714285,7,4.5,2,SP
508808d438fe2ff972ed13bb8f4a82e2,0.0,7,4.571428571428571,6,SP
9df5750209b83567ec144eb299d7d634,0.14285714285714285,7,4.285714285714286,2,RS
9dd59e43f0c9f0553244e8f9c2fb247e,0.0,7,5.0,1,PR
1996942dc085d7773ba77a529b163cd0,0.0,7,4.125,3,SP
f5f1f2c5f923f36ad79ea1d07185ddc9,0.14285714285714285,7,3.7142857142857144,1,SP
5eeb9c756d9780b96283e5a2ac6da334,0.14285714285714285,7,4.285714285714286,1,SP
08d0949a9a17c027262db1f3c450c26c,0.0,7,4.428571428571429,1,PR
5ee7fd217d08dfe5d3e2f51f96a12c9a,0.2857142857142857,7,3.2857142857142856,2,SP
5e105f5c9f63f5f1fd75d6cb942e55b1,0.14285714285714285,7,4.428571428571429,1,SP
d32e3909cfb714fb2a6cb092c85b9c5f,0.2857142857142857,7,3.857142857142857,2,SP
134a288e7de827ec5ec62e3ec9c3a295,0.0,7,4.714285714285714,2,SP
13c2ed7698b3ca92dad49e849219da59,0.0,7,4.285714285714286,1,PR
034b9387752bfa309f350a70cd45ffa3,0.0,7,4.571428571428571,1,SC
b2eecf5ea250510da76590ca79d60e5d,0.0,7,5.0,1,SP
d4ffeb15b67e81ff9af2b4252d99fb7e,0.0,7,4.285714285714286,2,SP
4e8dacf3d38f281ae26c3e0321d92d88,0.2857142857142857,7,2.090909090909091,2,SP
9d39404483343dd55c7ae254494d8388,0.14285714285714285,7,3.857142857142857,1,SP
1782ce2db72c3dda627d5e7c898104e1,0.14285714285714285,7,4.571428571428571,3,SP
a0415d9b25ede3c4b1e477e9916ffc03,0.0,7,4.428571428571429,2,RJ
bafc5aa11e413978be29040f51342e70,0.14285714285714285,7,3.4285714285714284,1,MG
dace965ca58120f92f8d742a9fa1864b,0.0,7,4.571428571428571,1,SP
81783131d2a97c8d44d406a4be81b5d9,0.14285714285714285,7,3.1818181818181817,2,SP
ec933281fb017b5020d06df29c3f77e8,0.0,7,5.0,1,SP
817f85dbb65aa3e70831d90fe75cdf89,0.0,7,4.714285714285714,2,SP
ec8463980a4e0ea9f8517aea1ed0c419,0.7142857142857143,7,5.0,1,SC
180c3376aff0e43dd5788709df48a843,0.0,7,5.0,2,SP
8a9260f2b0340411d6d2a56bcf4f7378,0.14285714285714285,7,4.714285714285714,3,MG
70125af26c2d6d4ef401a1d02ae7701f,0.5714285714285714,7,4.714285714285714,1,GO
184a67a8f9f63234d3a92340bbdb727f,0.0,7,4.142857142857143,1,SC
a2fa0bdc798ee84cdb08281337cf4fb6,0.0,7,4.111111111111111,1,SC
6ddc28b61be28373b4503a1f61cf98a9,0.14285714285714285,7,4.428571428571429,2,SP
ea6b12bf9ffe2bac34602ec631d97a47,0.0,7,4.0,3,SP
822b63912576852aea9a8436d72317b7,0.0,7,4.0,1,SP
a23266650e7c84bb93fbbba502137478,0.0,7,2.5714285714285716,4,RS
d9e7e7778b32987280a6f2cb9a39c57d,0.2857142857142857,7,2.7142857142857144,1,SP
eb72802c83dc7547529c9546d1a9b8ef,0.0,7,4.571428571428571,5,SP
3968920b9aa752ab98f7d5888c9252f2,0.14285714285714285,7,3.857142857142857,4,SP
c3acdfac4e3e97ff87529454fbc03642,0.14285714285714285,7,4.285714285714286,1,SP
e819bcfade7b5d88a27325eb6cfd62c5,0.14285714285714285,7,3.2857142857142856,2,SP
e88c9b79e592e370d6bd852eeefbf057,0.0,7,4.857142857142857,2,PR
1e483cc5c76fef08d3ca05f9a8af7d01,0.0,7,4.0,3,SP
3f0e48d209018b466fcd3bb4ccfeb520,0.0,7,4.142857142857143,1,PR
10ff823eda2b032e2c93d17a7d294736,0.0,7,4.428571428571429,2,SP
f9ec7093df3a7b346b7bcf7864069ca3,0.14285714285714285,7,5.0,4,SP
562f8cfc51f265411f487d07e9c40e7f,0.14285714285714285,7,4.571428571428571,2,MG
e627629ba868740e287800f1a9be81c2,0.0,7,4.375,3,SP
0a85ebe4e328db81ac9109781205e2f7,0.0,7,4.714285714285714,2,SP
670a9dda115b5a88b18cfadee8de2332,0.0,7,4.571428571428571,2,SP
cb6c9f5888a7a090c75beaf615925792,0.0,7,3.5714285714285716,3,ES
f3c38ab652836d21de61fb8314b69182,0.0,7,4.571428571428571,3,SP
20a8b0dc55da94fe74d112082427c84f,0.14285714285714285,7,4.285714285714286,2,SP
1d29dfba02015238dfbe2449a5eaa361,0.0,7,4.285714285714286,1,MG
f44b6f775a2b390380e0e30b5c9d3eee,0.0,7,4.857142857142857,2,SP
67883baaae6134ee81b271a542613728,0.0,7,4.714285714285714,2,SP
651fe66032c9520ee5587f694908040d,0.0,7,4.0,2,RS
085f6f7e049c996695fb2074fe38d45e,0.0,7,3.4285714285714284,4,SP
6b803197e03abd5056b4313306b4f29d,0.0,7,5.0,2,SP
ed9eef5be0992d413d251fadba1a410d,0.0,7,4.571428571428571,1,SP
f52c2422904463fdd7741f99045fecb6,0.0,7,4.857142857142857,3,SP
a478c7961d6a992065b24e63b366f90b,0.0,7,4.857142857142857,2,SC
a4b6b9b992b46e9ef863637af96e04bc,0.14285714285714285,7,2.5833333333333335,3,SC
3d621842b2ed28e2b474132480edac3c,0.0,7,4.125,1,SP
2bf28e311bba65237358230cabac3f15,0.14285714285714285,7,3.7142857142857144,3,PR
54583ab379489add547fe47b628db589,0.0,7,4.857142857142857,2,SP
48fb026ed7455a42f5d3e9390ed5088e,0.0,7,3.125,1,RJ
1b45169b635ef59425637e9a33eb5fb3,0.0,7,4.571428571428571,4,PR
4ba52dfeba874da5b9ee7b17c7494f04,0.14285714285714285,7,4.142857142857143,1,SP
cd3d09fbe6e3e9ff0c0ac0c300e93ae7,0.0,7,4.285714285714286,1,SP
8daab2245ebdc277c51098d01c5ad8ef,0.14285714285714285,7,4.714285714285714,2,SP
b87a7ea0c30fad2dd6781b74a0064859,0.42857142857142855,7,3.142857142857143,1,SP
b8578d2d823bd8e251f6fdd02b40902d,0.0,7,4.285714285714286,1,SC
9a1aea68d3efa00862ec88c0768037d0,0.0,7,4.428571428571429,2,SP
f435898e493ba0356019a0b1cb8b55b1,0.0,7,5.0,1,PR
112453736dbe3889cfb74e1aaa0ba0c1,0.0,7,4.428571428571429,2,SP
e3dd723429d1b23614b7fa85e2c7a853,0.2857142857142857,7,3.4285714285714284,2,SP
8fbd63429be6d3e5e6d1a709b6464802,0.0,7,4.571428571428571,1,SP
596849622429351f47b32e6cae1055ff,0.0,7,4.428571428571429,3,SP
f25e239052084705e17a982bc600ab2a,0.0,7,4.285714285714286,4,SP
9539213aa8e023c01937bef95dc006da,0.2857142857142857,7,4.857142857142857,1,SP
c0098efcf800861dcae589affca31408,0.14285714285714285,7,4.714285714285714,1,SP
e1dc0754bada9ee4cfe9713f22f61292,0.0,7,3.4285714285714284,2,RJ
c990d6cf976a5718aaedc539f383ab88,0.42857142857142855,7,3.0,2,SP
7b98de631987e26dd6d803490c43a13c,0.0,7,4.571428571428571,2,PR
27a56ff04b34c2ba34ce6ba4d3b9d616,0.14285714285714285,7,4.285714285714286,2,SP
c35affa65afd250151285c5917fc1c8a,0.14285714285714285,7,4.0,1,SP
f1c1ac3f3efc07e659c035008e615e66,0.0,7,3.1,1,SP
014d9a685fd57276679edd00e07089e5,0.0,7,4.142857142857143,2,PR
c157bdeedcbc9a8e3c8bf0d87ff24428,0.0,7,4.714285714285714,2,SP
f1b93673502375d491780bb49d615dbc,0.14285714285714285,7,2.5714285714285716,3,SP
26e2c91ef821e1ff8985f408788fe35b,0.14285714285714285,7,2.5714285714285716,1,SP
9140bd1d9de28b197dce077bdd687438,0.0,7,4.285714285714286,1,SP
788e857f317e53de488d393e65a80f45,0.0,7,4.857142857142857,1,SP
7813ea3ebd9411dc600b4dd01f7a97b9,0.14285714285714285,7,3.857142857142857,2,SP
c79151301b9d90985d1fa52879213105,0.0,7,4.375,1,PR
eb4df17aed01d918c65f0f8d650900c0,0.2857142857142857,7,4.142857142857143,2,SP
c54679b132454625907c773d273d4126,0.0,7,4.857142857142857,1,SP
c64a2aec32cc408a8a4c6d7c46017f91,0.0,7,4.0,1,RS
b127efdabeffb5d559349c7b172eb75d,0.0,7,5.0,1,SP
b080809eaacb49e5ca07290981472431,0.0,7,4.857142857142857,1,MG
b0f2a6122a90a93eb03e68653dd960e3,0.0,7,4.857142857142857,2,PR
07de60b03d150fb3ea09eab5da5e4c8b,0.14285714285714285,7,4.142857142857143,1,SP
05feb94f19d094d4b0f9281f0b1d4c99,0.0,6,4.5,2,SP
0761743cbffb25d7148189e9f1a5f03a,0.0,6,4.333333333333333,2,SP
d4e4b5192cba4e0e66eb12a9d347239d,0.0,6,4.428571428571429,1,PR
5f7300535881cef3b625fd683cf7d145,0.0,6,4.333333333333333,1,RS
5fd924b4836098a5be0ecf81ba054ce0,0.0,6,4.0,1,SP
b0b346d3a89f5eb4c2968af3f083cd43,0.3333333333333333,6,3.25,2,SP
851773c885feb5e2da3b4f82bc2b17ce,0.16666666666666666,6,4.166666666666667,1,SP
37dd29b36c458d82f74a953c40c43645,0.16666666666666666,6,4.166666666666667,1,SP
e8dba4d70f7f2b20e775d09cae01142d,0.0,6,4.833333333333333,2,SP
3076499bbc033a927bf4a8a41bcf7fd4,0.0,6,4.5,2,SP
fe701d88b67eaca109dffd464d1be9f9,0.0,6,3.857142857142857,1,RJ
b274baf5bbd142410eb2958cf685d684,0.0,6,4.5,3,RS
f12d3c2a14729ae461b920c11fe20fdc,0.0,6,4.5,2,SP
e58a5b390e28abc0b216cfb0e07d27d7,0.0,6,4.833333333333333,2,RJ
ca7c6bd577e559472af1c699de9e764e,0.0,6,3.6666666666666665,1,SP
e4ebd3f87bf70440014f07ddda7fbe03,0.0,6,4.666666666666667,3,SP
91543f9849d68d023e17194926598543,0.0,6,4.333333333333333,1,SC
9198786624eaeb375793215cad26cfa6,0.0,6,3.5714285714285716,3,SC
768de2a4fc06aacecb9a586ccc30746a,0.0,6,4.857142857142857,2,DF
c03121937e54a93fcc1825c3098bbb6e,0.0,6,5.0,1,PR
d1582f4043306e6b91afa6a8a884f898,0.0,6,4.666666666666667,1,SP
d7485b33791774c36108f8c69602d48d,0.0,6,4.0,1,PR
c8cc60ffd415254af5d9b9f34f32c369,0.0,6,4.666666666666667,1,SP
c8e135e7b21ecbc36c1153a29d2f5a06,0.0,6,4.833333333333333,1,SP
c9a06ece156bb057372c68718ec8909b,0.0,6,2.375,1,DF
8ff38bc3969e67c36c48343a07090f66,0.0,6,2.5,1,SP
c33a5c3c983090c8b78a28e65052a20d,0.0,6,4.428571428571429,1,SC
f3295428338a40977a03f555246a70f4,0.3333333333333333,6,3.6666666666666665,2,ES
f205b1a3ca9a34e0f8a228bae6e4c7b3,0.0,6,5.0,1,RS
236585a4ddb5fea9fa40233e2249ed91,0.0,6,4.0,2,RS
95b293867b5862941c9cd74f756a3c68,0.5,6,3.5,2,SP
270d3ef21830ad0ecf3a6c53d08a533a,0.0,6,1.0,1,SP
25debeafbce801fdd479539350185eee,0.0,6,2.4285714285714284,2,SP
7bcd7c5f8631701474db233ccf1c094b,0.0,6,4.285714285714286,3,SP
79a679c36c08d606b3fd47ead9de109b,0.16666666666666666,6,2.5,1,SP
4049512728d969bec69f84088b012416,0.0,6,5.0,2,MG
40db9e9aa57f7bb151bcda6b0f9bdbb7,0.16666666666666666,6,1.6666666666666667,1,PE
3e8bd881d92466e63ba9e3e809cd3c50,0.3333333333333333,6,5.0,4,RJ
8f580d36c1e9d6fbce95283403c7d447,0.16666666666666666,6,4.166666666666667,1,SP
ef30892870c278497523264be1be2241,0.0,6,4.333333333333333,1,SP
293dee954235e4e4e43f129313625ebe,0.0,6,5.0,2,DF
297d5eccd19fa9a83b2630071ff105e4,0.0,6,5.0,1,PR
2aa3443d7bf9d9bb11133f420d75e083,0.3333333333333333,6,3.3333333333333335,2,RJ
2b03ac196f5ed62ac483960fe0fa3b65,0.16666666666666666,6,4.166666666666667,2,SP
3f2af2670e104d1bcb54022274daeac5,0.16666666666666666,6,4.0,1,PR
3f9c56764fabca627406093dcb3ef0b4,0.0,6,4.666666666666667,1,RJ
56e361f411e38dcef17cdc2a3d99628b,0.16666666666666666,6,4.333333333333333,2,SP
d94ba08b99bedd6a5f6c875ecc4a6fac,0.0,6,5.0,1,PR
5721089ba9214e80074f27d5a03fc0eb,0.0,6,5.0,2,SP
577719699805dd125d5b6fdde5943bba,0.0,6,4.833333333333333,2,RS
579891617139df7d8671d373f0669622,0.3333333333333333,6,4.333333333333333,1,RJ
9aa388272ee334b6ae07bc73706e254a,0.0,6,3.6666666666666665,1,MG
1dd33b8119b3cb1056ed5dc88cd0aaf4,0.16666666666666666,6,3.8333333333333335,1,SP
f44bdc12aa39f5271f0b95f66cd4c289,0.0,6,2.6666666666666665,1,SP
be8e909810184b9b19e886129149d8e5,0.16666666666666666,6,4.0,2,SP
48985c61529077fa4f1e38bcff0f2ed3,0.0,6,4.333333333333333,1,RS
e644cbadf7eeb30d0d29f335ce7d52ec,0.0,6,3.857142857142857,3,SP
6750d71153f00fc58829af2a8ef1bcf1,0.0,6,4.166666666666667,1,RJ
5b2e94f2c22b39ccc24d34ad0f669672,0.16666666666666666,6,5.0,1,SP
8d92f3ea807b89465643c219455e7369,0.8333333333333334,6,1.0,2,SP
71dc18fd8cbf5fd77f45dd8b427abb34,0.0,6,5.0,1,PR
4cf490a58259286ada5ba8525ba9e84a,0.0,6,3.142857142857143,1,SP
4d0041cdbe51b4617d95c70b19decc74,0.0,6,4.666666666666667,1,MG
4d600e08ecbe08258c79e536c5a42fee,0.0,6,4.333333333333333,2,PR
714b9a1332840f257b49f476bea4e341,0.3333333333333333,6,3.3333333333333335,1,SP
13074f016982ff2bd6c58ced8682f000,0.3333333333333333,6,3.2857142857142856,1,RS
a63bfbaa882c8f4542891b4e2246cc7f,0.16666666666666666,6,4.428571428571429,1,RJ
9d489893ff6af05029671b785f54b998,0.16666666666666666,6,4.166666666666667,2,SP
8e2b3afb420011ef0c88c9d5f11ea526,0.16666666666666666,6,4.333333333333333,2,SP
2c3d56f92f360fb89d849b84e8f50eae,0.3333333333333333,6,2.857142857142857,3,SP
2cb6eb1b7185064167657fa09f541105,0.0,6,4.333333333333333,4,MG
2d42ebcda99fd55f6f4bc2f1ca035d50,0.0,6,4.0,2,GO
2dcf93836ae3ce0d7c93e2f10876467a,0.0,6,4.833333333333333,1,SP
2e7ea2aafec5835e781b21d6d1faf1f1,0.0,6,4.5,1,SP
3c3017960b2dbd72711a61f0400aab8f,0.0,6,3.857142857142857,2,SC
3d2531eccfbde1d7c8db7a3a12fb267a,0.0,6,4.666666666666667,1,MG
6da1992f915d77be95d7fa48b36904af,0.0,6,3.5,1,SP
f626e15b7314c267e4429010866f70e9,0.0,6,4.666666666666667,2,SP
1b7e5006cb25dd23ce8686691013b121,0.16666666666666666,6,4.333333333333333,1,SP
ce20a2ec1514c25e16f2b5b39bc818f0,0.3333333333333333,6,4.833333333333333,1,SP
9c7fd21e0aa159b20da593371f08ff7c,0.16666666666666666,6,3.3333333333333335,3,SP
9cea4682e16655f7da87f406902e989e,0.0,6,3.0,2,PR
daf565f087a52def0fd5c5825b3661bc,0.16666666666666666,6,3.6666666666666665,1,SC
bb7a14e229b1c95156719c3d9552eeee,0.16666666666666666,6,3.7142857142857144,3,RJ
9ed65337433adfbedefd23dd76eaa494,0.0,6,4.833333333333333,1,SP
2f09f7d37a97956d11cc1a7cadd5262b,0.16666666666666666,6,3.111111111111111,3,SP
c7a0a13cbcf29d5ce51c8f80afdc0b89,0.0,6,4.333333333333333,2,SC
3985a3c45be355a4c57fde108bfabd1c,0.0,6,4.0,1,RS
39a5005f2605cbdb4f9ac14485cabfd1,0.0,6,5.0,1,SP
89a51f50b8095ea78d5768f34c13a76f,0.0,6,4.666666666666667,1,DF
89de2d6f23e9746ff309705b23581faa,0.0,6,2.3333333333333335,1,PR
86ff3eaef0267069cc891a2ed9d10a17,0.0,6,5.0,1,SC
13fa2a6c6b9d0f43cb588d7c82117a12,0.16666666666666666,6,4.166666666666667,1,SP
52a52b9f656520e99716f5bc40f661c8,0.0,6,4.333333333333333,1,SP
538caafddff204241cecbf3a02e6b3cf,0.3333333333333333,6,2.7142857142857144,1,SP
d9d43faf741ceaa8da52fdbb81d9e0e3,0.0,6,3.4285714285714284,1,SP
a35124e2d763d7ca3fbe3b97d143200f,0.0,6,4.5,1,SP
a36ac007a4d18f865c8d32c3b2402c2d,0.0,6,2.7142857142857144,2,SP
15ead3a5037a918ddb520dfe39a3d2b9,0.3333333333333333,6,4.285714285714286,1,MG
f8201cab383e484733266d1906e2fdfa,0.0,6,4.5,1,SC
6e13dd869aa7185f601c941423abcc8f,0.0,6,4.833333333333333,1,SP
8476243f92442881ddd5b578975cf115,0.0,6,4.333333333333333,3,RS
34f563c82a85b99ae9e6d60db5fc2e28,0.0,6,4.666666666666667,3,RS
d3dcf0604eabf0224fbd5948b5e02f69,0.16666666666666666,6,4.333333333333333,3,SP
eba88037e1dca898cd02881f67ced679,0.16666666666666666,6,4.333333333333333,1,SP
d1b9d4be4b6f9ebd85f8acd6745ba612,0.0,6,4.166666666666667,1,MG
5d378b73ab7dd6f0418d743e5dcb0bd1,0.16666666666666666,6,3.8333333333333335,1,SP
d594982fd877af63ace38ea1fca27c76,0.0,6,4.333333333333333,2,SP
d5b9a084373da994a6e37f732169a853,0.16666666666666666,6,4.0,1,SP
d5c530f4884a75ae0dba9c148718d278,0.0,6,2.7142857142857144,2,MG
acadd4d36859671cb635527c6c977533,0.16666666666666666,6,4.0,2,SP
fec6275253471ace26d209bbaa64cd0f,0.0,6,5.0,1,RJ
ffff564a4f9085cd26170f4732393726,0.0,5,1.5714285714285714,5,SP
08084d990eb3f53af056ccbc1730c8a7,0.0,5,4.8,1,SP
079d295dcbf06ee8bb1b65ba964eb2b6,0.0,5,4.6,1,SP
077c5fae4bea9500e3737b16f71b9d3a,0.0,5,5.0,1,SP
633ecdf879b94b5337cca303328e4a25,0.6,5,1.8,1,SP
07017df32dc5f2f1d2801e579548d620,0.0,5,4.4,2,PB
06532f10282704ef4c69168b914b77be,0.0,5,4.166666666666667,2,PR
010da0602d7774602cd1b3f5fb7b709e,0.0,5,1.0,1,SP
ff1e15b778c700abdd4d239b81ac466d,0.0,5,4.6,1,PR
ff4ea69c2a729e83e63c7579e4ef8170,0.0,5,5.0,1,SP
de66a66f2dd06bb9ec37aa96987466a3,0.0,5,4.6,2,RJ
70bf57d811208f8923b41bbd499a67a4,0.0,5,3.8,2,SP
4ea2f12dbe91deeacd2c1e74f069a6e6,0.0,5,4.8,1,SP
9c1c0c36cd23c20897e473901a8fb149,0.0,5,5.0,1,SP
fcf16b7a8697e559f0123190bb30177d,0.6,5,3.2,1,SP
ae7ab174effdead6c241e547e4ca13f0,0.0,5,4.2,1,PR
ae8bfdbf1c2a2a2dee92d799db0a31c6,0.0,5,4.4,4,PR
ac6417315ae5da8f9a38ee11de6f7780,0.2,5,4.2,3,SP
09bad886111255c5b5030314fc7f1a4a,0.0,5,5.0,1,SP
0ad80de75c811326389cfb1daba7d45e,0.0,5,5.0,1,RJ
039b29ff3b3473435d0cd59040575de9,0.0,5,4.8,2,SP
35fb511489d9ee3ee27a76debce9df06,0.2,5,3.6,1,PR
365e4bce19bda0082c3d15d83fdb8bcd,0.0,5,4.8,1,SP
38e6dada03429a47197d5d584d793b41,0.2,5,4.2,2,SP
392353362d22cc2c236e1ee81ff19890,0.0,5,5.0,1,SC
85cc55e048b6bcc90c75afe7f0e72f72,0.2,5,4.8,3,RJ
7f40d06aa0b5f1aa4f41af8c0480e2ef,0.2,5,4.8,2,SP
89ad3263c0931c47f976d7c5778e60f6,0.0,5,4.2,1,SP
87e24fc7052259b1f7f607d61c10d8be,0.2,5,3.5,3,SP
c53bcd3be457a342a97e39e5a9f0be22,0.0,5,3.2,1,SE
55dedd83e501d8248880557d9073cbfd,0.0,5,4.8,1,RJ
5d76d80a2f5f39c891b996a1bf4c9853,0.0,5,4.8,3,SP
5dc203c7b84a0e71e878a179de05fb9a,0.0,5,4.0,3,SP
9c3c24eca51c52b91c1de727d2a2ae06,0.0,5,4.6,1,RS
4ef4c39cf3c24f326434cf0b2e48046a,0.2,5,3.5,1,SP
dc7192adf8ba09569261f4a8d576afe0,0.0,5,4.0,2,SP
1976a05ecf2996d6ffb7b5430e635fe7,0.2,5,3.6,4,SP
4c61e37f664c3c88aff092aa5ac779d7,0.2,5,3.8,2,RJ
1acde099eb406aa220b1169b188b42da,0.0,5,4.2,1,SP
1690cada046eb7e92c12f98b1f8a8167,0.2,5,5.0,1,SP
9bc484c87d79cd4874e05ca182658045,0.2,5,3.5,4,SP
72c38a04bd6a1c3dbc5298425a0db86d,0.0,5,3.8,3,PR
71592660bbcb6a4664e97b6f8b68babc,0.0,5,4.8,3,SP
661ad5fcc28cdfb8bcadb12bb2272475,0.0,5,5.0,1,SC
67225bff54a172ff67579aaf583efd78,0.0,5,5.0,1,PA
5acd070dd3fe441bbb2ec1f1ede515ee,0.2,5,2.6,2,SP
0951a6e282947e09cd47969f4ed0b47f,0.0,5,4.8,2,SP
b5abf4f36adc043117b4fca82c22984c,0.4,5,2.1666666666666665,4,DF
80f2cf9abf6b5a0e5c612b5eea6646e6,0.0,5,4.333333333333333,1,SP
3969863bb8af7f72580b3b1ffd3a17b3,0.0,5,4.4,3,SP
3a490ba60afa30ece0e7d50cfe74a4f0,0.0,5,5.0,1,MG
48e954b2da4f6a750c844173b347ed40,0.0,5,4.2,1,RS
a1bea7061f61f6fdd9a85a6325ba1033,0.0,5,4.8,4,SP
9a03a4e9eb0b947652fae4f6121a3f5e,0.0,5,4.0,2,SP
bdf0d02d36a1d839d0c39c4a887cdd49,0.0,5,5.0,1,SP
76c47a299e4a8fe992316a85865acbe9,0.0,5,5.0,1,SP
73b8eb4a9a729d4019b24ed1be748cbf,0.0,5,4.8,1,SP
74871d19219c7d518d0090283e03c137,0.0,5,5.0,2,SP
72146da5774cabf2632faedcae097a76,0.2,5,4.2,1,PR
20b54c376b794ed028df09a3cd88e8dc,0.2,5,3.0,4,SP
228e4c1a0be164f613d41c24345f9d2c,0.0,5,5.0,1,PR
f22a247b79dd22ecd91dc8e3b2a1b07c,0.2,5,4.4,1,SP
23ca5f678e0b3ea6c630b30fa8bf51ea,0.0,5,5.0,1,SP
bb2afe2061d53c6968aa0cffa233a8ec,0.0,5,4.8,1,SP
c3fe93ba3085f92855c97e57f38c8c05,0.0,5,5.0,1,PR
c447f8dd3ed213f291d65ef074a268eb,0.0,5,4.0,2,SP
c458e2045a8aa8964f8879af03fdcce6,0.0,5,3.0,1,SP
8060d731897e33b5c5ae575ce1e209e1,0.0,5,4.8,1,SP
e83c76265fc54bf41eac728805e4da77,0.0,5,4.0,1,SP
3d39fbf22a665714baf62fae36029e23,0.0,5,4.8,2,SP
3afc536624bc2e65bddfb5db33cc01f3,0.2,5,3.4,1,MG
081acf3de680d554796c9cf041be7bc2,0.0,5,4.0,1,MG
6879c4d287a8dd06b11f54ea8f78e4da,0.0,5,4.2,3,SP
aae5e7b457a3c72ee230a47d98fceda5,0.0,5,4.2,1,PR
fa74b2f3287d296e9fbd2cc80f2d1cf1,0.4,5,2.5,1,SP
e70053bf73d1b5863932e53a9fa47496,0.0,5,4.6,2,SP
e73bf2cea7fe4b0b4d287a7568ed1099,0.0,5,5.0,2,SC
3d4824f20035949c710eaf111f869d39,0.0,5,4.833333333333333,5,SP
3d4b1ae7539303b5704493798893e82c,0.0,5,4.6,2,SP
c8660dcf9ba70575f45d80fe28c27713,0.0,5,4.6,1,SP
525e75a6fb1454a2325ab1734bcec221,0.0,5,4.6,1,SP
6d2f2e3b539480db1e0842b3a4e32e6e,0.0,5,4.2,1,SP
cf1313c6e2c01c2f4b014f97db4bcd2b,0.2,5,5.0,2,RJ
a254c682cc01e119f83530446f1df9a9,0.2,5,4.0,1,SP
15fa791d5e017f66402dc28c44480657,0.0,5,4.6,1,SP
f783a638e9c6af4a7d0dbfde811e7a81,0.2,5,4.0,2,SP
f805b96fa705ba7995a221f1749dc141,0.0,5,5.0,1,PR
e0eabded302882513ced4ea3eb0c7059,0.0,5,4.6,1,SP
bfd938b22bc99bce1ae60dc602889f52,0.0,5,2.909090909090909,4,RJ
b6dc74ed30f124f95227bed4e43a3bed,0.0,5,3.4285714285714284,1,PR
57df9869a600bd6b7c405f2a862eccfb,0.0,5,4.4,1,MG
57fe6232e67823593374a2281d7a8af8,0.0,5,4.6,2,SP
55c96925041a14097b6a7825554f4ad5,0.2,5,3.111111111111111,1,SP
3f9be91358837bff69df67edfa3e42e8,0.0,5,4.2,1,PR
8d46553a36e68f95350a200c12f8f2e2,0.0,5,3.5714285714285716,2,SP
8b655f0855926bcb49f5835d38dfddf6,0.2,5,4.8,1,SP
edc518ba25576a0188a0e8f2c3af186f,0.0,5,3.4,3,SP
257e61d3251fb5efb9daadddbc2cf7ca,0.0,5,4.8,2,PR
3ea00e1dea2b0659dbaf654735929220,0.0,5,4.8,1,PR
e45edf75f568ed2f93f78d060e246e25,0.2,5,4.2,1,RJ
94b9108d4b637ba65bb4f1e53cfcf8d8,0.2,5,4.2,2,SP
c24173065483e421f9e5e7f599de101d,0.0,5,3.4,2,SP
26bad72add1f86e08a776ce4ffdaf1ca,0.0,5,4.6,1,SP
a37c340b91cb0169e8b029db6440fba2,0.0,5,4.8,1,SP
ba6b4a237f92479743cf0ca06b67a9ac,0.2,5,4.2,4,RJ
78744a20ee2f80ba64f6804c25def2b8,0.2,5,4.0,1,PE
fa14641f57b655e933124a9ea49cd7a5,0.0,5,4.6,2,SP
0e44d110fa6a54e121cb2c095a77762f,0.2,5,4.2,1,SP
cf8ab1616079e2793aa29d524df01bb1,0.2,5,2.125,1,SP
7ecef8194babfec876ca720714327841,0.2,5,4.2,2,SP
403aa86912527d730337ffcb0fb096ab,0.0,5,4.4,3,MG
2bd05d410a8fd26dc4184a15f4f2f588,0.0,5,5.0,3,MG
6b89abe95848c850399130d149a39b63,0.0,5,4.0,1,GO
ba6ce6de456f6c11d08c17701ba5c26f,0.2,5,4.0,1,SP
6b9b80d53ba3676eafe60268a810b5a1,0.0,5,3.5,1,SP
54aa8463e87776b5612f4bdc4bd5d4de,0.0,5,4.6,3,MG
55029529919c0123526150bd26ca8f20,0.0,5,4.8,3,MG
a5259c149128e82c9d6d46e0c1c812bb,0.0,5,4.0,1,RO
a53f60f05f822b5c621a50ff6a5cb362,0.0,5,2.6,2,MG
c89cf7c468a48af70aada384e722f9e2,0.0,5,4.6,1,RJ
4221a7df464f1fe2955934e30ff3a5a1,0.0,5,4.8,1,BA
f021c962aaba8ef6eb527a9c2c8394d1,0.0,5,4.2,1,SC
63a79f5a7eb5cb48a7e5787b141c7993,0.0,5,4.4,1,MG
63b9ae557efed31d1f7687917d248a8d,0.0,5,4.2,2,SP
b1204cfda1d4948679db3cfc0d3cb95c,0.0,5,3.5714285714285716,3,SP
ade45994b717ccee333492330fbf037b,0.0,5,4.4,1,PR
08cdbae123ff67ca4e36d9d641ce0119,0.6,5,2.8,1,MG
fc38b5dceee1a730fad8853453437fbd,0.0,5,4.6,2,SP
04fdea0c111866e6cf812f1570d6b5bd,0.2,5,3.0,2,SP
0570350b23eda5444f8d1d9544932058,0.0,5,5.0,2,SP
05a940b4ecae36cadfd8e93bd9c43257,0.0,5,3.3333333333333335,3,GO
866558b3bccef2dbc6d29a2b5995016f,0.0,5,4.8,2,PR
31eec405c9bb71dec8e2629a92e764fa,0.0,5,4.6,5,ES
32f1bb9dfa65bc7df5c0d9d95a616be4,0.4,5,3.4,3,SP
2fdde51ad3e12f297da656d4fbd5d0b5,0.0,5,4.5,2,SC
2ff6b7bff164ef05590a52734e1296da,0.0,5,4.6,4,PR
3364a91ec4d56c98e44174de954b94f6,0.0,5,3.6,1,RO
83b08de96980757220871b31bf6cffca,0.4,5,4.0,1,RJ
fe1b067411b8c5066e962aa146ccee03,0.0,5,4.6,2,SP
fe87f472055fbcf1d7e691c00b1560dc,0.0,5,4.8,1,SP
fe26f3ecb51a15e6d8335cd92da42562,0.2,5,4.6,2,SP
b29d3380981c51df13fc6fbe87e1763d,0.0,5,3.6,2,SP
fe1bbc5feda5c8979a8a1b3b2512d5a6,0.0,4,4.25,1,MG
0aea4c6ae1505b3228ddf3dd7822ee5b,0.0,4,4.75,1,SP
ea4e9ce63a2134743b4a92777437fcdd,0.0,4,4.75,1,SC
33dd941c27854f7625b968cc6195a552,0.0,4,4.25,1,ES
86bf77bdb52e615674772d5817c6212f,0.0,4,4.75,2,RS
05730013efda596306417c3b09302475,0.0,4,5.0,2,SC
039e6ad9dae79614493083e241147386,0.25,4,4.0,1,SP
b0398568231ba5e6734af1881671a317,0.0,4,4.0,3,ES
fc59392d66ef99377e50356ee4f3b4e1,0.0,4,4.0,3,BA
61b18775be84fb700a6b2d0ba097bf66,0.0,4,4.5,1,SP
606ce7768feac12c5e8bd58db8b08f0f,0.0,4,4.75,1,SP
05e107217c7266362fd44b75b2cd4cc4,0.25,4,4.5,1,SP
f049a72cf58fd31b11f8919cade515e7,0.0,4,3.5,3,SP
28ea411b354f14b1a494be4e79f0ce02,0.0,4,4.75,2,SP
28405831a29823802aa22c084cfd0649,0.0,4,4.5,1,SP
6989574bd97d9773f10d232b6c07da59,0.0,4,5.0,1,PR
54219883e72aad869adfb2a54b7bfa0f,0.0,4,3.75,2,SP
6bd69102ab48df500790a8cecfc285c2,0.0,4,3.25,1,SP
91f5779a8731baca4809fdeade81803f,0.0,4,4.75,2,RJ
29fe9f200d3fa0c668d2aa1ec7e08dfb,0.0,4,4.75,1,SC
ef9952469137ff190bacafe117f51537,0.0,4,4.75,1,MG
4091f77d8c768fc3e81c20761471761d,0.25,4,2.5,1,SP
e5f9e61ceb5f523cc966e0f34095032f,0.25,4,4.0,2,SC
8f2b51a30523cdecddc2f179f351c7d6,0.0,4,4.75,1,SP
11d4c477d09821164bca4f70a2eae031,0.0,4,5.0,1,SP
a72c2f59332659e361d647515c698798,0.0,4,4.75,2,RS
0c7f30ae9b147eca07affbef92832a6a,0.0,4,5.0,4,PR
0bfd0b434243adc5c2e1aa6baf19c6aa,0.0,4,3.5,3,RJ
918717417d88a9f9ae9735567e6c7682,0.0,4,5.0,3,SP
e53d5b9b29d1218281f4a907ada18626,0.0,4,4.75,1,PR
79565f7d5603b24ddf07ade262547f2f,0.25,4,3.6,2,SP
78a4d36f65a019172c6154468831a69f,0.25,4,3.75,1,SP
c9e5ad1f6647f5dbd1172adf6ae3cada,0.0,4,4.75,3,RS
c3aad7dc65449ae90a5e9c3c6c1e78e0,0.0,4,5.0,1,SP
ba6b68b55fe8704377a7d43c8e5c0185,0.0,4,4.25,3,MG
f8d5c7085db9a4ad2b8c1ffbeb2798c8,0.0,4,5.0,1,SP
b98b715fe9e276204e2a3464f48cd796,0.25,4,3.4,2,SP
a414555ce331b8c8aea4a9cb8395194d,0.0,4,3.75,3,SP
a3b42d266fa8afc874b909422ce88582,0.0,4,5.0,1,SP
a64e44665225d19dfc0277eeeaaccc57,0.25,4,5.0,1,SP
a5ff20ff766e7f50bd5066f33da14413,0.0,4,3.0,2,SP
a5dd1946fb63ada8bcaa0c9cd8f11e22,0.0,4,4.5,2,PE
269cff2d3c8d205c11f37a52402ea93b,0.0,4,4.25,1,SP
269c5fc9fcadee614364c3620c30a1f9,0.25,4,5.0,1,SP
941554c5757b73ba0e50aa7732310afc,0.0,4,4.5,1,SP
c113b8df1fc375bc3d73d29c1b1144d1,0.0,4,4.0,1,SP
c0f783394e37cd9c9d7f5f81141450fa,0.0,4,3.25,1,SP
e439f7176d763f92de325271111b2fd5,0.0,4,5.0,1,SC
777a0c55737f34ffeb78010f7542ab41,0.0,4,4.75,2,SP
4170f6a9367e6b5d6401d03ce6d54569,0.25,4,4.0,2,DF
2528744c5ef5d955adc318720a94d2e7,0.0,4,2.25,1,SP
7d7d2b7a51328016102d4528c411d630,0.0,4,5.0,2,SP
7d7866a99a8656a42c7ff6352a433410,0.0,4,4.75,3,SP
b7cc6c5e001441ae8cdd5c69a480cbe4,0.0,4,4.2,2,SC
a9b533a26e898b12e8b8d4c07279bf4d,0.0,4,5.0,1,RJ
5795aebfe331fbcd02a2c4b679fb7952,0.0,4,4.75,2,SC
6861de0f40cacb0602e473c51639f980,0.0,4,2.75,1,PR
698f5fa55a5f73d0740e9d9a773e8093,0.0,4,5.0,1,RJ
b76a1f8356322f12529c37b67d5c96c2,0.0,4,4.75,4,SP
bff9deb0ec77d437f3305a79cf25529e,0.0,4,3.75,1,SP
954e95f20808d7e5d11f0de292d078e0,0.0,4,4.75,1,MG
e2a1ac9bf33e5549a2a4f834e70df2f8,0.0,4,4.75,1,SP
cf654707ed6a99f112c7ec3d6f314b8b,0.0,4,4.75,1,SP
da03c298e3999e9d828591fc2179d109,0.0,4,4.75,1,SP
6cf476a4ca74498db55cbccdaa9dcfb6,0.5,4,2.4,2,SP
52ac6f920b7280e4c6d30dd94de6259b,0.0,4,4.5,2,PR
8c0de775f52fe41590b376a3b7c50f68,0.0,4,4.0,1,SP
3bfba5a77604f6dfae7e6dd7aaf65821,0.0,4,5.0,1,PR
2ea0861cc19e94cad86438c984c52da4,0.0,4,3.5,4,SP
0d83f8e03188682112cc0d93523705cc,0.25,4,3.5,2,RS
d197aa8fbc64087f61984deef05f6227,0.0,4,4.5,2,SP
5962468f885ea01a1b6a97a218797b0a,0.0,4,3.5,1,PR
68ca56ce86830f3d31b1b7ec6a54da3e,0.0,4,4.25,3,PR
edd066cd02126d7800f9b66e980e9931,0.0,4,5.0,1,DF
fadb07c842a2aef5d5a676b85f220e71,0.0,4,5.0,2,SP
8b2d4ab22f42c5cfc338b846decfda60,0.0,4,4.75,1,PR
8a87611c08849ffeeccab52aa798b6c7,0.0,4,2.4545454545454546,4,PR
8a43128d7f9a3db592b866e6861a6cce,0.0,4,2.0,3,SP
8a40ae794fa3f9892cee24bd5af0488b,0.5,4,2.75,2,PR
c500367424994318b9e779ff1ae9a330,0.0,4,4.75,3,SP
7daca0837f033a41a6f3428c18657533,0.25,4,5.0,1,SP
c42fd8e4d47dfb18ce5222f2dd7752f9,0.25,4,4.0,3,SP
bf961104a38e01b9062ee026bb657dee,0.0,4,4.5,1,SP
74636e24f01da9268b0ed88dacd8513e,0.25,4,4.0,2,SP
7354220fb240bde543b3c40c060d41e7,0.0,4,4.75,3,DF
20a7efa9721046319bdde5d60b6b5365,0.0,4,5.0,2,SP
f35becee938e982bd615edf8ef12bcfb,0.0,4,4.0,2,SP
9853a239ab7b7ebbdc3a21248d5b8e1f,0.25,4,3.8,1,PR
98115075dd26cb8835946fc6086f5d30,0.0,4,4.75,2,SP
97e995629983723d11830a829bc2b246,0.0,4,4.75,2,SP
97e4a63591ca439a2b8b7efd20e6e19e,0.0,4,4.75,1,RJ
1fbe10c70e30765ed1de86d9f7e98409,0.0,4,1.75,1,SP
1e8c6a4c538f286aee9573239740a4b4,0.0,4,4.0,3,SP
f4ce8ca9fa7157e3b33f536ac9a4487d,0.0,4,4.75,2,SP
a1544b9ea0b2390e020537d4daa89049,0.0,4,4.5,1,SP
6c9875b2f94ba781186f0c1aed8d1687,0.0,4,5.0,1,SP
6c6e3d67f969468f3bfd33f827a31222,0.0,4,4.75,1,PR
6c17baf138731a4aaacc3210adf2037b,0.0,4,5.0,1,SP
51ed72984a04e5dd35c2b27e77179038,0.0,4,4.25,2,SP
4b39558c138930b9e5489c93b6df5fe3,0.0,4,5.0,2,SE
4b1eaadf791bdbbad8c4a35b65236d52,0.25,4,1.8333333333333333,1,SP
3a4127e1ba7208ea37044c5092aae170,0.0,4,3.2,2,SP
8185694b58b2ba6de20fd41ae608bbea,0.0,4,4.5,2,SP
2f4b9d112bfa44a214bc6cef085d17c8,0.0,4,4.25,2,ES
2f4b0d3b9634b647d4edee577d7ebb7e,0.0,4,5.0,2,SP
b586cd24c010a13916af621b0325fbba,0.0,4,4.25,1,SC
0b64bcdb0784abc139af04077d49a20e,0.0,4,4.75,1,RS
0873d9f8f36123f8d910f4760e788cfb,0.5,4,2.75,2,SP
6548c2550b6e2d8f18053216e1c7b6f3,0.0,4,5.0,1,SP
4a82168aaef173cbb6e46ae88728f919,0.0,4,4.0,2,PR
bdb3edbaee43a761e2d4f258dc08f348,0.25,4,3.5,2,SP
6ee85be3693ed79a8e80718743d80655,0.5,4,2.142857142857143,2,SP
186cdd1b2df32caa72cfb410bba768d3,0.0,4,5.0,1,SC
a080fc8a850289b27500f6b49cca2553,0.0,4,4.75,2,SP
a06c8ff043abea0528ee44171e2140a2,0.0,4,4.5,3,MG
152ee17e4c8aaf53dac99f3462e4999b,0.0,4,4.75,2,SC
167fd940acebc789debd6eb418c46e38,0.0,4,3.0,1,SP
189ca3538ce9f920cacf0f982cbe223b,0.0,4,4.25,1,SP
4dc646b9b9e8e411ef48ba000ea3ac6f,0.0,4,2.75,1,SP
9ac4f14370b1e24ddc58be041b7f99df,0.0,4,4.75,3,GO
1cd9e0cc1839d55516843def5600816d,0.0,4,5.0,1,SP
1cbd50a8c52e6cf8e315c5709fab386f,0.25,4,3.75,2,PR
4d232b78ab7ef10393dc3807d827bc0d,0.0,4,4.25,2,MG
4bcec44888b30ba9001234c534716d3f,0.0,4,5.0,1,SP
df47da4ae86fa4db890d05aaf24e21d8,0.0,4,4.0,1,SP
71593c7413973a1e160057b80d4958f6,0.0,4,4.0,2,SP
4dbd95a08b31ede5c82d3f861cb1ce1a,0.0,4,3.5,2,PR
f5f46307a4d15880ca14fab4ad9dfc9b,0.0,4,4.75,2,SC
515d781150feed28a6ac091bb0e3cb8c,0.0,4,4.25,2,MS
9cf787a239c1aa29dbd76f153dc13f9a,0.0,4,4.75,1,SP
9cad4b68bb993ee401a3c5aaa2bc26dd,0.0,4,4.0,1,SP
5def4c3732941a971cba8fdee992ede1,0.0,4,4.5,3,SP
c714262700f93defc16bf17a51a4cb23,0.0,4,3.75,2,SP
c6218512d16fcac0af02fe92691cf274,0.0,4,4.75,1,MG
c5e60e39c0f42b8e827daa13cff74afa,0.25,4,4.75,1,SP
883dd81e82754ac2c65e9790a7db8c9a,0.0,4,4.25,1,PR
31be790e64fc99f8ff48ec2bd18a3104,0.5,4,4.75,1,SP
312ba1d77e9c332ef21f9598b7f64cd7,0.75,4,2.1666666666666665,2,SP
2fa13c8bd5705d279f7ed5cc9ec61c68,0.0,4,5.0,2,SP
7f35f9daf223da737b78738fbae4d977,0.0,4,3.75,2,SP
38af8acfd46ac4a7bf754e8ca6736664,0.0,4,4.75,1,SP
385799a1cddbd26dfeb9157356a42282,0.0,4,4.0,2,SP
365e445f796710c3431557e85caa25db,0.0,4,4.25,2,SP
5f0057b677eb963672bf05dfa3f16c34,0.0,4,4.2,3,SP
bca9230d3bbb4efa51872bf605a2f1ad,0.0,4,4.75,1,SP
bc302730ea8cf49b5c74f579febb5bbf,0.25,4,3.75,2,SP
4e326052e5dbba8adcd512f3450a307e,0.0,4,1.0,1,SP
dd4d95ba2d15c071e6c695e2ef6ce169,0.5,4,4.25,1,ES
71271995e85f5b8530be99ed54a91b89,0.25,4,2.6,1,RS
debe6615cd90cc0c2eac2b8988e1f628,0.0,4,4.5,2,SP
9b522ba7eae9e1d04082f267144583cc,0.25,4,4.75,2,SP
b3f19518fcec265b2e97af287725f981,0.0,4,4.5,1,SP
0307f7565ff85b299b6e5ef162b1b1a9,0.0,4,3.25,3,SP
d29ba1220fb8634fa3a107e54497b8a4,0.0,4,3.0,2,SP
0743a0239d764b9a0f959a57d07e36ab,0.0,4,4.75,2,SP
5f06030071324cc52bf0304014ac7234,0.0,3,3.6666666666666665,1,SP
6025c79c035c3d772133b8b8238463b2,0.0,3,5.0,1,PR
626ab1cd96932367f0eeec2e47046c12,0.0,3,4.666666666666667,2,SP
08f5819815f3d06545011850bd70f0a8,0.0,3,4.666666666666667,1,SP
044668ccd5316b12a7cf0d54a156e3e9,0.0,3,5.0,1,SP
01ed254b9ff8407dfb9d99ba1e17d923,0.0,3,5.0,1,SP
62760d278921b5f352461620d68a9cee,0.3333333333333333,3,3.6666666666666665,1,SP
d4a5e99e0dd915df64ba55a7fbd583fd,0.0,3,1.0,1,SP
fedf2c1386e137f296b3bbf3b635e69d,0.0,3,3.0,2,SP
70f84699be677ec988d1fa824aef7d90,0.0,3,5.0,1,MG
4deebb3199eeafb282ae33229144f94b,0.6666666666666666,3,2.3333333333333335,1,SP
9d213f303afae4983637247556438ede,0.0,3,5.0,1,SP
dc50afafdfa325eadc890c7fa42a8f4e,0.0,3,4.666666666666667,2,PR
50770d25768b0486d89be26afca3108f,0.3333333333333333,3,3.3333333333333335,1,SP
5145090ab595c0d0b8557199f5701fbf,0.0,3,4.666666666666667,1,PR
5151aea44289d6c6b090ee31c2132508,0.0,3,1.0,1,SP
9da1ca0bef29ee170e541927a5aeabdc,0.3333333333333333,3,2.3333333333333335,2,SP
19e0f40a907ec568c34bfac15de4f4a1,0.0,3,5.0,1,SP
f6122bc84774df1b372bdb3bb88ddb9f,0.3333333333333333,3,3.6666666666666665,1,SP
1b65c144b17e607c0f37f10bb7dfec8d,0.0,3,2.0,1,SC
191d55f7edb8524d525ed01b20fe32e8,0.3333333333333333,3,2.3333333333333335,1,DF
99a25c39b28a74d1151c35c18d178292,0.0,3,5.0,1,SP
1ca4bdb0cd7fc48e949bac066188ed26,0.3333333333333333,3,5.0,1,MG
1cbcd2ee0afb3fc09963b87eb65e7e4f,0.0,3,5.0,1,PR
717b78b0950b51ed00b1471d858b0edc,0.0,3,4.666666666666667,1,SP
ccada0ef508e698917a6eab263375905,0.0,3,3.6666666666666665,2,PR
4c1c7281388a33dd06daac44f9fadbd1,0.0,3,5.0,2,SP
1d0997ff06b524ce9289ffd75114ecd3,0.3333333333333333,3,3.6666666666666665,2,PE
14ee35374a7876217954b5fa08e50463,0.0,3,4.666666666666667,2,SP
9e9b539eb2806acee3f5c28085c1db9f,0.3333333333333333,3,3.6666666666666665,2,MG
9fc70243fb26800cba56e8f014797004,0.0,3,4.666666666666667,1,MG
a00824eb9093d40e589b940ec45c4eb0,0.0,3,4.666666666666667,1,SP
f650a9708fa1bab22bdd8d3a818cc415,0.0,3,4.0,1,SC
184725737946a1a938bbbd1a9e978103,0.0,3,4.666666666666667,2,SP
6fa9202c10491e472dffd59a3e82b2a3,0.0,3,4.333333333333333,1,SP
455c5640e8c5bd1b2ee85c0158f85727,0.0,3,4.333333333333333,2,SC
bd0a1b0aadca9a83d9304f7e8ff5fbd5,0.0,3,5.0,1,SP
bd4431c1a8dfa744b59e1e2a8bc99b9e,0.0,3,4.666666666666667,1,RJ
499ec63c58e51296c9cf57edcfe1c8a8,0.0,3,5.0,1,SP
49cdc90518a4f82676b38b3c1aa43ff6,0.0,3,4.666666666666667,2,SP
4a1917ef994878940e1fb03eeb787ad7,0.0,3,2.6666666666666665,1,DF
e09887ca8c7bf8a4621ce481820414ef,0.3333333333333333,3,3.0,1,SP
4c8545742faaf58fafd5fd14d25d75cf,0.0,3,5.0,2,SP
700f03c207639c22d933381ff60b35c2,0.6666666666666666,3,3.6666666666666665,1,SP
5194c22ed1f616ec0c0f33c571542879,0.0,3,4.333333333333333,3,MG
dbbcfe2c8d026742134ac3e28ccde274,0.0,3,3.6666666666666665,1,PR
6c1b6d0c604b776f844125f911eb7377,0.0,3,3.5,2,SP
52092ddbd3a58c450a4459bf051b2287,0.0,3,5.0,1,SP
5236605f4d4b0b3e4df85b850393fca0,0.0,3,5.0,1,SP
52454f90d4c30c016768db02f88c1a74,0.0,3,4.0,1,SP
a13aaf2d2886ab9fb30fb9a920160b8f,0.0,3,4.666666666666667,1,SC
baa49d93c8c8841e27400a300f5d74b2,0.0,3,4.333333333333333,1,SC
bac692d6c0ed08467878018e6cc9c26c,0.0,3,4.0,1,SC
762fafdaa57a532ee0119731697579dd,0.0,3,5.0,2,SP
f419677537694f0462a91990df6ca44f,0.3333333333333333,3,3.6666666666666665,1,SP
1d1bbb8ac1581824986f582583fff01d,0.3333333333333333,3,3.3333333333333335,1,SC
2075d8cd4dd63ff12df0749a5866bb06,0.0,3,5.0,1,PR
48e5ee06fb2dc74df1c711a9b6dfac2a,0.0,3,5.0,1,MG
7402d13c03a7e91366337cd1de471144,0.0,3,3.5,2,PR
94ca168e8bcb407ab85c5da308863027,0.0,3,5.0,1,SP
75745ef7bc7d4f3ea3380f6f5303f514,0.0,3,5.0,2,DF
761681a821d8275bc79f552116d06869,0.0,3,5.0,2,SP
762ed976527cddf02787edba70fffa2a,0.0,3,1.6666666666666667,2,PR
5275ca25d0358ca73864e0ae41be1320,0.3333333333333333,3,4.666666666666667,1,SP
534a01cc6df1e034e05c32028a291fa2,0.0,3,4.666666666666667,2,SP
a3082f442524a1be452e3189e003b361,0.0,3,4.333333333333333,1,SP
a0a14e50070f3225b3eabba5b85da517,0.0,3,5.0,1,PR
e5c84227854980f1db19a58958c551d9,0.0,3,4.666666666666667,2,PR
461ff5303b6c9c1a4a07f40c5aece516,0.0,3,3.6666666666666665,1,PR
47648caee88ccfe951fbb27fbf7b4cbe,0.3333333333333333,3,3.6666666666666665,1,SP
485452467ff670447e84a8370c3fc898,0.0,3,4.666666666666667,2,SC
c00396cbdd2e088fe4281baa5920aef1,0.0,3,5.0,1,PR
25be943a321c8938947bdaabca979a90,0.0,3,3.0,1,SP
f1b854361f4e15d5851b494df66f22b2,0.0,3,3.3333333333333335,2,RJ
cac4e0bc1a3269fa2b6ea5e763f6115b,0.0,3,5.0,2,SC
44717f64ec2a457979cf83c429077666,0.0,3,5.0,1,RS
e3d3b3efac954a60d61be70b7e05b49b,0.0,3,4.333333333333333,1,SP
e3e290b38963293022cdcd6db8328103,0.0,3,3.3333333333333335,2,SP
74c7dec0a384d8a05950e629bd23bde9,0.0,3,3.25,2,SP
a0d7fbb07bb5ebc3b05980e750db56f3,0.0,3,1.0,1,SP
b9c0ffa92f3ff9a5a3d45ef7213c0842,0.0,3,5.0,2,SP
13511db12ac61e2f89c53b72a944a60b,0.3333333333333333,3,3.3333333333333335,2,RS
13dd308f81fea30cc670c656b2b46cc3,0.3333333333333333,3,5.0,1,SP
117cfc326c6d50da67ca858ff5c0c852,0.0,3,4.666666666666667,1,RJ
119d1aef1b4144adba89163f6cd9f5d4,0.0,3,4.666666666666667,2,SP
78ef7e885d17f35e2382a47aae8b8cce,0.0,3,4.666666666666667,1,RS
e51f22821f0c12a16ad5c020cdcd55e9,0.0,3,4.666666666666667,1,SP
26e13b6ff5b641b329e5524241ee2c93,0.0,3,3.6666666666666665,1,SP
c26ba52cf8d2f34915f2f6b7ffa0a3f3,0.0,3,5.0,1,RJ
9261d76c62caaf0b24677c2ceb7f8f20,0.0,3,4.666666666666667,1,SC
929f342384a6607afe143d789ade1316,0.0,3,5.0,2,PR
8fb791022c1fc8909664f48ab7dc636d,0.0,3,4.666666666666667,1,SP
8fbe2ee446b97e128471be4ce983dc0d,0.3333333333333333,3,3.0,1,SP
6bb62a4912377c7bfe7cb17b406bc7e6,0.0,3,4.0,3,SP
6bb66d9870c2e01c05655c7ed0e7ee13,0.0,3,3.6666666666666665,1,SP
6bd503a8230299c9316fb0f726933927,0.3333333333333333,3,4.666666666666667,2,GO
f8e2c1b59cd4225a3e4fd0d013a76b93,0.0,3,5.0,2,SP
f9d010e39375d9c91dce3f40b73a2f84,0.3333333333333333,3,3.6666666666666665,1,SP
a7a9b880c49781da66651ccf4ba9ac38,0.0,3,4.0,1,SP
a56e351445e5863fc8960640ba9190c7,0.0,3,4.333333333333333,2,SC
7d294cf9a6a69dc6a0c3e540fff0e039,0.0,3,5.0,1,SC
7a91bf945c6fae0779f1c61ce97fe45c,0.3333333333333333,3,4.0,1,RJ
7a9c12e235c36247c3c81f50d6ea9cea,0.0,3,5.0,1,SP
7aa538dd6e114e503a2e6154ea352253,0.0,3,5.0,2,SP
41e0fa5761c886a630994a55c12087e7,0.0,3,5.0,1,SP
427165bf50f8ca07efc7bdc2bfcf1688,1.0,3,2.0,1,SP
8fff28c4263ddec387f28d237fb42773,0.0,3,5.0,1,SP
901b460cdce0c64e471230d7f2f9f3a3,0.0,3,5.0,1,RS
90b36c5aeb728d5504a39f435bef0c5f,0.0,3,3.4,3,SP
28c7d8743fbc8679f484868cc0fcaefb,0.0,3,5.0,1,SP
a5bff0f43eb51f0cad7c37fac7244c8a,0.0,3,5.0,1,SP
0cab2da43793a6f3c5ed8514c5f54627,0.0,3,5.0,2,PR
101a3a003516bc11253298b2fad3cb65,0.0,3,4.666666666666667,2,SP
0dfbed20065e425d2eaefb101f9816c0,0.3333333333333333,3,2.6666666666666665,2,SP
b88e7c57cb2d8b973b7dd4a2bfa14b36,0.0,3,4.666666666666667,1,PR
a67780aba9dd436e7ac0aa1f889e73ec,0.3333333333333333,3,3.3333333333333335,2,SP
11eac105f3f90a9b87b19c89d91e24f3,0.0,3,3.6666666666666665,2,SP
11fb6f6d341adbe19e81733701704635,0.0,3,5.0,1,SP
120476eb7a04c149d14772edaf5d9bf2,0.0,3,4.666666666666667,3,RJ
7b8e8ec35bad4b0ef7e3963650b0a87b,0.0,3,5.0,2,SC
7994b065a7ffb14e71c6312cf87b9de2,0.0,3,5.0,1,ES
3faf68a3b0af94b10bac70d86077be49,0.0,3,4.333333333333333,1,SP
2a167ca73899c85001a837d8fb4962f6,0.0,3,4.333333333333333,1,SP
2b3b9ce054da76a7428df143a567b156,0.0,3,3.0,1,SP
2ba91c7ad80ff88b23b7db823b43c233,0.0,3,4.333333333333333,1,SP
eebb3372362aa9a46975164bed19a7e7,0.3333333333333333,3,2.8,1,SP
7c51de0ab286204ce75ff42bf7c10d92,0.0,3,4.666666666666667,1,SC
55c26bcb609f480eb7868594245febb5,0.0,3,5.0,1,SP
aa1eb17b9fdf6dfd546e25c45c7b9235,0.0,3,4.333333333333333,1,SP
aa762680c40618316a896838866140ea,0.3333333333333333,3,3.3333333333333335,1,PR
0e72c1a751b496722a6cb1f10653b62a,0.0,3,4.666666666666667,2,SP
0ec28cec4046a4a199b6de9b4c891d97,0.0,3,5.0,1,GO
c4f7fee5b0db50e87766f5a4d1b1b758,0.0,3,3.2,3,SP
3f84fefc07dc159b268d4a77d3e8c425,0.0,3,5.0,1,PR
3fadb4cba4c35bce6a7eaf9872d5623a,0.0,3,3.6666666666666665,1,RS
7adbd3210a7b3cc2235e225eef33574d,0.0,3,4.666666666666667,1,SP
8dfbc5ff27df12f6cef751d3b9554222,0.0,3,5.0,1,PR
8e34331b7eedd03be4e5d965c1956225,0.3333333333333333,3,5.0,1,SP
2c43fb513632d29b3b58df74816f1b06,0.0,3,3.6666666666666665,2,MG
7df1fc11cc5cbc518b39faa60cf5d67c,0.0,3,5.0,1,MS
7e79d65b5c6f1f544b7daea036acf720,0.0,3,4.666666666666667,1,SP
0f0c984a4a955310903b6b6008660bad,0.3333333333333333,3,3.3333333333333335,1,SP
d6b664fa0667064c6d76394e7848d790,0.3333333333333333,3,5.0,1,SP
d79e8478eed9999493990b44955fb22e,0.0,3,3.6666666666666665,1,RJ
ab3e0c171fe84a7ba7de130f19cfb485,0.0,3,3.0,2,PR
ab9db4cf53b08b828b64dccaafc2d9f0,0.0,3,4.0,3,RS
abbf6046bbdf1028606a5bc7f00c99e7,0.0,3,4.0,1,SC
0d4c8269e7f0401201794deef160edd6,0.0,3,5.0,1,SP
fa3a0b5aabb344b9a92e3524b0202123,0.3333333333333333,3,3.6666666666666665,1,SP
fac35d150712afb921ec59ac5f39bb11,0.0,3,4.666666666666667,2,MG
c7c7b2682c648339a0e9846bb1023a39,0.0,3,4.666666666666667,1,SP
c7dcd301ecfe5ab7f778ac172cf74be7,0.0,3,2.5,2,MG
8ca5b19e0263150d2c57afdde2b3d011,0.0,3,4.666666666666667,2,SP
c3f5668699a1b04c0fa61ecea1e2bff6,0.0,3,5.0,2,PR
2fb25ab44bdbeae6a4d816e0d0c9d500,0.0,3,4.666666666666667,2,RJ
e83e93b71371817b11d78a63ff156aee,0.0,3,4.666666666666667,1,SP
3d01d1c414c44b5943a09619ff3853cb,0.0,3,4.0,1,SP
3d3ccf2b2f8134b10dce9dd446f0e075,0.3333333333333333,3,3.3333333333333335,1,SP
ed46f1eb4a638113deb2a1137b5f22e9,0.0,3,3.6666666666666665,1,SC
8a8835a43bda99fd37310ad76c457510,0.0,3,4.333333333333333,1,SP
08ad4ac1388e4420ca531c3edfc46198,0.0,3,2.6666666666666665,1,SP
ad87df7699e83b8a91822a4a0b765c3a,0.0,3,4.666666666666667,1,SP
b4b447d715f9ab302a188fb43d3e96b3,0.0,3,4.666666666666667,1,SP
b566ab0ef88016e00422755e305103c6,0.3333333333333333,3,3.6666666666666665,3,MG
09883d9ab71c8fe8a9bfc7fc3075b07e,0.3333333333333333,3,3.25,2,SP
35ef5aa32949680f627efec3c23e705c,0.0,3,3.3333333333333335,1,SC
2ee0a0689f2f6a72f35a7cb6033f6e7e,0.0,3,4.333333333333333,1,SP
2eeb6531ee027a48d401e72bebdd87d3,0.0,3,4.333333333333333,1,SP
809413606dbfe5deefd2db646693ef67,0.0,3,4.333333333333333,1,SP
38102b031c2a15e54623d711bfc753d3,0.0,3,3.5,2,CE
2f73e04d12cdf0c945ded66bb3fcf6c7,0.0,3,3.3333333333333335,1,ES
32fdd5d44ecb43dfd6a24b9369eca144,0.0,3,4.666666666666667,2,MG
89c127985a8b130cfa45c1d36764017a,0.0,3,3.0,4,SP
30c7f28fd3a5897b2c82d152bb760c17,0.0,3,1.0,2,RJ
eb9cd5b35d95206585e2185318cb5c61,0.3333333333333333,3,2.3333333333333335,1,SP
ec2e006556300a79a5a91e4876ab3a56,0.6666666666666666,3,1.4,2,SP
c522be04e020c1e7b79f3acff36513d5,0.3333333333333333,3,4.666666666666667,3,SP
c6381b1321d7d97717a5bb4ed5b77882,0.0,3,3.6666666666666665,2,SP
fc908879b9ca1bd65419e54e50432d38,0.0,3,5.0,1,SP
fcba71d4d5db057f43249145e4eb1e27,0.0,3,4.666666666666667,1,SP
65a7c0788e4d632ccb5e1b594b87f0bb,0.0,3,5.0,1,SP
fd312b6bf05efac6c3772d5b52205d8a,0.0,3,5.0,1,SP
af7cdac9d9897cddead9c6b08976c642,0.0,3,4.333333333333333,1,SP
e9729944ba65dc3ce425e0c5a22ae7b2,0.3333333333333333,3,4.0,1,RJ
e9c2dc0dd4ac38448289be644ac94f42,0.0,3,5.0,2,SC
324583d68897f5ddbaf38f6248322176,0.6666666666666666,3,1.0,1,SP
fc6295add6f51a0936407ead70c1001d,0.0,3,1.0,1,SP
33ab10be054370c254ddfcf0a6253422,0.0,3,5.0,1,RJ
83a75eea11694e36e56dd0cb2240229a,0.0,3,5.0,1,SP
83c465a786b06574376909b35ef6752a,0.0,3,5.0,1,SP
34a557286ead8fe75c989e0afcf7d98c,0.0,3,5.0,1,SP
ead2bab70821ea148476ae9bc08548ac,0.0,3,5.0,1,MG
eaf6d55068dea77334e8477d3878d89e,0.0,3,5.0,1,SP
830379336fad8c6f3b15a4a3ddb5c66e,0.0,3,4.333333333333333,1,SP
c70a353f02429c00775a46a75fb787da,0.0,3,5.0,1,SP
02b72cdeb9cfcc429f1af6f4e3f3b737,0.0,3,4.666666666666667,1,SP
0015a82c2db000af6aaaf3ae2ecb0532,0.0,3,3.6666666666666665,1,SP
b248792ac0b60ec3f93d80af1b4fae47,0.0,3,4.666666666666667,2,SP
08061dc0fc165ed41288cc7acde738ee,0.0,3,5.0,1,SP
028872bfa080090a9d0abd4f1af168f8,0.0,3,5.0,1,MG
fec8cd45395b3cb0c2b173d7739706a1,0.0,2,4.5,1,SP
fe4cd9461203cee790d36792420b310f,0.0,2,4.5,1,MG
04843805947f0fc584fc1969b6e50fe7,1.0,2,5.0,1,RS
03bd479e1d9484cdb14104d3023f7321,0.5,2,5.0,1,MG
010543a62bd80aa422851e79a3bc7540,0.0,2,4.5,1,SP
0b0ddbc7b9d9584f442c7ac92b0ff6c9,0.0,2,4.5,1,SP
fb8904a8ea99f8831b64ce27db2c1765,0.5,2,4.5,2,SP
0daf5180aa44356f60f8effa533b55a2,0.5,2,5.0,1,GO
0fe2d9733ed841eb064503920015a8c0,0.0,2,4.5,1,SP
b5f49fe968dff6b112861e6cd8e192ef,0.0,2,5.0,1,PR
b5bb2b985208834bd5bd86c7a402bbad,0.0,2,5.0,1,RS
ab91571efab27993ff2f6b36e38055c3,1.0,2,5.0,1,SP
b56828a9f9027f3c918c04ca720d9e3c,0.5,2,2.5,1,SP
b45d7ebfb7378630f1bcd74b6ff86ff7,0.0,2,3.0,2,MG
ad8b531ae67582f096925cff5630d0d1,0.0,2,3.0,2,PR
ac51cac5e20d69ff485a54746488ef48,0.0,2,3.0,2,SP
abe021b01ba992245271b9aa422032df,0.0,2,3.5,1,PR
0f7eea709efdf942b5f95c7516dbacd7,0.0,2,4.5,1,SP
10cdd491d1dbea8fb4ead97b19c334ce,0.0,2,5.0,1,MG
10264f60a8f0a4d2f30810f5c661c673,0.0,2,5.0,1,SP
f92d8c817434bd2d84d4e9c61322b7fa,0.0,2,5.0,1,SP
12c2ed9cded6138cf0c75f525f565fc7,0.5,2,5.0,2,SP
12a8eb0f8d1cd3270695bf2a99f55966,0.5,2,3.5,1,SP
1284de4ae8aa26997e748c851557cf0e,0.0,2,3.5,1,SP
11938fcc75f6902fea1d0a6f72b54a57,0.0,2,3.0,1,SC
1352e06ae67b410cdae0b2a22361167b,1.0,2,2.3333333333333335,2,RJ
134285d1f41da5c13a756ee8142c8a4e,0.0,2,1.0,1,SP
131fcb0a0c9a47bba4474aacff0f14b7,0.0,2,4.5,1,SP
f88adb15807168d3c43d71021090ce4a,0.0,2,3.5,2,SP
14f2b3587172b9db894c9bad8dab520b,0.0,2,2.5,1,RS
b8a0adc91af209270c2c725168eb00fd,0.0,2,5.0,1,SP
b7e1750c1157341d2abd0251e07c186b,0.0,2,5.0,2,SP
aa17b35ce4de7b565be3249ba838944f,0.0,2,4.5,1,SP
a9415cf907dfa12f9ed18693244f5329,0.0,2,5.0,1,MG
a90a5da8b09e44264a177c0374a5ac87,0.0,2,5.0,1,PR
173d56ffbd4c56cb80fc3615487d712b,0.0,2,5.0,1,SP
1710c3aaa9c6b44ec3883ee0fe300e21,0.0,2,5.0,2,SP
166e8f1381e09651983c38b1f6f91c11,0.0,2,5.0,1,SC
160e4f13fd3a64b1b86807be88b5ffb0,0.0,2,5.0,1,PR
160851d3ece7aa1a510f8d1a4bb8a8af,0.0,2,5.0,1,SP
17eea220a40cc0d2c0c5346379682398,1.0,2,3.3333333333333335,1,SP
1961c3e1272bfeceb05d0b78b5bbfdaf,0.0,2,3.3333333333333335,1,SP
a435b009cd956ea60748b5cfbddf2e24,0.5,2,5.0,2,SP
a3b0df0065e264a91b7bbf5f844af5cd,0.0,2,5.0,1,SP
a513150f33f99a06569e9cd5c4bb889b,0.0,2,4.5,2,SP
a4bd6e9adf39b63f43dc545d3ca1f53d,0.0,2,5.0,2,RJ
a7d0f8dd44f57ef6de7f7f02e3d82630,0.0,2,4.5,2,SP
a7c88262832dfc683781d6a421edefae,0.0,2,4.5,1,SP
a70e9066dbfd10b6b97a3f54a1356762,0.0,2,5.0,1,PR
1b0b0f4f95e962d6f32fe90c759d0479,0.0,2,5.0,1,SP
1d0646a72178a6fb37ee8082140e06ec,0.0,2,5.0,2,SC
1cbdc7cf130a41fd13a3c2a7d2fcfda7,0.0,2,5.0,1,MG
1c56ffe0e9dea2657fc6e95b53f40b13,0.0,2,5.0,1,SP
f524ad65d7e0f1daab730ef2d2e86196,1.0,2,1.0,1,RS
a218df5c097b0ca409cfaac1488cc7f6,0.0,2,2.5,2,SP
a154d7316f158bb42e6fa18bbe3afd3a,0.5,2,3.0,1,SP
a11a0e0ca67423425691db355cff69b0,0.5,2,5.0,1,SP
a35ef466c6fd6d052f5d241240d3c5e2,0.0,2,4.5,1,RS
a21c11ec5c3f03e7cc9f9203bff9e1c6,0.0,2,3.0,1,SP
1f7fd2a6fcd5a6fa5d8a4dabc72aaae0,0.0,2,5.0,1,RS
1e9d5a33694bddb76316fd1f54734d20,0.0,2,4.5,1,MT
1e47defeeadeca0e9a18fa5a9311e735,0.0,2,5.0,2,SP
1fe61aa5494bd3ae92a2c13e067c810f,0.0,2,4.0,1,SC
f3975e8a41157005d4bcbb358678cd9b,0.0,2,5.0,2,SC
f356c348fbc8df6a882823e21f5ce8b7,0.0,2,2.5,1,RS
f266295f49a28eee21f413e0cbb0521d,0.0,2,4.5,2,PR
2305ab43e846518f58dd9d59f3f54e96,0.0,2,3.0,1,SP
22c32ec35d0116ef02c281798a25bf8b,0.0,2,4.5,2,PR
21c62b998a043ebe31161d38f84929fc,0.0,2,4.5,1,CE
217f005bb37ff3aeef5b2ae1788e75ba,0.0,2,4.5,1,SP
249f0e9905a6e06ad6c6bea7547ab9f6,0.0,2,3.0,1,RJ
2493dc3f20131696a0ecdb9948051a8d,0.0,2,5.0,1,DF
23ff42c4bf1f8f16cddb19d8b972974a,0.0,2,5.0,1,MG
f2336e113377dd21c744d9c4fc8293a9,0.0,2,4.5,1,SP
9dd459b29a14bf89d47183cf2cd0e4c7,0.5,2,5.0,1,SP
9dc79dd988ac42f4d56c340d7048420a,0.0,2,4.5,1,SP
bb7ad8a45c027be8ab075b8e465f8ca0,0.0,2,5.0,1,SC
bb5d956dece964a06c12bceb66b923ae,0.0,2,5.0,1,RJ
bb3dca718920a4d7ec3cc9ffb025108b,0.0,2,3.0,1,SP
f19516b9ff26bfeb091b30108db4ddbd,0.0,2,2.0,2,SP
f18112da765e0971ca5d510dec322bdd,0.0,2,4.0,1,SC
253f95b3a0e6983ae18aed49fbc2b845,0.0,2,5.0,1,SP
252e76235acb79183cfca6e34f13337d,0.0,2,5.0,1,SP
26f6b7ab07be3e9e69ce82a6552efc19,0.5,2,3.0,2,RJ
26b482dccfa29bd2e40703ba45523702,0.0,2,5.0,1,SP
f1198c871e0171278b63f40d112caeec,0.0,2,4.5,1,SP
9b1f656ca3060f8af17a50d8a024b533,0.5,2,5.0,2,SP
9c4d31c7e46ab03a43fc06e3142afd4e,0.0,2,4.5,1,RJ
282c7480173bb9c01dd41cc739fec010,0.0,2,5.0,1,SP
2a50b7ee5aebecc6fd0ff9784a4747d6,1.0,2,1.0,1,DF
29e6e05b65f93bc224c644319dc52ecf,0.0,2,5.0,1,MG
296729ffb9b684050dd24836dac4494a,0.0,2,5.0,2,SP
28fb0829fd777877cdc350d25cb5bd5b,0.0,2,3.75,1,SP
efff9341f3f8f5237b44ff67ed36a7bf,0.0,2,4.5,2,ES
ef728fa1f17436c91ed1ccd03dcf9631,0.0,2,5.0,1,SP
eec3469d83e142f9a104886655338c37,0.0,2,5.0,2,SP
2aafae69bf4c41fbd94053d9413e87ee,0.0,2,4.5,1,RS
2dd1fb6f0e42a2243b8a01e40cd41216,0.0,2,3.6666666666666665,1,PR
2f9b7ce230a057a98a9f5df5893ee36c,0.0,2,4.5,1,SP
ec5c1d94df153d473b37f880977ae58e,0.0,2,1.0,1,SP
ebef8d8c92b4fd3226e5d407bbff21ac,0.5,2,2.5,1,SP
333c4210e76a1aa2ab817b99437e3ff1,0.0,2,5.0,1,SP
99cd94252748d2bdde08e17858233602,0.0,2,4.5,1,SP
bd4ff04377f974574f7f0bf9d6ce7dde,0.5,2,3.0,2,SP
bcc9dd23e2a8bd8267cf92b19304a1b9,0.5,2,3.0,2,SP
328acb143b4a73aad6bee8e734f5d20d,0.0,2,4.0,2,PR
340636a908b13bbe0f4fb63fbe1d0c03,0.0,2,3.0,1,SP
33cbda8716511e27e556dff9d8418bf2,0.0,2,5.0,1,SC
ea846a0e7ad98a741783e886d89dfa44,0.0,2,5.0,1,SP
35857757f553273b1056c1cabdace7fb,1.0,2,3.0,1,SP
353e21e8bf8de2722b4fae1636664b76,0.0,2,1.0,1,RS
3442f8959a84dea7ee197c632cb2df15,0.5,2,3.0,1,SP
ea1776927851da2532aa70d6a32c095a,0.0,2,2.6666666666666665,2,SP
e94b64dc6979b302a5a5be1662c83bb6,0.0,2,5.0,1,SP
38874e327ce94d11390b96eb42d61928,0.0,2,5.0,1,SP
3a3e46d10f74d8a6ca76e2b538f106a0,0.5,2,3.3333333333333335,1,SP
39f776d2974049026ff531fc42ef2a3e,0.0,2,3.0,1,GO
397c4d0c005b6f41f90098ac724e28cb,0.0,2,4.5,2,SP
e88f7a2995ba184710d339c5c4bf2e30,0.0,2,5.0,1,SP
e88165a185134e13fdfc85d4fa654db8,0.5,2,3.0,1,SP
e82de6494d91d3c4c54450f59b227a94,0.0,2,5.0,2,SP
3be5841cdcc46de4ed3f9116f104b2c5,0.0,2,5.0,1,SP
3bb32fedaa74e4ad20f4ce067733bd31,0.0,2,4.5,1,SC
9599519be538b98748162a2b48248960,0.0,2,1.0,1,SP
94c49f20a123aeb9360dbf80ff912bf6,0.0,2,3.0,2,SP
96e5dc09087bad639b4ee193104ec2e5,0.0,2,4.5,2,RJ
968ee78631915a63fef426d6733d7422,0.0,2,3.0,1,RS
961dff0a659b4561334372337dd897d9,0.5,2,3.6666666666666665,1,RJ
be9a160a9011f627c3e121d076c1ec7b,0.0,2,3.6666666666666665,2,SC
3cfa1358a6caa965278721344c8d76f2,0.0,2,4.5,1,SP
3dfd3dc96f7f8598eca74e9ac8a2fa31,0.5,2,3.0,2,SP
3d700782d7818f2c1e0d7a9e9d75fc00,0.5,2,3.0,1,SP
3d68c634a99a1ba46dbca3967a69c623,0.0,2,5.0,1,SC
e72b4feb7abe210c52aa667abc25a3a2,0.0,2,5.0,1,SP
c1552b1dab6e6f760950368ae61fb600,0.0,2,2.5,1,SP
94231344608e603693b0a8891143f65d,0.0,2,4.5,2,SP
939f6e231201f26803cb5c3a3d2940b3,0.0,2,4.5,1,SP
c0aff2da32c17759d30b22fb0af6649d,0.0,2,4.0,1,SC
c04d70d515d15a7e3db3a73320598566,0.0,2,5.0,2,RJ
3ef37b7ca6dd2b80bd8af81a62504996,0.0,2,4.5,1,SP
3e35a8bb43569389d3cebef0ce820f69,0.0,2,5.0,1,SP
40ec8ab6cdafbcc4f544da38c67da39a,0.0,2,5.0,1,PR
e5d4b2b0c3bca22085f7a19a28de0c42,0.5,2,5.0,2,SC
e5cbe890e679490127e9a390b46bbd20,0.0,2,4.5,1,SP
e5bd51692380fd8cabb19b756b95e714,1.0,2,2.3333333333333335,1,SP
e59e489e2ea74bd409b798b5daf49de3,0.0,2,1.0,1,PR
e5899683388855d3dabe8913bbe365de,0.0,2,4.5,1,SP
e560e4022d8f7aebf155db95946c5c0f,0.0,2,5.0,1,MG
4342d4b2ba6b161468c63a7e7cfce593,0.5,2,1.0769230769230769,1,RJ
e4f121bf6ef8b9a1d4d3e65dd0473fab,0.5,2,3.0,2,SP
90b57083da5d803237da74daec6dcb2b,0.0,2,5.0,2,PR
902c99f1ac505c0d18778b61bcd636f7,0.0,2,5.0,1,SP
8fe8786ee000001ab51d030dfd4a7bf1,0.0,2,5.0,1,SC
918f6fbcf3ab724d805867303e593a1b,0.0,2,5.0,1,SP
c1f12f926d0ba950578b4fa41115cbb6,0.0,2,5.0,1,SP
446cc09cdbb130904da114e807dbec40,0.0,2,5.0,1,SP
443d880f15cbd3572885e1d44bf2c478,0.0,2,2.0,1,SP
4391ea5c5990502176a1dcda44a2373d,0.0,2,4.5,2,RS
46ef1a25845fc051c2998d878354810c,0.0,2,4.5,1,MG
45c20d94d9171b0bcfab3c955e47d67b,0.0,2,5.0,2,SP
44f091b5abab8018f682fce8124b85e5,1.0,2,2.3333333333333335,1,SP
48bad451945f5227341793478d6353ea,0.5,2,4.5,2,SP
478bfe564db21eeb44386606aa30b650,0.0,2,5.0,1,MG
e0a3c37054ade6478d923a6efc10f308,0.0,2,5.0,1,SC
e0487761face83d64fcada2408959a36,0.0,2,4.5,2,SP
4b98b0428fc1932cc2514ef9ce2505e6,0.5,2,1.0,1,SP
4a82c4af97ffc0fb2dc26bfdc03b1842,0.0,2,5.0,2,MG
4bf658053d453036c70976bccb2c31b2,0.0,2,4.5,2,SP
4bde6149c15cf7e177b36fa060dd6de8,0.0,2,5.0,2,RS
de09d00cfc265b8804c7df34075a68fa,0.0,2,3.0,1,SP
8dd386be0767c330276ea6a3f96532d3,0.0,2,5.0,1,SC
8f0fbe2cd4d472157dc1cdef6edecaa9,0.0,2,3.0,2,SP
8e4f041ff58e7845456d3482524014b3,0.5,2,3.0,1,RS
c398bc00a606d33758afd91f4e64fd15,0.0,2,4.5,1,RJ
c353f8fc0ce8344999f17d578eb69a5e,0.0,2,5.0,1,RS
c3251e13f1bbda6c74e37c160f991e19,0.0,2,5.0,2,SP
4d9fea3499bdc22aa4da4e339365f215,0.0,2,5.0,1,SP
4cc4fd4fdd406a85bbdc1f824b731bd7,0.0,2,5.0,1,PR
4e85b538b0dad58852641540686d0e14,1.0,2,3.5,1,SP
4e6015589b781adaa5ce7f1892d06bb1,0.0,2,4.0,1,SP
4e480be820e37de1444325ff358c9296,0.0,2,5.0,1,MG
4e42581f08e8cfc7c090f930bac4552a,1.0,2,1.0,3,SP
876182d1918783bbe15233febfbd4926,0.0,2,4.5,1,SP
8759e7aedd644f487315e5860962f162,0.0,2,5.0,1,SP
8a1ff5c35f6595a73fef4c7b96e4908a,0.0,2,5.0,1,PR
8a207b6080964f3c1fc9d35bd6096ba4,0.5,2,5.0,2,SP
c4af86330efa7a2620772227d2d670c9,0.0,2,5.0,1,SP
8c3b533c63cca56240f94f1e3a6b18ef,1.0,2,1.0,1,MG
8b87cd0d43d49b9bdf40f56229364d59,0.0,2,3.0,2,SP
4f1f1c8666cdb6442f775c4e8caed465,0.0,2,5.0,1,MG
4f0d637c1197fd65405ebd755ac9f86b,0.0,2,5.0,1,SP
dc64d75cc406bb0697be983831430e60,0.0,2,4.5,1,MG
dbec9a0a7efeff029d4d9dce7dc4cc95,0.0,2,5.0,1,MG
519a7aa428f18d125a283cf8c014fdd6,0.0,2,4.5,1,SC
51209b446b2073894bdc0face6c73ffc,0.0,2,4.0,1,ES
52bb00821bcdd358a5a5a27e1f6be5a1,0.0,2,4.5,1,SP
52a50b42accf164f9f019941e5759d9b,0.5,2,4.5,1,SP
528ce32f560edd11add4169f6a5b65be,0.0,2,5.0,2,SP
db1f0f7c7e5e87f40b62226f020bb297,0.0,2,4.5,1,PR
da20530872245d6cd9d2f5725613c430,0.0,2,4.5,1,RS
d9cd369bffa979d1634f8e1318bf2f1b,0.0,2,5.0,1,SP
d9cb0052a666de5308b32f32ad5f1b1c,0.0,2,3.0,2,SP
83353a83fd769dfafa4f21a72b15e3e5,0.5,2,3.0,1,SP
84deb808079d1be601c209c1e771b1cc,0.0,2,5.0,1,PR
83f2b4881141ce3fcd4e985125d3279e,0.5,2,5.0,1,SP
83c8aafbefb034674a70de0eac5b8954,0.0,2,5.0,1,PR
c52c644cc0dc85121207a27013efc6af,0.0,2,5.0,1,MG
53088c75f948b48a7ece173ac17f0c12,0.0,2,5.0,2,RS
556a6409838156ea299c9d1f9e2dde43,0.0,2,1.5,1,PR
5566627eab3fe93fd6ee08798226101a,0.0,2,4.5,1,PR
5563732abe64c3036cb97ad924128dd1,0.0,2,5.0,1,SP
553a440137d6e0cf776aee0bb83ac9f5,0.5,2,1.0,2,SP
d90fe2229fee1a5da999ccd0c06c1667,0.0,2,4.5,1,SP
d8d9567d0bfb0bc7eb845a205ba42657,0.5,2,3.0,1,SP
56f413900b5166ab4d730e9ac0b12cb0,0.0,2,4.5,2,SP
7d948535954aaf8c5d39db007f74372e,0.0,2,5.0,1,SP
800214c63934acd05d47e84214db8ba8,0.0,2,5.0,2,SC
7fe21dd00d2f4943ae09525efa2fd674,0.0,2,3.6666666666666665,1,RJ
818d28f936e791926d33bcb6ee94ef79,0.0,2,4.5,1,SP
56db5c0782e8f7ddc9343f9576ff6d16,0.0,2,3.0,1,SC
578fa3a9cb6b6dceab39231ad59cdaca,0.0,2,5.0,1,CE
5741dc2bf5044c34d0698681c5081bed,0.0,2,5.0,1,SP
5733d806668f8712c24b9abaefbfa642,0.0,2,5.0,2,SP
59bbc819b99a733f02f0d6b49d1c253d,0.0,2,5.0,1,SP
58c851d1a3c7cd3da329eb59453fed44,0.0,2,5.0,1,SP
d7b2377bae6ace1b11fc69a11900ac36,0.5,2,2.6666666666666665,1,SP
d7ab82074b5f1dfba46db123df101bff,0.0,2,4.5,1,SP
5bf397d04035b5f45cc41e82ec106803,0.0,2,4.0,2,SP
5bc237df65098fe211bb4818f4d26d78,0.0,2,4.5,1,MG
5b97c06a046398e7005b2b7c0d707a92,0.5,2,3.3333333333333335,1,MG
d558ebe531605a1285ab2b1bc3256dfb,0.0,2,5.0,1,MG
d52cbce9845184537284a23c3bc3da0e,0.0,2,5.0,1,SC
5de1c80811ce7007f62f00d971236c09,0.0,2,5.0,2,SC
7b7ed56ae755e2880f2b69632e839c1e,0.0,2,5.0,1,GO
7c9130f5f3729edd32aa059141d92484,0.0,2,5.0,1,SP
7c4adcc13272c0e26fa23aac642adb7b,0.5,2,3.0,1,RJ
c8025364abeecb115431bf95c11a747f,0.5,2,4.5,1,RS
c7bb64409aa480bb7d0335faaaf3d242,0.0,2,1.0,1,SC
5e49e3a44bdeb5aab2684258bbd4f525,0.5,2,5.0,1,SC
612a743d294c27884fb7b80d2b19ba35,0.0,2,4.5,2,PR
60da8bfa7eebe230b7d66ac4082d79b3,0.5,2,5.0,1,SP
5f5a58930c3c35f3b5af264f34fb8c85,0.0,2,5.0,2,SP
63272377184e969942f7fff221be858d,0.0,2,5.0,1,SP
6219ba2359cfb97f2e38fd4c321eb309,0.5,2,3.3333333333333335,1,SP
615c3462099ffa940d37b17dfda19594,0.0,2,5.0,1,RJ
643c01d7c56a724bec0454f4780e8a3e,0.0,2,4.5,1,SC
d2f3e277560ed4c6361284429b00f037,0.0,2,5.0,1,SP
d2df77822373f19934e87694d8640767,0.0,2,3.0,2,PR
d26aa40b90272d4843d63be7c1462c8d,0.0,2,4.5,1,SP
78ba5933c21686d1c2f64669c8c459e7,0.0,2,4.0,2,SP
788f22bafdd7ab0e1e79f19db72f16a4,0.0,2,4.5,2,SP
782f78b632a43875dd5b53e3e49c9564,0.0,2,3.6666666666666665,1,SP
657969cca82e884d272385ec0ef06edd,0.0,2,5.0,1,RS
6650fcccd8cd2f7e55ffa524f30c4c59,0.0,2,2.6666666666666665,1,SP
d149de2f383552baea37a7198c2296ce,0.0,2,5.0,1,SP
6824a69c9ea0313eba299dd4a2dba09a,0.0,2,5.0,1,MG
6a53b90c3ad9e0b56d9fe5c69165fff5,0.0,2,4.0,1,PR
69a43819c758c65a5befb0b471c954d7,0.0,2,4.0,1,PR
6e4f5ff6b086632ba8dcb558fb10249e,0.0,2,1.0,2,RS
cd843d4cf8ef32827de0396605163ba3,0.0,2,4.0,1,MG
713e3a23ca5e47786eb6f0d99f94cfac,0.0,2,5.0,1,PR
725af026f869236a8dd0ceb98564d156,0.0,2,2.75,1,MG
7238f877570096ae403c51898fa64566,0.0,2,5.0,1,SP
74bafed391319577bce6f4d2acc0589a,0.0,2,3.5,1,SP
741f8c587cb4248ebc5b779a0e8e0e51,0.0,2,4.5,2,SP
731ef20c231d9a7103a425e83fd91271,0.0,2,4.0,1,SC
cb4a705d00e100b9732d0ca34817d441,0.0,2,1.0,1,SC
76833248bbc0e65a0293ec62023e4396,0.0,2,5.0,1,SP
751e274377499a8503fd6243ad9c56f6,0.0,2,5.0,1,SP
77714512e8d4dda9c234da8e3faf16e4,0.0,2,4.5,1,SP
011b0eaba87386a2ae96a7d32bb531d1,0.0,2,4.0,1,SP
07d75e33f2750d97d467fb57e4dfdd8a,0.0,2,2.5,2,SP
0936e1837d0c79253456bbb2ffaaef10,0.0,2,5.0,1,SP
091065b789659bc3cd9af9cb3a6253ff,0.0,2,3.5,1,RS
adbe70ab2c97442046d393988c8d1d27,0.0,2,5.0,1,SP
b12cfd255810394b60caef18ae163547,0.0,2,4.5,1,PR
b01c2b7b8599b325103ebcddc67413e1,0.0,2,5.0,1,RS
b43d8b707f887a30f4675391098354a0,0.0,2,3.0,2,SP
b416191c9813d821a295cfabafff4161,0.0,2,2.5,1,SP
ff82e8873fba613f2261a9acc896fd84,0.0,2,3.5,2,MG
01266d4c46afa519678d16a8b683d325,0.0,2,5.0,1,PR
fedaedd3ca31d56ab33e92035e4b361c,0.0,1,4.0,1,RJ
ff314fa6033cc68ec451c47aee2d6ba4,0.0,1,5.0,1,SP
b3e2faf2c1004d674f16a3aa3197f0e1,0.0,1,5.0,1,SP
fb503a924a0b9db19d83dd0ac6dbef8c,0.0,1,5.0,1,RS
fa8d335d68129e464e60c1826a683e96,0.0,1,4.0,1,RS
fa5fdc4e4bb6bd1009ad0e4ac4096562,0.0,1,5.0,1,SP
b5f0712d22a873b6797ab6cc65c3fcba,0.0,1,4.0,1,SP
b5dd7151a92ccaaa282cbe9681a05f44,0.0,1,5.0,1,SP
b5d034ac251546e25afe9067f05c1539,0.0,1,5.0,1,SP
ab75b89cc49c9ab3160d0c91565a442a,0.0,1,1.0,1,SP
aae5953b9edddf14749c0d65d60eb4b9,0.0,1,5.0,1,MG
aadfe0417e61315688b6bd7043361e25,0.0,1,4.0,1,GO
b452cb0ae35044c4a53179c39f49fb06,0.0,1,4.0,1,SP
aeb36d67f1414f234d42a29e27cf1f17,1.0,1,5.0,1,SP
0f94588695d71662beec8d883ffacf09,0.0,1,5.0,1,SC
0f519b0d2e5eb2227c93dd25038bfc01,0.0,1,5.0,1,SP
0ee4fb99ac55ffbbc98795aa01b7f8fa,0.0,1,5.0,1,SP
0e982cff76cc0579f632cea8a0e38c9d,0.0,1,2.5,1,SC
11742f81550ac064cc9a40f67151d9ad,0.0,1,5.0,1,SP
739c7d7be81f63812dea0d1b1451c651,0.0,1,5.0,1,PB
734def04b237117a09321dd6d8f3f2a2,0.0,1,5.0,1,SP
cbbd5ae8f53de5f5097cd8217b529e24,0.0,1,2.5,1,SP
cb810bd318f51b3dc3c753944d61a1fa,0.0,1,4.0,1,RJ
cb5ff1b9715e99589f3e0c7a6afab9e3,0.0,1,4.0,1,PR
76623fde66e6b63b59440fd34160512d,0.0,1,4.0,1,SP
75fdd0a732287f9497b179f6bd445d32,0.0,1,5.0,1,SP
778323240ce2830d68aab11794e00bfb,0.0,1,4.0,1,SP
77128dec4bec4878c37ab7d6169d6f26,0.0,1,5.0,1,SP
76de363de16dacc923eec8daf91df504,0.0,1,4.0,1,SC
cb32766839f443db85c82a43c4a6c19e,0.0,1,1.0,1,SP
cb162c8eef257253782d245c08d9097c,0.0,1,5.0,1,SP
cb0b3bcf14e0a709df412a99424a59d7,0.0,1,5.0,1,SP
cad9969167c09b48ae6f1d123f7fa68d,0.0,1,3.0,1,MG
038b75b729c8a9a04b0d07cba7eabe86,0.0,1,4.0,1,SP
0336182e1b3e92f029d5354832045fdf,0.0,1,2.0,1,SP
6eeed17989b0ae47c9f11ece6f38ea90,0.0,1,5.0,1,SP
70f7e8018e3d46c748c92f026aa2585a,0.0,1,5.0,1,SP
70c4eedec9cb4a85cda2f3f9673557b4,0.0,1,5.0,1,SP
702835e4b785b67a084280efca355756,0.0,1,5.0,1,MG
cd233f8bfa30ebfd651f47ee7d054951,0.0,1,5.0,1,SP
ccbd753e6863fe7314dc6c0ca5a074e7,0.0,1,4.0,1,SC
cc80e2f693fa6e2408f47ccf62413fc1,0.0,1,4.0,1,PR
720e6cf846ea7572cbb66b743fb91e6c,0.0,1,5.0,1,SP
7178e1eaa97257d8b6d4b80efd77a025,0.0,1,5.0,1,SP
712efd3b68f9686dc856b84abd0f21ae,0.0,1,4.0,1,PR
7315baebc0572ff220d226283dc66728,0.0,1,5.0,1,SP
72c73be2b085b9d57650dd53eb2004c9,0.0,1,5.0,1,SP
723a46b89fd5c3ed78ccdf039e33ac63,0.0,1,4.0,1,RS
747e73c01a4593d4cf60dcf970fd2689,0.0,1,4.0,1,PE
747c1cdcd1737dcfbd1547f6eb6f2cf3,0.0,1,4.0,1,SP
73da1880b39c71de2b262bc7720c1494,0.0,1,5.0,1,SP
69b5eaa096c3f9d1e5c398c597f567d6,0.0,1,5.0,1,SP
6bef34c5be6f2bbd70aa5165f6df94b1,0.0,1,1.0,1,SC
6bcb2352a2a0c38b845f598298ab9d26,0.0,1,5.0,1,PR
6ba4733aa33f6386e9fb0c0fd3993b38,0.0,1,5.0,1,RS
cecd97bc34ed8330bd4cd15713eda670,0.0,1,1.0,1,SC
ce4755084bc097113867e6454f8f5e52,0.0,1,5.0,1,SP
ce3ad9de960102d0677a81f5d0bb7b2d,0.0,1,5.0,1,RJ
6d1b9c9579132c87d2703ec38c30f2c5,0.0,1,5.0,1,PR
6d04126aba80df143fd038e711b8fd96,1.0,1,1.0,1,RJ
6c77cd583b36a13aacccf2b3ee23e233,0.0,1,5.0,1,SP
6c6cc59a5c00cacc5054ca06d65cc282,0.0,1,5.0,1,RS
6ebf4eceee4dd9847201c82e77ef8123,0.0,1,5.0,1,RJ
6dc9bec584588412a6a338830946a3e4,0.0,1,1.5,1,SP
70126eecc6aa1274392a1743866e9678,0.0,1,5.0,1,SP
6f835fd4be26989b1b064399da346143,0.0,1,5.0,1,PR
6f1a1263039c76e68f40a8e536b1da6a,1.0,1,1.0,1,SP
6614814a00d344b846ae209f95ee7e3f,0.0,1,1.0,1,SP
6601ee6383e7f452be71929f8de48bbb,0.0,1,4.0,1,SP
65c255b299faf2d12050937cc219c46c,0.0,1,4.0,1,SP
6561d6bf844e464b4019442692b40e02,0.0,1,5.0,1,SP
6524b847b982cd56bb5d4b02b776ee42,1.0,1,4.0,1,SP
674207551483fec113276b67b0d871ff,0.0,1,5.0,1,SP
668bf321538e5072858eaef6087ce027,0.0,1,5.0,1,PR
d1aa1ec0839dcab73a6161130eb1f94a,1.0,1,4.0,1,PR
d1a5cc844736958c11b8efab9a2b4c87,1.0,1,1.0,1,PR
695051e2981c8b19e77cafe450d5bdf3,0.0,1,5.0,1,SP
693660429f9dc4ff704eb3d88dad54d7,0.0,1,5.0,1,SP
6902157ee16728322d61a1321fa79e58,0.0,1,5.0,1,SP
686886775c8f6b1191c7b953fb52708c,0.0,1,5.0,1,SP
685b870da5b52a710782c9c0fefbeb5b,1.0,1,1.0,1,SP
6b1c4d4d9ccf0be3d8544eb0e71e5318,0.0,1,5.0,1,RS
6a3139c7bf09ece22a4713d956acbe5e,0.0,1,5.0,1,SP
63704069d9bd3a75c1cf59babe56004a,1.0,1,1.0,1,SP
d297f1055de2956aedfd3b04113dce3e,0.0,1,4.0,1,SP
d263fa444c1504a75cbca5cc465f592a,0.0,1,5.0,1,SP
cad10cc982ab6a391570c211b995c17c,0.0,1,5.0,1,SP
ca5832c6960267b71041f74bb39e8b12,1.0,1,1.0,1,SC
791cfcfe22fe4a771ece27f90017da92,1.0,1,1.5,1,SP
78813699ffac347fe27dba345a5f1551,0.0,1,5.0,1,RS
781a66c0d89e30814d49fe8b5e14cd07,1.0,1,1.0,1,SP
7816cd9c5b1238e320545f5bf7eb80e8,0.0,1,4.0,1,SP
c9d2ba8dde44a275ae06475ed1d2fafc,0.0,1,5.0,1,MG
c97aa4ee7420f937da13b7f9e2228b99,0.0,1,1.0,1,RS
c963a25b8671419c6ce9eebe8fd03218,0.0,1,5.0,1,RJ
c87abc38c8ed3240861729e1aeadf221,0.0,1,1.0,1,SP
7a704e63bb29c446869efde5d57524c8,0.0,1,5.0,1,PR
7994081388d55b9cf976c050653dd359,0.0,1,2.3333333333333335,1,SP
7963e546f34e098b578f9ad102494601,0.0,1,5.0,1,SP
5ca5d579b5857ee8709479b1047cecc3,1.0,1,1.0,1,SP
5f57db27027655e6c6a391601daa0258,0.0,1,5.0,1,ES
5e9f5bd34e0830569f05c9d4f56e04a8,0.0,1,5.0,1,RS
5e25c632f9db6cfb8bc100421c2737b6,0.0,1,5.0,1,SC
d4f91e8be86b38da2ee35bc489645a9d,0.0,1,5.0,1,SP
d4828feed4cda2cd9d6b37899a95a71e,0.0,1,2.0,1,CE
d3e7d37c0df9aef383f3f2a15b0dddfb,0.0,1,5.0,1,PR
d3891911c2feae53c52fea2bd14054e5,0.0,1,5.0,1,SP
d36b07fd3c5088e477a72d1fccfe29d4,0.0,1,5.0,1,SP
630008e0f062605a415d694489f6f82e,0.0,1,3.0,1,SP
62de60d81c55c29d76a6bce418b31cef,0.0,1,4.0,1,SP
6235903333ba7de1928c869e268e5964,0.0,1,5.0,1,SC
61c36f0fc4a47f9532e5512b66668e62,0.0,1,1.0,1,SP
6187a137b2af59dfdbad8d9f8c373c14,0.0,1,5.0,1,SP
64cc804291f90c81f02bfc2bb58ff55a,0.0,1,5.0,1,PR
64c9a1db4e73e19aaafd3286dc448c96,0.0,1,5.0,1,PR
d58d521f3789def2e7a22715e0badd93,0.0,1,4.0,1,SP
5db42a6cd9bf1bf0d3aab9582767f168,0.0,1,5.0,1,ES
5d505d2298ad549e4e4e835562fa0c1e,0.0,1,5.0,1,SP
7957cac1a02f45d0a4a7e45626382ec2,0.0,1,4.0,1,PR
7bb8fac2913a6064ec412e583c6d8b4d,0.0,1,5.0,1,SP
7b3447b497e55af8c15fc7bd89d7b81a,0.0,1,5.0,1,SP
7ad41305e96a6cab8294cd65891e9a86,0.0,1,5.0,1,SP
7ab0dd5487bab2dc835337b244f689fb,0.0,1,5.0,1,SP
7d484ca289afaac6bf5fc6a1e96d2226,1.0,1,5.0,1,MS
7cb946b1ad19faebe28c3e86c2794ec3,0.0,1,5.0,1,MG
7c4402417d51474d4d0cda9557340e40,0.0,1,5.0,1,SP
c8771b1a10bb99bb34d3c459c5cffb53,0.0,1,5.0,1,SP
c8665a4dd081a2c436b1cd921079d0d9,0.0,1,5.0,1,SP
c8143b3069f6746a77421b5ce30a450c,0.0,1,5.0,1,GO
5d043cd5512d4bd2f88e5ccdd5736c38,0.0,1,2.0,1,SP
5cf1ec37aea089f45110c70653a166ab,0.0,1,3.0,1,SP
c7246702dc991a06d788120dc7544391,0.0,1,5.0,1,CE
5659d77e8d90378e39b960ad5956f64e,1.0,1,1.0,1,SP
57d2ba47f7a3209aa347532ae75c1165,0.0,1,5.0,1,SC
57a834594e1e9e9219603bfec184eadc,0.0,1,5.0,1,RS
5a32c398a06c345440bf2a683b017ad3,0.0,1,3.0,1,RJ
5996cddab893a4652a15592fb58ab8db,0.0,1,5.0,1,SP
58e4b302b54937e55a678c4d15111da4,0.0,1,2.3333333333333335,1,PR
d8bf0fc082fd4a77fc2e5679b6c00133,0.0,1,5.0,1,SP
d8b8f2cf9ff6ba0389072541cb42498c,0.0,1,5.0,1,GO
d85efbc8eff2b7adf524e2820569adc8,0.0,1,5.0,1,SP
d7827b2af99326a03b0ed9c7a24db0d3,0.0,1,5.0,1,SP
d73cbd89533ce8b041a9190241453ac8,0.0,1,3.0,1,MG
d6cd01c59123df02fc226eadbadb5f89,0.0,1,5.0,1,SP
5a9c0859cb00fd8aa4db443837f0a700,0.0,1,4.0,1,SC
5a4236931428800e9d9cc04af0987118,0.0,1,5.0,1,SP
d598f929fc44e1e38678e7f47250ec04,0.0,1,5.0,1,GO
5305693ffae2d3463377b1f6fe67b15a,0.0,1,5.0,1,SP
559d56f3b8f0bc2e5a9a62fe2ce2a39f,0.0,1,4.0,1,SC
d93b8458c6fe139d85cfa5eadbf55bd2,0.0,1,5.0,1,SP
d8dd176509baa37f359644d082bf7f7b,1.0,1,2.0,1,SP
570d4583587a5fe2d47c7be89b91ad27,0.0,1,5.0,1,SP
7dea6f73af847b42cc3985bd620f994d,0.0,1,5.0,1,PR
7dc9a3355bae96dd82008b313d3a456c,0.0,1,5.0,1,MG
7d81e74a4755b552267cd5e081563028,0.0,1,4.0,1,SP
804287717b9156fb7a787acd9af4fac1,0.0,1,5.0,1,PR
7f02656561b680def9986c0795a8a080,0.0,1,3.0,1,SP
820c7c9eaf76d2b226b6c242bcf3f34d,0.0,1,4.0,1,SP
81ed90f07c0bacb7594940ba2ef676aa,0.0,1,5.0,1,MG
8132b9bd16876e1b0f8808d43825dd48,0.0,1,3.0,1,SC
c76d418370990614e89e956c7a7567d9,0.0,1,4.0,1,SP
c74f14c1e26cf1bd5bd34b6a1e274426,0.0,1,5.0,1,SC
c747d5b92c7648417faea95d36d763e8,0.0,1,5.0,1,CE
52b53f7061969fe471d119b6195da864,0.0,1,5.0,1,SP
52956b80ae65fda598f06f6b9943e7a9,0.0,1,4.0,1,PR
c716e0b86ed568878475b60fbb6323ad,0.0,1,5.0,1,SP
850857dfac77488c307e2b1cbd84ab5a,0.0,1,5.0,1,PR
85044848b1b767db2a4a58526adef4b4,0.0,1,4.0,1,SP
84c945f15571830c1a91a33978e94009,0.0,1,5.0,1,SP
85ecf03781da592876b7844acc1b729f,1.0,1,5.0,1,SP
85e7c62c1d6ea078c3897424f867a7c8,0.0,1,4.0,1,SC
c611f4ce9ce875bcc063fa97fd4d7d12,1.0,1,4.0,1,SP
c5ebe6598748b0aeaa61cfb820478b92,0.0,1,4.0,1,RS
88cd3681e0a2ba85e190f7d817629c4c,0.0,1,4.0,1,SC
88ae906ea2acf6971f26c3e8b7cb4357,0.0,1,4.0,1,SP
889009a0ed0bb52c87819941192931b8,0.0,1,4.0,1,SP
d9c349beabc06aa6ff1c6d68b5e9e22e,0.0,1,5.0,1,SP
539ed9e19811677513447759be5eccfc,0.0,1,1.0,1,MG
533d46c1b06970e99f09523a61df4972,0.0,1,4.0,1,SP
dd5450b022b2d00a2145a66331e1aef6,0.0,1,5.0,1,SC
dd39ad39b5d3df33037e141c72497ba6,0.0,1,5.0,1,SP
dcf3755cefcdc158ad0b7bdde51e871b,0.0,1,5.0,1,RS
dcb7367a92f5ffb89f1e2152ed260285,0.0,1,5.0,1,SP
50bf89f1349bc0409a268c3a49678009,0.0,1,5.0,1,SP
50a7e551a7b3f8d37cd6e32d8bfbe5ea,0.0,1,5.0,1,SP
4fe2f67634d00c021aa01f96b6f2d68e,0.0,1,5.0,1,PR
4fb41dff7c50136976d1a5cf004a42e2,1.0,1,5.0,1,BA
4fae87d32467e18eb46e4a76a0a0b9ce,0.0,1,5.0,1,RS
4eeb99008a0f59d2c7759c59f9a346eb,0.0,1,5.0,1,SP
dc120d932ddf9d4dfb6fd68beefda622,0.0,1,1.0,1,PR
dbc51f5e45d654ecc16cb68e6817ecea,0.0,1,4.0,1,SP
db7ed69a53aa9fb1c01930ba54a88bbe,0.0,1,5.0,1,SP
51f108f62cb87d61918159902c8f8583,0.0,1,5.0,1,PR
51e0557bc7b86de13e946c60ee91ce39,0.0,1,5.0,1,MG
513a54369b6a8a6602fcb0e129c6d78d,0.0,1,4.0,1,SP
4ce8b55b4bfa4659184e7becc1fba3f2,0.0,1,1.0,1,PR
4e92348462c75b6c842b994ce84a0ed4,0.0,1,5.0,1,RS
4e0d109ccfba9a1151c103049880c857,0.0,1,5.0,1,RJ
dd9661d3cda1e6feb237f0c4d8b26f2e,0.0,1,5.0,1,SC
dd8a29ce82d5c705ba932d81494600a5,0.0,1,4.0,1,SP
dd88d13bea9e4c2bf47daf224f8141e5,0.0,1,5.0,1,RS
880ce4951cf857ab1d9e0b75c1d856f4,0.0,1,5.0,1,MG
89dda63a3c907c468ec88c310ed91213,0.0,1,5.0,1,SP
89757206b887aed36f3e18d858460fea,0.0,1,5.0,1,SP
8936ba0de1073ee888cb3185ae5dc661,0.0,1,5.0,1,SP
88ef59b51bdaa941d10a853429f2b6ce,0.0,1,1.0,1,PR
8b181ee5518df84f18f4e1a43fe07923,0.0,1,5.0,1,SP
c43d924a0f1688ee9fae0efcd6f539d4,0.0,1,4.0,1,RJ
8c9348f33ae3dada25c99c99ade2af78,0.0,1,5.0,1,SP
8c351ed7c326c62123318f4f3246e906,0.0,1,5.0,1,SP
dd58ee93286b0821565574c570e9e1dc,0.0,1,5.0,1,PR
df683dfda87bf71ac3fc63063fba369d,1.0,1,1.0,1,RS
dedcab67899479e4ea5dcc4eba47f587,0.0,1,5.0,1,SC
8e29d051f810eb22959ede205b462b9f,0.0,1,5.0,1,SP
8def3db7f272735afb2ecd03aeca09a7,0.0,1,5.0,1,RJ
8ccf3cf69651cc1d8a02c8bfaf3b8568,1.0,1,4.0,1,SP
8cb7c5ddf41f4d506eba76e9a4702a25,0.0,1,3.0,1,GO
8ec76bb0965af3f007692b26fa9d6623,0.0,1,5.0,1,SC
8eb88b0acb3f90a717ad659221471fa7,0.0,1,5.0,1,SC
8ea394aed8138685abe1eb9f25e1021d,0.0,1,5.0,1,SP
8e670472e453ba34a379331513d6aab1,1.0,1,1.0,1,MG
c360e4787614ed31ac7a2f95d3b22dc6,0.0,1,2.0,1,SP
c32fc744b9160ac853450488e3cfea93,0.0,1,3.0,1,SP
dde698c6d0bd24834c586e5111c2bba7,0.0,1,5.0,1,RJ
4ddeb3e828550cddc8d45c8bc36ab2d1,0.0,1,5.0,1,SP
4dc2e811a1760953cb7c6a590b498943,0.0,1,5.0,1,SP
4dab98ca6cd6d3df586203cefd28a042,0.0,1,5.0,1,RS
48328ec9a579151d9cc6a86d4a59336c,0.0,1,2.0,1,RS
47f55702f598c7c6cc8458b0fbc1c49a,0.0,1,5.0,1,MG
e1643dff33666ca629e3644c02738179,0.0,1,5.0,1,SP
e0b162a693bc7f9eab00f783a31d60ea,0.0,1,5.0,1,RS
e0482f2c769468c3bbcd8a01e09d98c5,0.0,1,4.0,1,SP
e00d85ce20ea50c1224c66ca5050527d,0.0,1,4.0,1,SP
499185655c29ecfdbfe776ef7cf875b5,0.0,1,4.0,1,RS
497709c2976a8fa308730a2dec5b0726,0.0,1,5.0,1,SP
4965a7002cca77301c82d3f91b82e1a9,0.0,1,5.0,1,SP
491a5ada3aa1678414e990262c4bbdc1,0.0,1,5.0,1,SP
4b90495391ac0bd181a80a459df1e718,0.0,1,4.0,1,RS
4aba6a02a788d3ec81c03137144d9a80,0.0,1,5.0,1,SC
4a23adac87cf538689fa600d976f78b2,0.0,1,4.0,1,SP
4c60877808f4318ef1107fbeb8f89afa,0.0,1,5.0,1,SP
4c4d546adf3c3868fe19c9ec6e9ffda9,0.0,1,5.0,1,PR
4be9ae93c4fc0f41713d71a4194ee1b3,0.0,1,5.0,1,MG
c161d1327ebc3a156c09582ab2f59f6c,0.0,1,3.0,2,SP
447d377bdb757058acb569025ee18a93,0.0,1,5.0,1,RS
4450bd8327d471c4a11a83d1445b1b62,0.0,1,5.0,1,SP
43b2c864251aa0ce4030c746984e088a,0.0,1,5.0,1,DF
43a5d4a57af536fddc96d08be3afdfcb,0.0,1,1.0,1,MG
43a1d4bab73b816e44ef4e4facd9f9b5,0.0,1,4.0,1,PR
43753b27d77860f1654aa72e251a7878,0.0,1,5.0,1,BA
e3b4998c7a498169dc7bce44e6bb6277,0.0,1,2.6666666666666665,3,SP
e1c76f339ebd5460999f25a2aa8c92c5,0.0,1,5.0,1,SP
e1bed63d68ac36fe1f3061befe196af5,0.0,1,5.0,1,SP
466222e777149751370e7e98fb623b0c,0.0,1,5.0,1,RJ
458d868c9642f55f18f04e951a3fdde6,0.0,1,5.0,1,RS
458c6fa920810ce2492da71bc26d9eec,0.0,1,2.0,1,SP
48b6c3f4c6a93171da04b75313f2130f,0.0,1,5.0,1,SP
4867209cb29b56b92893d7bde3ce8012,0.0,1,4.0,1,SP
483ca627d131e18f988349b1655c0acd,0.0,1,5.0,1,SP
42d4b7e70819438f5ada61c965e92d7e,0.0,1,1.0,1,GO
42b6488f5b8246d9141712abd4b1b693,0.0,1,5.0,1,PR
e546117ed9cafbc40239c0c78635c584,0.0,1,5.0,1,SP
e503f22be6a4f456d9851920a5d9c670,0.0,1,4.0,1,SP
e4fc40017a6d22c46a14ac2e17f87c3e,0.0,1,2.3333333333333335,2,PR
44ed138eca6214d572ce1d813fb0049b,0.0,1,4.0,1,RS
c2bda99904207edd1834f03e0022b007,0.0,1,2.5,1,SP
8fec2e460530482132c436cfb5439925,0.0,1,5.0,1,SP
8fb67a334bacec338885b4e9e1708073,0.0,1,5.0,1,PR
9140ef75cc8211c4035935e80e567204,0.0,1,5.0,1,PR
913fd0ebba70bb919f7254a02239173c,0.0,1,1.0,1,SC
910a922b426b7ff95eaee129ad6c0e1f,0.0,1,5.0,1,SP
c286ec035ee04ba81c97508f0b5df544,0.0,1,2.5,1,PR
c240c4061717ac1806ae6ee72be3533b,0.0,1,4.0,1,RJ
c1d1ebb4745cc43cb6f05e9c8a705c9a,1.0,1,2.3333333333333335,1,SP
c1849d4d32d7a6cecd5aa471809d3135,0.0,1,4.0,1,SP
c092292535a57dacd95a8765f5518f87,0.0,1,5.0,1,RJ
e64882b4ef12aee8d0faca4db5b681f4,0.0,1,4.0,1,GO
3e51f9cbe317bc3a88f2c76583811ee4,0.0,1,5.0,1,SP
3e46a38ee171c503c3b4a3f23fe3bf0c,0.0,1,5.0,1,SP
4125d9385a25e82d2f72d3a0fd55bc3f,0.0,1,5.0,1,SP
4003520d80d0bad1d5623f7aa3c63cda,0.0,1,1.0,1,RJ
3fe7120d6257285ac6a3ce7cb071ccec,0.0,1,4.0,1,MG
e5def42655b7490edac5a56fe8e9e603,0.0,1,5.0,1,SP
e5545d4d4473876ea78c5bcebca365c3,0.0,1,5.0,1,SP
422be4cc81a457fdb46f47edeb968ae5,0.0,1,5.0,1,SP
41c9d3997dd3c072c31139dc5bb5761f,0.0,1,4.0,1,MG
41958cbd3335433c8740300e8cd600d5,0.0,1,5.0,1,SP
417a1e6c7321084d2a0ae0d023cfad93,0.0,1,5.0,1,RS
43402bdf22aa2310e8f99e2f94f78628,0.0,1,4.0,1,SP
432c67955c0acd1fd6b0b5d678766a71,0.0,1,2.3333333333333335,2,SP
42fb44130ac3134cde8e35cf8ec7df25,0.0,1,3.0,1,SP
3ded4e2d5f135cb103e5949d7263d2dd,0.0,1,5.0,1,MG
3da38366e7bd9baf6369071f782ecdf0,1.0,1,1.0,1,CE
3d62f86afa7c73be2628a3be1423f5a0,0.0,1,4.0,1,SP
3d49bfdd1b43a7fe169b3740067acc61,0.0,1,5.0,1,MG
e76ecc7e9a1a1e3c6df9d2a8261c423d,0.0,1,5.0,1,MG
e64ddbe1cbcf4f2fc3092b7c481f3f9d,0.0,1,5.0,1,SP
c13fb473e7cb8b83ccd543c094df0608,0.0,1,4.0,1,SP
c12d7463a579237ffb9248bd7cff378b,0.0,1,4.0,1,SP
9485a23c0430ba1d58d359391606fce6,1.0,1,2.5,1,SP
93bef6edaa84956e8e575016449b6351,0.0,1,5.0,1,SP
939e6227d6964a11a70aa91243e418f2,0.0,1,5.0,1,MG
934ed5cd1b9c1c7382d0a94a94b9e639,0.0,1,5.0,1,PR
933446e9a59dece7ae9175103820ca8f,0.0,1,3.0,1,PR
92c8bc6e8f925792247656fed09aad65,1.0,1,1.0,1,SP
c0e6839516f5398edc34adf5f1d53d1a,0.0,1,2.6666666666666665,1,SP
c0e0b73d039eb9a99b6ce4cb7a429cd3,0.0,1,5.0,1,SC
3ac588cd562971392504a9e17130c40b,0.0,1,5.0,1,SP
c004e5ea15737026cecaee0447e00b75,1.0,1,1.0,1,SP
95cca791657aabeff15a07eb152d7841,0.0,1,5.0,1,PR
9558aa23f77a9e0a0eca83540999f43b,0.0,1,5.0,1,PR
9535a841eecebed61a9fb1ac1cbb5597,0.0,1,1.0,1,SP
9523fb39dd240aa958e040f8183d64f3,0.0,1,1.0,1,SP
94d76e96eedd976258cd3278ce56d5f2,0.0,1,5.0,1,SP
96f7c797de9ca20efbe14545bed63eec,0.0,1,1.0,1,SP
964ff64dc05b13811c6d0f41e0aa5f6b,0.0,1,5.0,1,SP
bf0045791395e66460eb04749c68672a,0.0,1,5.0,1,SP
bee36b4f9a2b9fdcaff6ec05df202ed0,0.0,1,3.0,1,SP
3aa3c89ae3cd482385568be76120f63c,0.0,1,4.0,1,GO
3a79f35a2344ede41af21267f61d5ec6,0.0,1,1.0,1,SP
3a52d63a8f9daf5a28f3626d7eb9bd28,0.0,1,1.0,1,SP
3d2400ac620cffa23ac81bd192f7f555,0.0,1,5.0,1,SP
3c88ed2e76a2247933a15daa7161eb1c,0.0,1,5.0,1,SP
34675b28b826facfde119785bf287dc1,0.0,1,4.0,1,PR
344223b2a90784f64136a8a5da012e7f,1.0,1,2.0,1,SC
3442033154be05bac582e173ef54fd12,0.0,1,5.0,1,SP
376d67b61dce0c990155286e7ae486a4,0.0,1,4.0,1,SP
36f98ad67cc981f50ce8aed093d5783c,0.0,1,5.0,1,PR
3606774ec64634822d78dc2db6d37045,0.0,1,3.0,1,SP
e9e446d01bd10a97a8ffcfc4a3a20cb2,0.0,1,3.0,1,SP
e908c0f3646e8b60375734a350d95d71,0.0,1,4.0,1,SP
392f7f2c797e4dc077e4311bde2ab8ce,0.0,1,5.0,1,RN
391bbd13b6452244774beff1824006ed,1.0,1,1.0,1,SP
3903c788ded8dc03b5ebab37a2f3e9a1,0.0,1,4.0,1,SP
38f276ca6e7cc95a6d1bb55ac9e5550f,0.0,1,5.0,1,SP
389e45560e33d2d0747f949dcddbc08e,0.0,1,5.0,1,SP
3a3c180dd702a725bd0ba4117689239e,0.0,1,4.0,1,PR
398cb257329ef7af7f1943a8974a3cbc,0.0,1,5.0,1,BA
3b18f9856c6eb2413eafedb58e9eecd9,0.0,1,5.0,1,SP
98dddbc4601dd4443ca174359b237166,0.0,1,5.0,1,PR
bd65d163ded559eb90a10cd09fec178f,0.0,1,4.0,1,SP
9bf11dfc0bec77e5a23028043c3c5a8f,1.0,1,1.0,1,MG
32f83ffe11cd40f7adcf4eef171f52d9,0.0,1,5.0,1,RS
32e5635e63cb374eb63afdd242fb6134,0.0,1,5.0,1,RJ
3296662b1331dea51e744505065ae889,0.0,1,5.0,1,SP
327b89b872c14d1c0be7235ef4871685,1.0,1,5.0,1,AM
31e60bf8d103ce47932a85f5562deb16,0.0,1,5.0,1,GO
33fd411ed63a7c2f9005e3f065d9f85d,0.0,1,4.0,1,RS
eb4a59a06b3948e851a7d7a830bcbc42,0.0,1,3.0,1,BA
eb1bf309f4f6af9a97e9ddac3fdbeabe,0.0,1,5.0,1,SP
eae9af4811c294c56795d70e715b7337,0.0,1,5.0,1,SP
eaaa46e98c9e61f6764dd1d7a2ab8b3e,0.0,1,5.0,1,RN
ea3ebea5317b0efbc663ecc8ce5e9bc2,0.0,1,5.0,1,SC
35b96509602ec4b7da831b5cd73ff2c2,0.0,1,4.0,1,RS
35281d148dcf7134bae913c57db4e6da,0.0,1,5.0,1,SP
2d34636518ba88f5349b732fcf8ba2e4,0.0,1,5.0,1,SP
2f3d8b4c9e2ee165075331fea3f3095a,0.0,1,5.0,1,SC
2ef086a599b597572aca4433b7ed6b3d,0.0,1,5.0,1,SC
2ec6e37d992a95eaddb3369dcbcc76d9,0.0,1,2.0,1,RS
ebd1417732defaf66c50b5a800eb293e,0.0,1,5.0,1,PR
eb9267cccc90f1b49c8d2f9887c7dd97,0.0,1,5.0,1,PE
be7a093e5b4d147b36b72bb1f9e415e5,0.0,1,5.0,1,PR
be67f78487e2cecb0d55bc769709e4f5,0.0,1,5.0,1,MG
be1e9e378700cecaa4ebf71433d7915c,1.0,1,5.0,1,SP
984c273121e743dd14767befe6cb17f5,1.0,1,1.0,1,SP
97e50a621f8e801f4baf69e08687c192,0.0,1,5.0,1,SP
979e9f8b5b39dd243a2550c8b05aecf0,0.0,1,5.0,1,SP
999f6d9a1c7c81f43be44c6b7d076210,0.0,1,5.0,1,SP
9996ae921c50e8dff411ac69c0b4bb8b,0.0,1,1.0,1,SP
98f52e1020fe788c10c0418de4393fec,0.0,1,4.0,1,RJ
98e164d549402270247f3c96a1a158ef,0.0,1,1.0,1,SP
2b402d5dc42554061f8ea98d1916f148,0.0,1,5.0,1,BA
2b2fed75b8e5ea3a052fc4c0825da485,0.0,1,5.0,1,MG
2a7c6c0b0d5efde2bf75ec1e1cec2d41,0.0,1,4.0,1,PR
2d22fc3089eb907b29ebff50581fb472,0.0,1,5.0,1,RJ
2cb98e27ce1c18abdb42209b34c382a7,0.0,1,4.0,1,SP
2c9005d8043aff18b8557ffb7b13cda4,0.0,1,5.0,1,ES
2c54051840f19eca309a5423cf22df36,0.0,1,5.0,1,PR
2c538755f1ca9540af144f266e70df6c,0.0,1,5.0,1,MG
2c00c85d30361cd2ced2969cffbbffa3,0.0,1,5.0,1,MG
edf3fabebcc20f7463cc9c53da932ea8,1.0,1,4.0,1,SP
eddd1991bd6d9309995a480c39b95137,0.0,1,2.5,1,PR
edb58a1390adf273840030a3d6253829,0.0,1,5.0,1,SP
ed49da7cadefc454d6a67de249eab240,0.0,1,5.0,1,SP
2e2f44824ab87a0cb961f68bf4073e7f,0.0,1,2.0,1,PR
2d9e8987a2ea5cf88dce330249043ff1,0.0,1,4.0,1,SP
2d378dbb39815785238c0139c7647fb7,0.0,1,5.0,1,SC
bc30de0d71bd6260b936a026b5cf7200,0.0,1,5.0,1,SP
bbe87dce25ba8b38bb61cc7210a3f10b,0.0,1,5.0,1,SP
bbd3acfe6de99892e73940d3fdceaf68,0.0,1,1.0,1,SP
bba8d0c234a52b87b3957037a215d1a4,0.0,1,5.0,1,GO
f00f5b35d0abcacbdd863672f4bb2c1a,0.0,1,4.0,1,SP
28d162ab86bb49d719c32f0ee6186eaa,0.0,1,4.0,1,SP
28a26ebce31d5918b181ede016fd693b,0.0,1,5.0,1,MG
28872dc528e978a639754bc8c2ce5a4c,0.0,1,5.0,1,RS
271b8923c6a549e02d3c9fd1f8c0422b,1.0,1,4.0,1,SP
2a73cba571d90c694b7caca072ccf6ce,1.0,1,5.0,1,SP
29c322e3f09f886f8bacbe91dfbd979e,0.0,1,5.0,1,RS
efb628aa07c8ca93d7db0d85b91a4f5a,1.0,1,4.0,1,RJ
ee2fbacc2fc3794e656cc4d933d59ce7,0.0,1,5.0,1,SP
ee27a8f15b1dded4d213a468ba4eb391,0.0,1,5.0,1,GO
2bdb95a56a36ebbc6640337ac5eac174,0.0,1,5.0,1,SP
2b5ed0c9139dae8883a200dfcb272ece,1.0,1,5.0,1,SP
253c025bab43881055aeecde5e2d8b77,1.0,1,4.0,1,PR
26e2e5033827d2ba53929f43e03d8ffe,0.0,1,5.0,1,SP
265fdc289dffa9f1ad801c74f7d0de47,0.0,1,5.0,1,SP
f114dca2828bf718548db175ebe2cfcd,0.0,1,1.0,1,PR
f0ec78809fe0bc3edb11c9fe5b97b059,0.0,1,5.0,1,SP
f09b760d23495ac9a7e00d29b769007c,0.0,1,4.0,1,SP
9bade61a92bed55a25d2b67b9f4ed739,0.0,1,1.0,1,PR
9b76ad3d04236f76bc71c59470305e13,0.0,1,5.0,1,SP
9b1ab052f5fca308ba743ac789ebb2e1,0.0,1,5.0,1,PR
9b1585752613ec342d03bbab9997ec48,0.0,1,5.0,1,RJ
9b00cad94ef3078faf6fba2e792c158f,0.0,1,5.0,1,MG
9ac75591b69c3402684b6ce0310f22ee,1.0,1,5.0,1,SP
9c57bc60cfad5ee62d35d3f1ce4593a1,1.0,1,1.0,1,PR
9c54608f0996c32ae4743089d915f845,0.0,1,5.0,1,PR
9c3a1c416c765687bc79a04113269929,0.0,1,1.0,1,MG
bc39d8938f90a3a2b98193723ed59774,0.0,1,4.0,1,SP
f235413f677777a0738ff215d0184901,0.0,1,3.0,1,SP
f1fdf2d13186575751aa25876536d85c,0.0,1,5.0,1,SP
9e25199f6ef7e7c347120ff175652c3b,0.0,1,4.0,1,SP
9da15f4a4ea758d9eeb49000dbe57e22,1.0,1,2.0,1,SP
9d69ba0a7a626a64dc5db08e529559cf,0.0,1,5.0,1,SP
9fe7c6641c79970ab48185498f547c09,0.0,1,5.0,1,SP
9fbd5666d8618fa571c4230fafa09bd6,0.0,1,5.0,1,SP
9e94fa26a70ede4d26226e918e8706a2,0.0,1,5.0,1,SP
9e7c5f4d7770eab65738cca38f9efccf,0.0,1,4.0,1,SP
baf15155e37ef5492731459bdc05be8a,0.0,1,5.0,1,SP
baeda7047354773262ba2405f97038ba,0.0,1,5.0,1,SP
bac44fa8e13424950488659b5f765c41,0.0,1,5.0,1,SP
babcc0ab201e4c60188427cae51a5b8b,0.0,1,5.0,1,SP
f1ce5fdecd64935c28b9ff932751d0dc,0.0,1,4.0,1,SP
26562f211dd1364af2a8596dc945e8ae,0.0,1,5.0,1,SP
258447aad3f7b01e2643c89f64dc5647,0.0,1,5.0,1,PR
b9de031b671cd48b28fae9d828cbf2b4,0.0,1,5.0,1,SP
1fa2d3def6adfa70e58c276bb64fe5bb,0.0,1,1.0,1,SP
1f7dfad2cb384ea4d2d7e1ffbd78c407,0.0,1,1.0,1,SP
20d53aad4fe5ee93a64f8839609d3586,1.0,1,1.0,1,MG
2063dd1b9f568df1c16741ea7d3e6adb,0.0,1,5.0,1,PR
20611af7866c6068fd5ae1f9dbe15c92,0.0,1,4.0,1,SP
204b4e07bddef3c9b317f70189135b22,0.0,1,5.0,1,MG
2039c5e51785b5dde7cf93ccb3b7be2c,0.0,1,5.0,1,SP
f410c8873029fcc3809b9df6d0b28914,0.0,1,5.0,1,SP
f3511c85f59f8dec53d140501ee8e7a8,0.0,1,5.0,1,PR
f307937c1bb287c3efc2a514b94b0d1d,0.0,1,5.0,1,MG
f3041c2e75ec683697a6a5ea82192210,0.0,1,5.0,1,MG
21d59342ba150175ca2aa4f8faddeca6,0.0,1,4.0,1,SP
213fafb0ca06fb3d5886579c2565791b,0.0,1,4.0,1,MG
24a6daf925d9d591870a66660416de31,0.0,1,4.0,1,SP
244b04680fdbded0acf5aebd9c92b44a,1.0,1,1.0,1,SP
f43827dd686be3a4a80e00aa299990fb,0.0,1,2.0,1,SP
1e47d8b6546eb3a77b1acddcc9406242,0.0,1,1.0,1,SP
1e26c56af8d48424e1df0140a2401f83,0.0,1,5.0,1,SP
1de62b6f2fd96227629786db492433db,0.0,1,5.0,1,SP
1d953075c2f0dd990bacf27b83b330f1,0.0,1,5.0,1,MG
1d2732ef8321502ee8488e8bed1ab8cd,0.0,1,4.0,1,RJ
bab0a8cd684e41ba6e2637dca0979d3b,0.0,1,5.0,1,RJ
a213f1bd6458f4a158f3746cb2514559,0.0,1,5.0,1,PR
a20d8058c866dbaeca014d2cd20ac62e,0.0,1,5.0,1,SP
a150c540f572d0fb53992264bc5c10b5,0.0,1,4.0,1,SP
a1040efe9ff4a6f93c28b0499eada8f5,0.0,1,5.0,1,SP
a353b1083c9863d756d9404695016d64,0.0,1,5.0,1,ES
a2b911e9ad40dc7d61c142a4683e2d85,0.0,1,5.0,1,RJ
a2a41aedb70551d4a85aa04dc2fced48,0.0,1,5.0,1,SP
ba89796db68db180bd389de96b2ff3b6,0.0,1,5.0,1,SP
b9ec22de23f18567de0e09d776ca0309,0.0,1,5.0,1,DF
19d62d484cba71963c93f0f00ab42013,0.0,1,4.0,1,SC
19a7c9f66ffa6452ff4b4c0cca71da27,0.0,1,5.0,1,PR
a45765f8afb1e594b22bf9e974b46765,0.0,1,4.0,1,SP
a3fa18b3f688ec0fca3eb8bfcbd2d5b3,0.0,1,5.0,1,SP
a56a8043ebf66e42119618fb8cf232c6,0.0,1,5.0,1,SC
a4b8d97cd5d3674eeff96abc99d8ed67,0.0,1,1.0,1,SP
a7ecf689b40a44361e259b28939023e4,0.0,1,5.0,1,ES
a7dc4098e4da6e41b426269d12ae7e91,0.0,1,5.0,1,SP
a7c53f6b3b61adbdaa99dda97e8cbd56,0.0,1,4.0,1,SP
a7b7354cc588f7566a848bcbb1ce3d96,0.0,1,5.0,1,SP
a72f15980dc3e9bfd1a49ac9b2f3af65,0.0,1,4.0,1,SP
1927cdb9fa74f5270097f6250e8e8f34,0.0,1,5.0,1,SP
1bc2e21de46adfea6b98cc96b00f3b40,0.0,1,4.0,1,SC
1b4b28463457a256e9a784ebe2a8f630,1.0,1,1.0,1,SP
1d139e3a3b14025640d8df1b230aace0,0.0,1,4.0,1,SP
1c83418358f249c9d6affa52d579db0e,0.0,1,5.0,1,SP
b7ba853e9551f4558440881fd3e5c815,0.0,1,1.0,2,RS
b77a27b1864483e721dc831d5ba4afa0,0.0,1,3.5,1,RJ
aa8af66c623d7d544dfe4bb85b5ebe3b,0.0,1,5.0,1,MG
a9ae440659f48b7849df83e82734150b,0.0,1,5.0,1,SP
a89e143d5211473ae18db9577ee34b64,0.0,1,3.0,1,SP
a81466620e46a6970b22ef40379fdfc9,0.0,1,5.0,1,SC
a806a4bb063ea7ca6d374eafa50a6058,0.0,1,4.0,1,ES
b76f4d90e85657a240495c876313adc5,0.0,1,5.0,1,SP
b6f52e346160519c24a23af05410ad32,0.0,1,4.0,1,SP
1746c1ae87ac63d530c7c943d0ac42e2,0.0,1,5.0,1,SP
1703bc09972dab9782e7a9194943b69f,0.0,1,5.0,1,MG
164a5a8794e6d42e14f55e447b12a3bc,0.0,1,5.0,1,PR
17998cf586426bf0f2c3726cb0a4b211,0.0,1,5.0,1,MG
f664f98bfda2eaf266a23ff144e7a872,0.0,1,5.0,1,SP
f5b84683a9bf9e1df748cf40f601b39c,0.0,1,5.0,1,SP
1a8e2d9c38b84a9702ac7922924b0573,0.0,1,5.0,1,SC
1099a00e0ee3a50935e6c2447ca090c5,0.0,1,4.0,1,RJ
10089e9f2fd0c668a8fd4e52e1698888,0.0,1,5.0,1,SP
f9f68daa2af419d38f745478bcb3da1a,0.0,1,3.0,1,SP
f9eedec3129e8cc6b6429c42d0808c5b,0.0,1,5.0,1,RJ
f9bbdd976532d50b7816d285a22bd01e,0.0,1,5.0,1,SP
f90f77ef2799a27f80d90c425ca944f7,0.0,1,5.0,1,PR
f8f35af4634605e6693c17cc3ffff5a8,0.0,1,5.0,1,MG
119c7f1a00ef43fad0e57604e76a747c,0.0,1,5.0,1,SP
13e85aac53340018b40c2af68001b7e0,0.0,1,5.0,1,SP
139157dd4daa45c25b0807ffff348363,0.0,1,4.0,1,SP
f7315bb81aea4ddca2d39e249a801c98,1.0,1,5.0,1,SP
15b3b1b81484422eb41df68ac87f1f50,0.0,1,1.0,1,SP
1588ac4010787100dddef64568f0ae35,0.0,1,1.0,1,PR
154bdf805377afea75a3bd158e9eab10,1.0,1,1.0,1,SP
a69aa24cec11168e7e39a3fbc727e925,0.0,1,5.0,1,SP
a663d9c3797e90eac99ff60939416a56,0.0,1,5.0,1,SP
b19c48688808720822399ffa9f2dbe2f,0.0,1,5.0,1,SP
003554e2dce176b5555353e4f3555ac8,0.0,1,5.0,1,GO
feb793c88d836c3a75efa4b5a3465d70,0.0,1,5.0,1,SP
fe8055980a4ff7f64ed889c2b5926929,0.0,1,5.0,1,PR
00ab3eff1b5192e5f1a63bcecfee11c8,0.0,1,5.0,1,SP
00d8b143d12632bad99c0ad66ad52825,0.0,1,5.0,1,MG
042573af89b6d931f672efaf789d8358,0.0,1,5.0,1,SP
0ade5cc4a305ed7093a23f68ca47519c,0.0,1,5.0,1,PR
0a82f5fb06a4fe4ac2cf7cb412ec71b8,0.0,1,5.0,1,SP
0a198e95d32b1be2da9424c962a6ebfa,0.0,1,5.0,1,MG
0bb27263628258b8111a0262769fa9db,0.0,1,5.0,1,SP
0b46f784306be7200ca1700aa55d819f,0.0,1,5.0,1,MG
0b3f27369a4d8df98f7eb91077e438ac,0.0,1,5.0,1,SP
0b1ca3ef18a63d7eb0c8897fa0849c08,0.0,1,5.0,1,SP
0b09101900100c0e9d312861fad5a1b9,0.0,1,4.0,1,SP
fc0b214b59a83615fea981c6424a02ae,0.0,1,5.0,1,SP
05ca864204d09595ae591b93ea9cf93d,1.0,1,5.0,1,SP
05a48cc8859962767935ab9087417fbb,0.0,1,5.0,1,SP
052577151711aec5c744fe12e66db3e1,0.0,1,2.25,1,SC
0692610d8abe24f287e9fae90ea0bbee,1.0,1,4.0,1,SP
07e8e8fc5222bb358e6f259da3197074,0.0,1,5.0,1,SP
fd435faa3c0422b60440ea3480d0e77c,0.0,1,5.0,1,PB
fc5a0d7a310a7a41abf86a458585ff2b,0.0,1,2.5,1,SP
fc4751cfe3b279c419615b9b00c1abb4,0.0,1,5.0,1,PR
08d1c9478fb0d7d7fcac9c0da4e82fc7,0.0,1,5.0,1,MG
0af977692321d895349eded183341d28,0.0,1,5.0,1,SP
ae9690c6e8fee182c28c9ff8e11ca52c,0.0,1,5.0,1,SP
aded58c8142dedc5494a81f948431fab,0.0,1,1.0,1,RJ
b05b432bf68945d4d9783f9e3ca29ee8,0.0,1,5.0,1,SP
b026643914f651e8371425e5b8a1e780,0.0,1,5.0,1,RJ
b00af24704019bd2e1b335e70ad11f7c,0.0,1,5.0,1,BA
b26741d31a563d769b4af0465ab20c56,0.0,1,4.0,1,SC
