seller_id,pedidos,tiempo_entrega_promedio,pct_demorado,distancia_promedio,flete_promedio,reseña_promedio,precio_promedio,categorias_distintas,cluster
0015a82c2db000af6aaaf3ae2ecb0532,3,10.333333333333334,0.0,606.2898353655064,21.02,3.6666666666666665,895.0,1,1
001cca7ae9ae17fb1caed9dfb1094831,200,12.628205128205128,0.05555555555555555,810.6716194542838,37.046610878661085,3.902542372881356,104.9373640167364,2,2
002100f778ceb8431b7a1020ff7ab48f,51,15.777777777777779,0.16666666666666666,523.2920318141868,14.430181818181818,3.981818181818182,22.445454545454545,1,2
003554e2dce176b5555353e4f3555ac8,1,4.0,0.0,935.9990120659872,19.38,5.0,120.0,1,1
004c9cd9d87a3c30c522c48c4fc07416,158,13.958333333333334,0.07738095238095238,632.8812498400707,20.889588235294116,4.1437125748503,115.95711764705882,2,2
00720abe85ba0859807595bbf045a33b,13,8.153846153846153,0.07692307692307693,282.36196200648607,12.153076923076924,3.6538461538461537,38.75,1,1
00ab3eff1b5192e5f1a63bcecfee11c8,1,9.0,0.0,231.94617310688275,12.08,5.0,98.0,1,1
00d8b143d12632bad99c0ad66ad52825,1,7.0,0.0,1623.3498213511734,51.1,5.0,86.0,1,1
00ee68308b45bc5e2660cd833c3f81cc,135,8.732558139534884,0.08139534883720931,250.20541343299,18.49220930232558,4.3274853801169595,117.79069767441861,2,2
00fc707aaaad2d31347cf883cd2dfe10,103,15.348148148148148,0.044444444444444446,700.9023600609586,16.926592592592595,3.791044776119403,93.96222222222222,1,2
010543a62bd80aa422851e79a3bc7540,2,8.5,0.0,220.48498426327706,15.975000000000001,4.5,708.0,1,1
010da0602d7774602cd1b3f5fb7b709e,1,26.0,0.0,527.6128257950694,46.05,1.0,169.9,1,0
011b0eaba87386a2ae96a7d32bb531d1,1,25.0,0.0,494.53360808262516,14.59,4.0,49.99,1,1
01266d4c46afa519678d16a8b683d325,3,5.333333333333333,0.0,365.80469715452574,15.743333333333334,5.0,30.083333333333332,1,1
013900e863eace745d3ec7614cab5b1a,23,11.038461538461538,0.0,779.5835278367896,18.064230769230768,4.730769230769231,62.29615384615385,3,2
014c0679dd340a0e338872e7ec85666a,14,18.533333333333335,0.13333333333333333,759.5412324953976,41.88733333333334,3.6666666666666665,470.53333333333336,3,0
014d9a685fd57276679edd00e07089e5,11,8.5,0.0,497.59300138039606,12.244166666666667,3.8333333333333335,60.82333333333333,2,1
0176f73cc1195f367f7b32db1e5b3aa8,38,12.947368421052632,0.10526315789473684,417.49847094352816,33.00025641025641,4.0256410256410255,121.36153846153847,1,2
01bcc9d254a0143f0ce9791b960b2a47,11,12.4,0.0,982.4819425911686,25.24181818181818,4.4,138.29181818181817,1,1
01c97ebb5cdac52891c0ed1c37ba0012,9,12.333333333333334,0.0,625.6942470583036,14.875,4.083333333333333,48.125,1,1
01cf7e3d21494c41fb86034f2e714fa1,61,11.076923076923077,0.046153846153846156,934.08042366609,29.982388059701492,4.212121212121212,145.21432835820897,9,2
01ed254b9ff8407dfb9d99ba1e17d923,5,6.4,0.0,362.2600622001979,13.544,5.0,293.198,1,1
01fd077212124329bac32490e8ef80d9,31,7.666666666666667,0.02564102564102564,466.266431435,14.752820512820513,4.3076923076923075,30.974358974358974,7,2
01fdefa7697d26ad920e9e0346d4bd1b,129,10.276923076923078,0.06153846153846154,605.7453223713643,21.134656488549616,4.346153846153846,113.90404580152672,1,2
0241d4d5d36f10f80c644447315af0bd,238,10.463414634146341,0.056910569105691054,646.3810395475261,27.86142276422764,4.310204081632653,127.6329268292683,1,2
0249d282d911d23cb8b869ab49c99f53,11,9.818181818181818,0.18181818181818182,225.58601463814804,12.625454545454545,4.2727272727272725,35.72727272727273,1,1
024b564ae893ce8e9bfa02c10a401ece,2,18.0,0.0,2263.070708847144,26.5,4.75,88.30000000000001,2,0
028872bfa080090a9d0abd4f1af168f8,1,16.0,0.0,998.238999790144,15.79,5.0,23.5,1,1
02b72cdeb9cfcc429f1af6f4e3f3b737,4,12.0,0.0,1262.924155800187,56.4975,4.75,130.6625,1,0
02c988090b766852e088c69d7fb3b551,13,8.0625,0.0,209.00406920116143,12.841176470588236,4.6875,95.21470588235294,2,1
02d35243ea2e497335cd0f076b45675d,14,25.4375,0.375,1802.0594753778093,37.871875,2.6875,362.125,1,0
02dcd3e8e25bee036e32512bcf175493,14,16.866666666666667,0.3333333333333333,679.0352374048555,18.36294117647059,3.588235294117647,87.75882352941177,1,0
02ecc2a19303f05e59ce133fd923fff7,21,10.375,0.0,481.33586837551906,19.925416666666667,4.541666666666667,219.34124999999997,3,2
02f5837340d7eb4f653d676c7256523a,30,9.166666666666666,0.03333333333333333,362.31664787988706,19.361,4.833333333333333,129.435,1,1
02f623a8eb246f3c5f7c2f96462654e6,44,8.068181818181818,0.09090909090909091,471.2258535433082,18.855227272727273,4.558139534883721,144.95454545454547,2,2
0307f7565ff85b299b6e5ef162b1b1a9,7,14.666666666666666,0.0,632.7176653544756,39.25285714285714,3.142857142857143,675.5428571428572,3,0
0336182e1b3e92f029d5354832045fdf,1,13.0,0.0,218.69329674521703,8.785,2.0,14.9,1,1
034b9387752bfa309f350a70cd45ffa3,8,8.125,0.0,463.9636989528776,18.0325,4.5,12.0,1,1
038b75b729c8a9a04b0d07cba7eabe86,2,22.5,0.5,1085.0073180047639,45.425,3.5,233.5,1,0
039b29ff3b3473435d0cd59040575de9,9,8.555555555555555,0.0,475.4646813492408,11.183333333333334,4.444444444444445,12.766666666666667,2,1
039e6ad9dae79614493083e241147386,5,14.0,0.2,732.1519565571335,69.684,4.0,2585.0,1,0
03a2a6dcbe45d639c4dc2a0d24769c40,9,9.88888888888889,0.1111111111111111,594.8285278171105,19.13888888888889,4.111111111111111,119.82333333333334,1,1
03bd479e1d9484cdb14104d3023f7321,3,20.333333333333332,0.3333333333333333,501.9197202534884,19.24,4.333333333333333,119.90000000000002,1,1
0417b067eeab773d2f7061a726dc477f,13,17.307692307692307,0.3076923076923077,766.2032460325164,49.42846153846154,3.923076923076923,143.01384615384615,1,0
042573af89b6d931f672efaf789d8358,3,19.666666666666668,0.3333333333333333,196.5688770445989,21.69666666666667,3.6666666666666665,137.82666666666668,2,1
04308b1ee57b6625f47df1d56f00eedf,94,18.42391304347826,0.11956521739130435,1064.983656618261,32.49351063829787,3.882978723404255,639.6872340425532,1,0
0432ead42b6c8a0bdf68154add917fdf,85,8.333333333333334,0.034482758620689655,529.9594235583097,13.416888888888888,4.477777777777778,86.5788888888889,3,2
044668ccd5316b12a7cf0d54a156e3e9,3,7.0,0.0,569.3106828297243,13.3875,5.0,34.45,1,1
04843805947f0fc584fc1969b6e50fe7,1,15.0,1.0,827.5769207478706,37.38,5.0,700.0,1,0
048c2757535328e0d7dac690ad3c0aae,51,18.04,0.14,949.4420033350449,25.221176470588233,4.18,181.6623529411765,1,2
04aa0a1c5ce6b222003403a3e11c3cc0,11,15.882352941176471,0.11764705882352941,1523.5101242278222,48.32411764705882,3.5294117647058822,324.5882352941176,2,0
04aba03279157f6d4e0fe8ccaf21963c,16,11.2,0.06666666666666667,497.34061975080766,21.651875,4.3125,160.99375,1,1
04e38a233f726ef161074ab1c9b0399a,23,11.083333333333334,0.125,313.3342597908621,16.395357142857144,3.7857142857142856,48.292857142857144,3,2
04ee0ec01589969663ba5967c0e0bdc0,1,3.0,0.0,395.78810928413776,24.83,5.0,289.49,1,1
04fdea0c111866e6cf812f1570d6b5bd,10,17.5,0.125,1024.9314363714286,20.695,3.2,105.5,2,0
0509040ea3fe50071181bbc359eb7738,89,10.979166666666666,0.0625,548.7142043461915,14.74642857142857,4.5,38.14234693877551,3,2
052577151711aec5c744fe12e66db3e1,4,14.0,0.0,1005.4897523484769,55.605,2.25,687.0,1,0
054694fa03fe82cec4b7551487331d74,21,29.714285714285715,0.2857142857142857,666.0073013934135,32.75681818181818,3.3636363636363638,453.77727272727276,4,0
056b4ada5bbc2c50cc7842547dda6b51,65,12.307692307692308,0.1076923076923077,622.3910605779487,19.78818181818182,4.123076923076923,186.86954545454546,2,2
0570350b23eda5444f8d1d9544932058,6,4.0,0.0,232.14646272812524,11.350909090909092,5.0,56.99090909090909,2,1
05730013efda596306417c3b09302475,4,9.0,0.0,621.6029050586403,54.1675,5.0,238.0,2,1
058cb5aeb36d7c0fcae20fc85d5e0a59,12,9.333333333333334,0.08333333333333333,376.39563002354174,59.95538461538461,3.3846153846153846,102.15384615384616,1,1
058fd0aa2bfdb2274e05e1ae971dabb6,61,9.777777777777779,0.07936507936507936,484.58488829914364,13.8734375,4.375,119.8109375,2,2
05a48cc8859962767935ab9087417fbb,1,11.0,0.0,387.50354248462634,16.49,5.0,42.9,1,1
05a940b4ecae36cadfd8e93bd9c43257,10,13.777777777777779,0.0,842.555954159041,19.694,3.9,95.2,3,1
05aebce0b5c8f0d41b29b686f2d05fd3,2,5.5,0.5,50.75039559549494,22.945,5.0,37.495000000000005,2,1
05ca864204d09595ae591b93ea9cf93d,1,5.0,1.0,18.76793139652051,8.52,5.0,179.9,1,1
05d2173d43ea568aa0540eba70d2ca76,62,14.257575757575758,0.06060606060606061,479.94284543920145,25.443484848484847,4.0,87.26757575757576,3,2
05e107217c7266362fd44b75b2cd4cc4,5,6.375,0.5,390.0087892117051,10.251249999999999,4.125,24.1725,1,1
05f51e13da97139648b8125c31e5f51b,60,11.916666666666666,0.15,566.132112281066,32.05222222222222,4.095238095238095,218.5557142857143,3,2
05feb94f19d094d4b0f9281f0b1d4c99,6,14.833333333333334,0.0,1088.3962896253513,116.17333333333333,4.5,1558.8333333333333,2,0
05ff92fedb5be47920fea08e501238b9,59,11.783333333333333,0.05,1316.537702776289,29.280483870967743,4.209677419354839,354.7222580645161,4,2
062c325cd6a2b87845fab56b4ec2eeae,2,5.0,0.0,50.2549276969755,11.93,5.0,66.61,2,1
062ce95fa2ad4dfaedfc79260130565f,55,12.745762711864407,0.03389830508474576,755.23958904075,20.007333333333335,3.966666666666667,125.35,5,2
06532f10282704ef4c69168b914b77be,8,16.125,0.0,1407.229904079425,77.58222222222223,4.222222222222222,1135.611111111111,2,0
06579cb253ecd5a3a12a9e6eb6bf8f47,62,10.485714285714286,0.15714285714285714,396.4688443283811,20.82513888888889,3.763888888888889,65.65555555555555,3,2
066a6914e1ebf3ea95a216c73a986b91,68,13.63888888888889,0.041666666666666664,925.4428401451931,23.048243243243242,3.9726027397260273,127.16729729729731,7,2
0691148aee60ca47977c187804f935ae,47,12.584905660377359,0.03773584905660377,660.5670541060306,28.130943396226417,3.981132075471698,110.72660377358491,6,2
0692610d8abe24f287e9fae90ea0bbee,4,6.25,0.25,13.824980076577038,7.9325,4.0,43.4975,2,1
06a2c3af7b3aee5d69171b0e14f0ee87,392,17.271144278606965,0.236318407960199,1946.286158691953,29.978493827160495,4.0,89.89864197530864,1,2
06bb3a2fe5e7b7a845b13e8fb91bd944,17,8.333333333333334,0.0,495.2489843385547,18.11888888888889,4.611111111111111,85.3438888888889,1,1
06df0c10d34e459d9672bc77388742eb,26,9.2,0.1,549.8807432360237,17.525666666666666,4.366666666666666,302.3333333333333,1,1
06e5eefc71ec47ae763c5c6f8db7064f,92,10.53763440860215,0.021505376344086023,1197.2274026239213,23.087157894736844,3.903225806451613,233.56378947368424,6,2
07017df32dc5f2f1d2801e579548d620,8,9.666666666666666,0.0,1478.9805821786933,20.194444444444443,4.111111111111111,105.16555555555556,2,1
070d165398b553f3b4b851c216b8a358,32,10.631578947368421,0.13157894736842105,317.7308728459896,25.733076923076922,3.5,87.00410256410257,1,1
0725b8c0f3f906e58f70cbe76b7c748c,17,11.222222222222221,0.19444444444444445,409.48928940679264,19.342972972972973,3.4594594594594597,59.197297297297304,5,2
0743a0239d764b9a0f959a57d07e36ab,4,4.75,0.0,830.9236843518756,16.565,4.75,84.24,2,1
0747d5bb69f0586cc869d8af4c50f93e,14,13.846153846153847,0.07692307692307693,455.9307270621057,13.925999999999998,3.466666666666667,23.106666666666666,2,1
0761743cbffb25d7148189e9f1a5f03a,3,13.857142857142858,0.0,323.4068084771524,12.314285714285715,4.285714285714286,34.457142857142856,2,1
077c5fae4bea9500e3737b16f71b9d3a,4,7.5,0.0,93.71182910532748,11.74,4.666666666666667,17.8,1,1
0791d9fc1e30678ecf03d3e55fa108d3,5,5.7272727272727275,0.0,537.8542850319865,16.99909090909091,2.727272727272727,76.54545454545455,1,1
079d295dcbf06ee8bb1b65ba964eb2b6,5,6.3,0.0,862.937775645464,19.079,4.8,34.93,1,1
07a9bc7f61396b658ddf3ac534efe44c,1,5.0,0.0,18.430907981120306,15.59,3.0,119.9,1,1
07bf9669d84d1f11be443a9dd938f698,18,8.291666666666666,0.0,669.2591329704989,26.925833333333333,3.25,74.0,2,1
07d75e33f2750d97d467fb57e4dfdd8a,2,11.5,0.0,577.0896485230552,18.595,2.5,361.2,2,1
07de60b03d150fb3ea09eab5da5e4c8b,9,12.88888888888889,0.1111111111111111,457.4354051986346,18.87777777777778,4.333333333333333,79.9,1,1
07e8e8fc5222bb358e6f259da3197074,2,8.0,0.0,432.1690365712791,11.53,4.0,25.9,1,1
080102cd0a76b09e0dcf55fcacc60e05,124,9.296875,0.0390625,661.6781629349734,16.891769230769228,4.492307692307692,43.97523076923077,5,2
080199a181c46c657dc5aa235411be3b,79,7.626506024096385,0.024096385542168676,353.8145221885412,12.53831325301205,4.609756097560975,174.74939759036147,1,2
08061dc0fc165ed41288cc7acde738ee,4,19.5,0.25,713.8446641892534,14.605,4.5,30.950000000000003,1,1
08084d990eb3f53af056ccbc1730c8a7,12,8.0,0.0,339.45351478670307,19.524166666666666,4.454545454545454,31.041666666666668,1,1
081acf3de680d554796c9cf041be7bc2,4,13.125,0.125,1116.8050054284397,25.6875,4.125,199.6625,2,0
082e0bf4cb865a6533b1e8e498cc0255,11,12.73913043478261,0.13043478260869565,838.4618828060973,43.08826086956522,3.3043478260869565,90.14347826086957,2,0
085f6f7e049c996695fb2074fe38d45e,6,10.125,0.0,366.0529264105877,16.32,3.625,38.175,5,1
08633c14ef2db992c11f840f04fad4cd,74,9.721649484536082,0.061855670103092786,592.7752665450992,14.685773195876289,4.237113402061856,78.80721649484536,5,2
0873d9f8f36123f8d910f4760e788cfb,6,12.833333333333334,0.5,573.5669816858175,26.843333333333334,3.1666666666666665,1210.9316666666666,2,0
0885aaf116795758dfeb5f1032487bcd,28,5.241379310344827,0.034482758620689655,312.2770553886738,17.144000000000002,4.2,88.26666666666667,2,1
0887a9f087bcd5d9f6642b52f897fc6c,12,13.583333333333334,0.08333333333333333,752.8721583471817,18.3625,4.416666666666667,136.83333333333334,3,1
08ad4ac1388e4420ca531c3edfc46198,6,6.571428571428571,0.0,297.2434709063155,12.721428571428572,2.7142857142857144,31.659999999999997,1,1
08cdbae123ff67ca4e36d9d641ce0119,4,28.833333333333332,0.6666666666666666,994.8897636686866,182.745,2.5,516.4983333333333,1,0
08d0949a9a17c027262db1f3c450c26c,12,13.75,0.0,793.015783511877,19.42,3.75,27.066666666666666,1,1
08d1c9478fb0d7d7fcac9c0da4e82fc7,1,10.0,0.0,599.5823934766474,67.57,5.0,538.0,1,0
08d2d642cf72b622b14dde1d2f5eb2f5,17,14.45,0.15,626.7286244659523,15.298095238095238,4.45,43.523809523809526,6,2
08f5819815f3d06545011850bd70f0a8,3,7.666666666666667,0.0,940.6572327305398,23.61,4.666666666666667,150.66666666666666,1,1
091065b789659bc3cd9af9cb3a6253ff,2,11.0,0.0,1331.66058119654,42.685,3.5,679.5,1,0
0936e1837d0c79253456bbb2ffaaef10,1,18.0,0.0,553.6049102618233,15.56,5.0,19.45,1,1
093805f8f2aeb63881444571e1f48f30,22,7.7407407407407405,0.037037037037037035,478.6898680892419,12.738518518518518,3.814814814814815,45.029259259259256,1,1
094ced053e257ae8cae57205592d6712,19,11.789473684210526,0.0,557.5560268679775,24.159473684210525,4.052631578947368,79.9578947368421,2,1
0951a6e282947e09cd47969f4ed0b47f,7,4.285714285714286,0.0,504.6022335942456,12.574285714285713,4.857142857142857,70.32857142857144,2,1
09883d9ab71c8fe8a9bfc7fc3075b07e,5,14.0,0.25,641.0489062118298,15.334,3.4,65.9,2,1
099095b050cfe8eb1ddff5317587e96e,17,10.0,0.15789473684210525,312.9451054727505,35.766,2.95,259.6915,8,2
09bad886111255c5b5030314fc7f1a4a,5,6.0,0.0,438.87837880643826,14.572,5.0,97.5,1,1
09f952a5f58d2285b0372551ae8f9b01,50,12.660714285714286,0.05357142857142857,728.6555269442508,27.231428571428573,3.875,211.09821428571428,2,2
0a198e95d32b1be2da9424c962a6ebfa,1,16.0,0.0,486.18346647626674,16.68,5.0,69.99,1,1
0a82f5fb06a4fe4ac2cf7cb412ec71b8,2,5.0,0.0,14.547790207455101,11.399999999999999,5.0,231.0,1,1
0a85ebe4e328db81ac9109781205e2f7,12,4.75,0.08333333333333333,148.46284586381532,11.479166666666666,4.583333333333333,55.65833333333333,2,1
0aa2205ca24f113f4658a5c536667426,4,6.454545454545454,0.0,376.85249126617686,15.68,2.8181818181818183,74.14727272727272,1,1
0ac4201fda2c68ebc0e47cb9423cf3c9,13,12.071428571428571,0.07142857142857142,863.4589526308325,16.71357142857143,4.285714285714286,119.77714285714286,3,2
0ad80de75c811326389cfb1daba7d45e,6,8.5,0.0,415.0656602868687,19.22,5.0,241.56666666666663,1,1
0adac9fbd9a2b63cccaac4f8756c1ca8,110,12.343283582089553,0.05223880597014925,377.04838352100626,17.60049295774648,3.8865248226950353,112.40105633802817,5,2
0ade5cc4a305ed7093a23f68ca47519c,2,6.5,0.0,528.7158089877108,21.195,5.0,79.44,1,1
0aea4c6ae1505b3228ddf3dd7822ee5b,8,17.875,0.25,958.9655077986724,18.96875,3.875,178.48875,1,0
0af2ab31141893d26aca5a404a537dab,1,5.0,0.0,358.82382527111685,15.51,5.0,59.0,1,1
0af977692321d895349eded183341d28,2,2.0,0.0,50.104246170325,9.735,4.5,128.875,1,1
0afccdb8a34ee5c79f7c06faf2b4d56e,25,12.958333333333334,0.08333333333333333,589.6361859337242,15.531199999999998,4.041666666666667,49.02,1,1
0b09101900100c0e9d312861fad5a1b9,1,18.0,0.0,4.023429328889624,14.61,4.0,153.75,1,1
0b0ddbc7b9d9584f442c7ac92b0ff6c9,3,11.666666666666666,0.0,1386.5804660701967,44.626666666666665,4.666666666666667,472.25333333333333,1,0
0b18d63d0cd1d723567903fd34a07df2,9,6.571428571428571,0.0,517.9955965068071,18.992142857142856,4.785714285714286,119.86714285714285,2,1
0b1ca3ef18a63d7eb0c8897fa0849c08,1,6.0,0.0,85.1976163142919,7.87,5.0,55.0,1,1
0b35c634521043bf4b47e21547b99ab5,51,16.92207792207792,0.11688311688311688,761.2648802073011,18.911410256410257,3.4935064935064934,173.50833333333333,1,2
0b36063d5818f81ccb94b54adfaebbf5,1,14.0,0.0,1086.4383362636706,1.2,5.0,51.0,1,1
0b46f784306be7200ca1700aa55d819f,1,3.0,0.0,239.10457398845895,10.96,5.0,19.9,1,1
0b64bcdb0784abc139af04077d49a20e,4,8.0,0.0,816.7825846184753,17.052500000000002,4.75,34.4,1,1
0b90b6df587eb83608a64ea8b390cf07,164,14.004784688995215,0.03349282296650718,673.4806696789425,17.215809523809526,4.0,136.15390476190476,1,2
0bae85eb84b9fb3bd773911e89288d54,137,9.786206896551723,0.006896551724137931,595.9032921019822,20.028698630136986,4.205479452054795,51.24801369863014,13,2
0bb27263628258b8111a0262769fa9db,1,41.0,0.0,81.14998540255952,10.96,5.0,22.2,1,1
0bb738e4d789e63e2267697c42d35a2d,30,11.482758620689655,0.034482758620689655,610.1452747637043,20.720645161290324,4.580645161290323,77.04193548387097,2,2
0be8ff43f22e456b4e0371b2245e4d01,161,9.851428571428572,0.06285714285714286,505.39668544413405,14.328611111111112,3.8944444444444444,65.58611111111111,13,2
0bebbb2cea103a4a020c95d43fd7d754,9,5.444444444444445,0.0,430.2490820183155,16.34888888888889,4.888888888888889,151.91111111111113,2,1
0bf0150d5b9d60d9cd2906003332f085,39,13.612903225806452,0.1935483870967742,324.3816091407797,17.705483870967743,3.711864406779661,93.13870967741936,2,2
0bfd0b434243adc5c2e1aa6baf19c6aa,6,8.0,0.0,672.0138994556427,10.964999999999998,3.6666666666666665,61.866666666666674,5,1
0c7533c71df861ec58ad7ff999ed0e8d,61,10.150684931506849,0.0410958904109589,440.56244470105514,11.975479452054795,4.082191780821918,40.94931506849315,1,2
0c7f30ae9b147eca07affbef92832a6a,5,8.0,0.0,551.195897558058,17.522,5.0,95.9,4,1
0c8380b62e38e8a1e6adbeba7eb9688c,182,12.059633027522937,0.05045871559633028,451.471538115912,18.668363636363637,4.032110091743119,78.85813636363636,4,2
0cab2da43793a6f3c5ed8514c5f54627,3,4.666666666666667,0.0,540.7028080362156,19.066666666666666,5.0,103.23333333333335,2,1
0cbcee27c791afa0cdcb08587a2013a8,39,12.9,0.1,457.0428725569471,19.930731707317072,3.8536585365853657,129.85731707317072,3,2
0d33a55da925bbf1ff02af5f6059fc7f,22,8.375,0.041666666666666664,353.61769843567134,16.067083333333333,4.5,22.804166666666664,4,2
0d4c8269e7f0401201794deef160edd6,3,18.25,0.0,1059.8799566691957,24.8475,4.0,198.16,1,0
0d83f8e03188682112cc0d93523705cc,4,24.875,0.5,1038.7850729730571,15.53875,2.75,87.0325,2,0
0d85bbda9889ce1f7e63778d24f346eb,51,17.79310344827586,0.1896551724137931,960.9641005985727,28.00862068965517,4.211538461538462,83.53793103448275,3,2
0daf5180aa44356f60f8effa533b55a2,2,7.5,0.5,761.1187205357799,19.415,5.0,72.4,1,1
0db783cfcd3b73998abc6e10e59a102f,132,11.197080291970803,0.0364963503649635,625.3015869289679,14.592335766423357,4.213235294117647,66.25839416058393,5,2
0dd184061fb0eaa7ca37932c68ab91c5,161,10.813471502590673,0.09844559585492228,505.74910133117595,27.56217616580311,3.953125,95.57989637305698,3,2
0ddefe3c7a032b91f4e25b9c3a08fca1,9,8.3,0.0,377.5395796873158,15.0,4.5,40.29,4,1
0df3984f9dfb3d49ac6366acbd3bbb85,87,9.136363636363637,0.011363636363636364,685.5365440227149,16.839550561797754,4.303370786516854,112.60101123595506,2,2
0dfbed20065e425d2eaefb101f9816c0,3,21.0,0.3333333333333333,451.9091701461018,16.416666666666668,2.6666666666666665,28.116666666666664,2,1
0e44d110fa6a54e121cb2c095a77762f,6,11.5,0.16666666666666666,251.93751368447383,11.676666666666668,4.333333333333333,37.22,1,1
0e72c1a751b496722a6cb1f10653b62a,3,6.333333333333333,0.0,485.308304947109,17.1,4.666666666666667,46.93333333333334,2,1
0e982cff76cc0579f632cea8a0e38c9d,7,7.857142857142857,0.0,280.27925097271003,14.414166666666667,3.25,108.945,1,1
0ea22c1cfbdc755f86b9b54b39c16043,237,10.50943396226415,0.01509433962264151,595.3180647921557,16.221598513011152,4.316981132075472,39.82044609665428,10,2
0eaa7e33d73809f1f925f7d07c506cbd,15,5.466666666666667,0.0,298.048519191601,12.993333333333334,4.714285714285714,103.46666666666667,2,1
0ebd97a106433a45a4aebe57c1799778,31,8.75,0.0,785.5104977879711,19.215,4.5,95.2125,1,1
0ec28cec4046a4a199b6de9b4c891d97,3,8.75,0.0,407.8888602574542,14.01,5.0,74.15,1,1
0ed6ce5d87fd9c69eaacaeb778d67235,43,15.547619047619047,0.14285714285714285,571.1953754415192,15.996046511627908,4.404761904761905,49.80046511627907,4,2
0ee4fb99ac55ffbbc98795aa01b7f8fa,1,6.0,0.0,4.909911424302818,11.03,5.0,59.9,1,1
0ef83d7d83ed97cd2a0049ac8be5f88a,48,9.236363636363636,0.01818181818181818,477.737975665581,18.669090909090908,4.2407407407407405,80.382,2,2
0f0c984a4a955310903b6b6008660bad,4,13.5,0.25,781.2408996186475,27.8925,3.75,92.4525,2,1
0f519b0d2e5eb2227c93dd25038bfc01,1,12.0,0.0,2287.3081288664475,23.0,5.0,79.9,1,0
0f7eea709efdf942b5f95c7516dbacd7,3,7.666666666666667,0.0,546.9947831345579,14.773333333333333,4.0,65.24666666666667,1,1
0f80a40c312b2472dca482cf50f5186f,1,5.0,0.0,881.5874609423036,20.1,3.0,129.9,1,1
0f94588695d71662beec8d883ffacf09,1,14.0,0.0,1319.0776747382604,18.59,5.0,9.0,1,1
0fe2d9733ed841eb064503920015a8c0,3,8.0,0.0,1086.3580918174623,36.23666666666667,4.666666666666667,129.88,1,1
0ff83046c3fa22efee8ecf291888b191,10,11.909090909090908,0.0,1260.1462456699765,23.134545454545457,4.818181818181818,69.9,1,1
0ffa40d54288e4f3499b8780dd0f144f,33,13.085714285714285,0.14285714285714285,864.6738576302315,16.67628571428571,4.4,61.79428571428572,2,2
10076e5788b8ee532724bcd460baf762,23,9.384615384615385,0.038461538461538464,444.7534855177267,14.51153846153846,4.615384615384615,31.595384615384617,2,1
10089e9f2fd0c668a8fd4e52e1698888,3,7.0,0.0,333.0400122967873,19.80333333333333,4.333333333333333,379.9666666666667,1,1
101a3a003516bc11253298b2fad3cb65,5,6.333333333333333,0.0,298.4752293182151,12.333333333333334,4.833333333333333,75.0,2,1
1025f0e2d44d7041d6cf58b6550e0bfa,915,11.569014084507042,0.09225352112676057,574.4637201866586,23.733991596638656,3.846045197740113,97.31691176470588,4,2
10264f60a8f0a4d2f30810f5c661c673,4,3.5,0.0,146.76059912696095,10.465,5.0,71.15,1,1
1099a00e0ee3a50935e6c2447ca090c5,3,14.666666666666666,0.3333333333333333,520.0831777342287,20.376666666666665,3.6666666666666665,283.2333333333333,1,0
10cdd491d1dbea8fb4ead97b19c334ce,3,6.333333333333333,0.0,828.1959390910484,26.286666666666665,5.0,69.63333333333334,1,1
10ff823eda2b032e2c93d17a7d294736,9,9.375,0.0,421.547810819006,18.284444444444446,3.888888888888889,143.88555555555556,2,1
112453736dbe3889cfb74e1aaa0ba0c1,7,13.142857142857142,0.0,851.4645561490289,18.912142857142857,4.071428571428571,135.0,2,1
1127b7f2594683f2510f1c2c834a486b,114,9.7421875,0.0625,541.5143147423644,13.800833333333333,4.090909090909091,51.90401515151515,4,2
11305281b50fff20ae8bb473f8e11876,35,13.55,0.125,485.1013103100466,36.11275,4.35,163.2175,6,2
113e3a788b935f48aad63e1c41dac1bd,39,11.604166666666666,0.041666666666666664,496.6194933617962,14.304166666666667,4.404255319148936,17.653125,1,1
116ccb1a1604bc88e4d234a8c23f33de,61,8.315068493150685,0.0547945205479452,377.8474660519378,12.923835616438355,4.602739726027397,27.464246575342468,6,2
11742f81550ac064cc9a40f67151d9ad,2,8.5,0.0,309.2521596300421,24.555,5.0,390.95,1,1
117cfc326c6d50da67ca858ff5c0c852,5,5.8,0.0,236.92194082076497,16.296,4.6,90.92,2,1
11938fcc75f6902fea1d0a6f72b54a57,2,21.5,0.0,746.8569465033081,71.08,3.0,297.49,1,0
119c7f1a00ef43fad0e57604e76a747c,2,5.5,0.0,25.78520450788853,8.51,4.5,94.9,1,1
119d1aef1b4144adba89163f6cd9f5d4,4,4.25,0.0,110.82522941762703,51.06,4.75,273.5,2,1
11bfa66332777660bd0640ee84d47006,76,15.72549019607843,0.17647058823529413,625.9733729790628,16.496764705882352,3.803921568627451,38.48892156862745,2,2
11d4c477d09821164bca4f70a2eae031,3,6.0,0.0,284.46356500439094,14.454999999999998,5.0,20.76,1,1
11eac105f3f90a9b87b19c89d91e24f3,5,8.8,0.0,282.33265404634886,24.988,3.6,160.578,2,1
11fb6f6d341adbe19e81733701704635,3,4.666666666666667,0.0,451.28074620223424,133.22,5.0,399.0,1,0
120476eb7a04c149d14772edaf5d9bf2,4,6.333333333333333,0.0,463.0853337878968,25.138333333333335,3.8333333333333335,394.8,3,1
1284de4ae8aa26997e748c851557cf0e,3,18.666666666666668,0.0,1153.3768950967194,28.956666666666663,2.6666666666666665,486.6566666666667,1,0
128639473a139ac0f3e5f5ade55873a5,533,13.96028880866426,0.0631768953068592,742.635738006282,17.474285714285713,4.176895306859206,21.26580357142857,6,2
128f9bfbe4c7d5185033914b1de3d39a,14,12.533333333333333,0.06666666666666667,398.47518065708334,23.325,4.75,79.830625,1,1
12a8eb0f8d1cd3270695bf2a99f55966,2,20.5,0.5,1271.7260854797973,19.835,3.5,198.5,1,0
12b9676b00f60f3b700e83af21824c0e,135,14.631578947368421,0.015037593984962405,1217.6275427906644,26.43474074074074,4.537313432835821,198.32592592592593,3,2
12c2ed9cded6138cf0c75f525f565fc7,4,13.0,0.5,144.25049308377615,12.7625,4.25,78.74,3,1
13074f016982ff2bd6c58ced8682f000,14,14.0,0.2857142857142857,733.4451001472223,66.38000000000001,3.933333333333333,141.06666666666666,2,0
131fcb0a0c9a47bba4474aacff0f14b7,4,3.75,0.0,17.442585636948117,9.1525,4.0,92.45,1,1
1336efc61c316ddf92c899eb817f7cae,74,11.211764705882352,0.09411764705882353,654.4461128365156,17.858588235294118,3.9411764705882355,56.90952941176471,8,2
134285d1f41da5c13a756ee8142c8a4e,3,8.25,0.0,840.288692902114,20.2325,2.75,393.17499999999995,1,1
134a288e7de827ec5ec62e3ec9c3a295,9,9.11111111111111,0.0,532.2973744899729,14.06111111111111,4.777777777777778,97.49444444444445,2,1
134b867a0f7f8bbe6abf10f91874891e,1,12.0,0.0,1994.838126274047,132.95,4.0,789.89,1,0
13511db12ac61e2f89c53b72a944a60b,6,8.833333333333334,0.16666666666666666,683.7469546961547,44.32833333333334,3.5,133.0,2,0
1352e06ae67b410cdae0b2a22361167b,4,33.5,1.0,604.9241468285726,17.305,2.3333333333333335,174.0,2,0
1354d51653f645349064725ed204e85e,18,8.7,0.05,644.5724370007808,14.236,3.85,120.5,3,2
138dbe45fc62f1e244378131a6801526,49,5.879310344827586,0.034482758620689655,314.49509654895394,11.883448275862069,3.9827586206896552,19.406206896551723,7,2
139157dd4daa45c25b0807ffff348363,1,1.0,0.0,6.269218496711557,7.78,4.0,29.9,1,1
13c2ed7698b3ca92dad49e849219da59,8,11.0,0.0,566.9663685868766,17.186666666666667,4.444444444444445,55.40111111111111,1,1
13d058e4eeac2ce8217660b2f8a05812,23,10.818181818181818,0.13636363636363635,442.55809475845695,40.26565217391305,4.217391304347826,166.5117391304348,1,1
13d95f0f6f73943d4ceffad0fc2cd32c,1,22.0,1.0,830.2087136217701,59.33,3.0,249.99,1,0
13dd308f81fea30cc670c656b2b46cc3,3,3.0,0.3333333333333333,231.28561518857234,11.146666666666668,5.0,39.23333333333333,1,1
13e85aac53340018b40c2af68001b7e0,1,17.0,0.0,97.58216188952444,14.12,5.0,17.8,1,1
13f57c12a00ed4610db646b913a7f5c6,7,12.307692307692308,0.15384615384615385,539.6681635051806,13.534615384615384,4.769230769230769,49.63076923076923,1,1
13fa2a6c6b9d0f43cb588d7c82117a12,9,20.0,0.3,665.7655625078941,19.144,4.0,452.8,1,0
141440cad9341e553f8401c574a2aa38,11,6.5,0.0,565.5409190647183,24.233333333333334,4.166666666666667,107.35000000000001,2,1
1430239a858e7682bbc43b20758af153,18,6.863636363636363,0.0,288.56536491768276,11.684782608695652,3.9565217391304346,28.729999999999997,3,1
1444c08e64d55fb3c25f0f09c07ffcf2,1,10.0,0.0,1463.128698962699,69.74,1.0,2749.0,1,0
1464afc72f696af775557a821c2e253f,29,10.8,0.03333333333333333,533.0995593585485,15.147333333333334,4.166666666666667,35.312,2,1
14a08204d03bb6b6bde8029f801ae0eb,28,8.263157894736842,0.0,772.9220121733898,15.623684210526317,3.8157894736842106,57.51052631578948,6,2
14d7985702e72162bbf13b6beb74ab2b,37,10.578947368421053,0.13157894736842105,402.6220564237821,14.578947368421053,4.342105263157895,102.28947368421052,1,1
14ee35374a7876217954b5fa08e50463,6,17.0,0.16666666666666666,451.54463875762394,19.008333333333333,4.333333333333333,134.83333333333334,2,1
14f2b3587172b9db894c9bad8dab520b,2,13.5,0.0,526.2070132697834,43.03,2.5,122.0,1,0
152ee17e4c8aaf53dac99f3462e4999b,6,10.333333333333334,0.0,498.3607876817771,15.995,4.333333333333333,51.49333333333334,2,1
154bdf805377afea75a3bd158e9eab10,1,24.0,1.0,566.6964447991062,19.82,1.0,89.9,1,0
1554a68530182680ad5c8b042c3ab563,247,13.576779026217228,0.07116104868913857,568.4789655940381,25.272342007434943,4.2434456928838955,108.00197026022305,5,2
157c3e4b42f81ac4a44e8b1ca2fe9876,23,9.935483870967742,0.06451612903225806,419.2130063319545,18.81677419354839,3.967741935483871,82.20967741935483,2,1
1588ac4010787100dddef64568f0ae35,3,19.333333333333332,0.0,529.0943540989175,15.333333333333334,3.0,199.99,1,1
15aac934c58d886785ac1b17953ea898,25,15.153846153846153,0.15384615384615385,822.8813532968725,25.603846153846156,4.115384615384615,167.4576923076923,12,2
15b3b1b81484422eb41df68ac87f1f50,2,14.0,0.0,310.2416843043002,12.27,1.0,39.175,1,1
15cd6eefe58588619aaed41dfa6621b1,16,13.944444444444445,0.05555555555555555,646.9400191630416,31.45111111111111,4.333333333333333,90.15222222222222,1,1
15ead3a5037a918ddb520dfe39a3d2b9,7,18.428571428571427,0.2857142857142857,556.3724273823677,19.80625,4.375,34.4375,1,1
15fa791d5e017f66402dc28c44480657,8,11.125,0.125,270.59629435793875,22.66125,4.25,225.25,1,1
160851d3ece7aa1a510f8d1a4bb8a8af,2,5.0,0.0,507.7455669516139,19.549999999999997,5.0,51.025,1,1
16090f2ca825584b5a147ab24aa30c86,402,8.753694581280788,0.10837438423645321,364.47133791403024,13.308951219512196,4.044226044226044,62.7230243902439,7,2
160e4f13fd3a64b1b86807be88b5ffb0,4,14.0,0.0,621.9368443699444,23.6125,4.25,221.5,2,1
164a5a8794e6d42e14f55e447b12a3bc,1,13.0,0.0,2798.982981626808,62.77,5.0,73.99,1,0
165b1235e9e9942cb5fae67103576fb0,11,6.8125,0.0625,349.5585477160117,25.290625,4.3125,130.321875,3,1
165fc07beebdcb6190fba8a06db2a449,50,13.1875,0.125,795.597148303089,25.00046875,3.6875,273.146875,2,2
1660ad786c27fd935378b6192a90b417,12,8.538461538461538,0.07692307692307693,755.2493434596205,19.09846153846154,4.615384615384615,120.76923076923077,1,1
166e8f1381e09651983c38b1f6f91c11,2,14.0,0.0,604.544548630367,15.1,5.0,39.4,1,1
167fd940acebc789debd6eb418c46e38,5,15.0,0.2,375.3578771162835,20.18,3.0,215.516,1,1
1690cada046eb7e92c12f98b1f8a8167,11,6.8,0.1,677.0226966793043,22.94363636363636,4.545454545454546,178.0909090909091,1,1
16bdc8cefd0e32a6f0824d296c5ad14a,1,9.0,0.0,399.12981052979126,19.32,5.0,41.76,1,1
1703bc09972dab9782e7a9194943b69f,1,12.0,0.0,1769.6855478650605,106.21,5.0,249.9,1,0
1710c3aaa9c6b44ec3883ee0fe300e21,2,5.5,0.0,483.856123248592,18.825000000000003,5.0,594.45,2,1
17306570e772e7718c92a562d33f5f1d,29,13.5,0.06666666666666667,587.1624661051109,29.0884375,3.625,302.18125,2,2
173d56ffbd4c56cb80fc3615487d712b,2,6.5,0.0,440.73083456725453,19.805,5.0,179.0,1,1
1746c1ae87ac63d530c7c943d0ac42e2,1,23.0,0.0,491.0951710580257,22.45,5.0,229.9,1,1
1771297ac436903d1dd6b0e9279aa505,28,8.972222222222221,0.027777777777777776,492.0996518895688,16.254444444444445,4.628571428571429,80.03527777777778,3,2
1782ce2db72c3dda627d5e7c898104e1,9,26.9,0.1,1256.6190210296686,20.737000000000002,4.3,201.07999999999998,3,0
17908cf9b444ee34047cadd5c0f4a516,11,18.363636363636363,0.09090909090909091,1157.902624276242,45.583636363636366,4.545454545454546,181.2718181818182,1,0
17998cf586426bf0f2c3726cb0a4b211,2,8.0,0.0,1174.294605801865,22.86,4.0,34.9,2,1
179d859f51292aac5c10806a356f7af9,18,8.789473684210526,0.15789473684210525,833.5940959364409,20.83157894736842,4.315789473684211,21.287894736842105,1,1
17a053fcb14bd219540cbde0df490be0,125,11.56081081081081,0.08108108108108109,514.5537097395974,59.25120805369128,4.204081632653061,273.1754362416107,2,2
17ca9b9e9b9ef8fdb529001b49ebb50f,116,7.6015625,0.0234375,523.3246951450956,18.340232558139533,4.007751937984496,75.61883720930233,4,2
17e34d8224d27a541263c4c64b11a56b,255,13.523076923076923,0.08076923076923077,618.2624837680323,19.552089552238805,4.139097744360902,210.31059701492538,12,2
17eea220a40cc0d2c0c5346379682398,4,25.333333333333332,0.6666666666666666,1575.4373567540597,24.5025,3.75,353.745,1,0
17f51e7198701186712e53a39c564617,56,22.21311475409836,0.08196721311475409,885.7356879006502,160.54803278688524,4.344262295081967,787.1967213114754,1,0
180c3376aff0e43dd5788709df48a843,5,15.6,0.1,865.7272247881887,20.997,4.7,451.3,2,1
1835b56ce799e6a4dc4eddc053f04066,423,12.330308529945553,0.10526315789473684,495.5756784292178,15.666577060931901,3.588768115942029,59.75664874551971,2,2
1838dd9b8977065acf51d95e0053ea7a,64,12.138461538461538,0.046153846153846156,776.312885785429,18.74,4.2388059701492535,42.094029850746274,3,2
184725737946a1a938bbbd1a9e978103,3,8.0,0.0,445.0245393292223,14.623333333333335,4.666666666666667,119.90000000000002,2,1
184a67a8f9f63234d3a92340bbdb727f,8,15.9,0.0,896.4669443416329,18.94,3.6363636363636362,24.423636363636366,1,1
186cdd1b2df32caa72cfb410bba768d3,6,8.166666666666666,0.0,477.3050494723114,44.71333333333334,5.0,223.57500000000002,1,1
189ca3538ce9f920cacf0f982cbe223b,4,4.4,0.0,37.67820524889117,12.534,3.8,83.8,1,1
18a349e75d307f4b4cc646a691ed4216,121,10.6796875,0.0546875,506.75714656022154,14.851554054054056,3.3945578231292517,58.86168918918919,17,2
18e694e0e48ed6f7aa3f24aade5fd697,31,5.470588235294118,0.029411764705882353,220.60336046939534,14.830294117647059,4.676470588235294,20.633529411764705,3,1
1900267e848ceeba8fa32d80c1a5f5a8,411,12.35564053537285,0.0994263862332696,503.8523944862309,15.383856332703214,3.8502879078694816,47.22595463137996,3,2
191d55f7edb8524d525ed01b20fe32e8,3,22.0,0.3333333333333333,894.8211544918516,21.933333333333334,2.3333333333333335,249.0,1,0
1927cdb9fa74f5270097f6250e8e8f34,1,8.0,0.0,922.5821047789453,58.92,5.0,120.0,1,1
19484c79cef6c062cb177aa4ef2fcc3c,1,21.0,1.0,129.96605832491286,10.16,1.0,201.9,1,0
1961c3e1272bfeceb05d0b78b5bbfdaf,3,4.666666666666667,0.0,209.69245633427653,12.3575,3.75,224.0,1,1
1976a05ecf2996d6ffb7b5430e635fe7,8,16.22222222222222,0.2222222222222222,975.5626157132089,43.82888888888889,4.0,199.57777777777778,4,0
1987cd4be10fe09ee50454f9c354d1c6,14,15.3125,0.0625,513.991236997173,16.095625000000002,4.25,179.85625,1,1
198c7ea11960a9844b544d9bcdca860c,25,14.0,0.12,630.1398097145716,19.6652,3.88,69.35,2,2
1996942dc085d7773ba77a529b163cd0,10,11.333333333333334,0.0,1002.9325622905541,23.991999999999997,3.9,294.351,3,2
19a7c9f66ffa6452ff4b4c0cca71da27,1,25.0,0.0,2067.426043995441,59.74,5.0,279.0,1,0
19d62d484cba71963c93f0f00ab42013,1,13.0,0.0,787.034803104164,22.69,4.0,139.9,1,1
19e0f40a907ec568c34bfac15de4f4a1,4,5.25,0.0,177.34257965414193,10.405000000000001,5.0,44.5,1,1
1a3df491d1c4f1589fc2b934ada68bf2,167,14.526315789473685,0.05263157894736842,648.100873014815,24.109101123595504,4.168539325842697,130.91404494382022,1,2
1a8e2d9c38b84a9702ac7922924b0573,1,15.0,0.0,735.5378104918211,17.0,5.0,80.0,1,1
1a932caad4f9d804097d7f8e615baed1,20,8.466666666666667,0.13333333333333333,521.9235493059538,34.681666666666665,3.566666666666667,155.36666666666667,1,1
1acde099eb406aa220b1169b188b42da,9,11.8,0.0,639.5985564516308,14.74,4.3,31.110000000000003,1,1
1b0b0f4f95e962d6f32fe90c759d0479,2,9.0,0.0,380.62128536866504,11.685,5.0,69.9,1,1
1b1ae47a313a825a7ccceb8e2e30fa9d,11,10.1,0.0,506.5039875410086,22.40909090909091,3.9,203.9909090909091,4,2
1b45169b635ef59425637e9a33eb5fb3,7,7.25,0.0,544.1370786147066,13.80625,4.625,38.6125,4,1
1b4b28463457a256e9a784ebe2a8f630,1,14.0,1.0,190.45209453356233,15.92,1.0,699.42,1,0
1b4c3a6f53068f0b6944d2d005c9fc89,113,13.808695652173913,0.06086956521739131,954.8168040061942,25.909145299145298,4.103448275862069,126.15641025641027,9,2
1b61fb1f0f2185d89e9a126c498e9cc7,1,11.0,0.0,245.34367578531712,16.11,5.0,49.7,1,1
1b65c144b17e607c0f37f10bb7dfec8d,5,8.2,0.0,717.6841919409625,28.97,2.0,221.9,1,1
1b7e5006cb25dd23ce8686691013b121,11,15.090909090909092,0.18181818181818182,701.628680928897,13.565454545454545,4.363636363636363,239.70363636363635,1,1
1b8356dabde1d35e17cef975c3f82730,56,9.7,0.016666666666666666,633.8975034760505,16.18393442622951,4.081967213114754,56.17032786885245,5,2
1b8b75e227c9a9c100d0c210fb6176ce,19,14.466666666666667,0.06666666666666667,540.0030341174707,14.777894736842107,3.3684210526315788,100.78052631578949,2,2
1b938a7ec6ac5061a66a3766e0e75f90,30,10.96774193548387,0.03225806451612903,598.6697819567202,27.582727272727272,4.242424242424242,120.83636363636363,6,2
1bb2bdb95f4841f1bba2c0d2cd83d3c9,81,11.891566265060241,0.07228915662650602,427.1445717654454,13.488941176470588,4.583333333333333,58.855411764705885,5,2
1bb3812d5f0747a3ab7348f199001a10,9,12.222222222222221,0.0,1105.7670717792519,23.907777777777778,4.888888888888889,92.71111111111112,1,1
1bc2e21de46adfea6b98cc96b00f3b40,3,16.6,0.0,366.3156122634857,20.520000000000003,3.6,207.99,1,1
1c129092bf23f28a5930387c980c0dfc,201,11.127853881278538,0.0502283105022831,470.0575450352435,13.7985,4.168949771689498,43.42554545454545,2,2
1c40343cc5d18c2d8248ac2f3366de34,21,6.863636363636363,0.09090909090909091,582.917237151665,17.18227272727273,4.545454545454546,111.88227272727272,7,2
1c56ffe0e9dea2657fc6e95b53f40b13,3,6.333333333333333,0.0,1001.7764504790588,28.13,4.333333333333333,61.0,1,1
1c5e4e49b9079480255b49d50aac1aa9,12,8.333333333333334,0.0,411.7367787350144,74.13416666666667,4.333333333333333,847.7591666666667,3,0
1c68394e931a64f90ea236c5ea590300,142,15.35672514619883,0.03508771929824561,645.3361211123456,16.938070175438597,3.9298245614035086,145.22076023391813,2,2
1c742ac33582852aaf3bcfbf5893abcf,1,6.0,0.0,624.1210513729616,15.79,5.0,97.9,1,1
1c83418358f249c9d6affa52d579db0e,1,10.0,0.0,511.7039929586046,14.52,5.0,24.9,1,1
1ca4bdb0cd7fc48e949bac066188ed26,4,14.0,0.3333333333333333,645.6784595798154,110.77,4.5,380.0,1,0
1ca7077d890b907f89be8c954a02686a,115,14.511811023622048,0.1968503937007874,416.8675260295296,12.115766423357664,2.198529411764706,97.38372262773723,3,2
1caf283236cd69af44cbc09a0a1e7d32,33,13.594594594594595,0.10810810810810811,648.6771740539771,16.558108108108108,4.54054054054054,24.8,4,2
1cbcd2ee0afb3fc09963b87eb65e7e4f,1,4.0,0.0,430.91273065063564,13.550000000000002,5.0,30.0,1,1
1cbd32d00d01bb8087a5eb088612fd9c,11,11.75,0.08333333333333333,764.0290830097123,20.338333333333335,4.25,87.1225,5,2
1cbd50a8c52e6cf8e315c5709fab386f,9,18.444444444444443,0.1111111111111111,1346.1646207376252,24.52111111111111,3.7777777777777777,87.33,5,2
1cbdc7cf130a41fd13a3c2a7d2fcfda7,2,8.5,0.0,353.28922355355417,29.905,5.0,82.9,1,1
1cd9e0cc1839d55516843def5600816d,5,7.4,0.0,306.1065998377681,20.344,5.0,165.0,1,1
1ce3ae5a399804d1a87e706f8a813c3e,40,13.340909090909092,0.09090909090909091,836.8597789854465,19.402045454545455,3.727272727272727,58.25,1,2
1d0646a72178a6fb37ee8082140e06ec,2,7.5,0.0,414.88762184521704,18.31,5.0,30.5,2,1
1d0997ff06b524ce9289ffd75114ecd3,3,16.333333333333332,0.3333333333333333,2495.5340016971463,42.19,3.6666666666666665,1249.0,2,0
1d139e3a3b14025640d8df1b230aace0,2,7.5,0.0,1127.513709172025,17.345,3.5,18.245,1,1
1d1bbb8ac1581824986f582583fff01d,4,9.0,0.25,406.9004884635911,14.897499999999999,3.5,41.72,2,1
1d2732ef8321502ee8488e8bed1ab8cd,4,11.2,0.2,245.6875571439538,16.036,3.2,229.6,1,1
1d29dfba02015238dfbe2449a5eaa361,12,14.833333333333334,0.08333333333333333,409.76501907766215,14.76,4.5,51.06666666666666,1,1
1d4587203296c8f4ad134dc286fa6db0,42,9.121951219512194,0.04878048780487805,622.1237025800482,16.377674418604652,4.3023255813953485,54.03023255813954,1,1
1d503743d2526f03f0c2c89540ee008c,12,8.588235294117647,0.058823529411764705,432.82168629216153,12.028823529411765,4.235294117647059,30.355294117647055,5,2
1d8dbc4f32378d715c717c1c1fc57bae,92,15.051546391752577,0.09278350515463918,696.339899789648,21.481224489795917,3.8958333333333335,115.46826530612245,1,2
1d953075c2f0dd990bacf27b83b330f1,1,7.0,0.0,1334.440807273029,19.32,5.0,59.0,1,1
1da366cade6d8276e7d8beea7af5d4bf,43,16.979166666666668,0.125,631.5757984146087,35.8395918367347,3.9375,141.17530612244897,3,2
1da3aeb70d7989d1e6d9b0e887f97c23,265,7.8734567901234565,0.04938271604938271,469.0439634587217,12.901951219512195,4.079754601226994,26.9009756097561,21,2
1dc2de47ee26a0a5b12dc14fd6dc0dea,25,14.296296296296296,0.1111111111111111,614.4233066318201,22.859259259259257,4.518518518518518,61.86296296296296,1,1
1dcfa3835714681d4ba4a93bc1e0fd41,13,15.5,0.0,1095.5454642253528,21.573333333333334,3.857142857142857,85.23333333333333,1,1
1dd33b8119b3cb1056ed5dc88cd0aaf4,8,10.5,0.125,843.3904601688738,16.0925,3.75,189.125,1,1
1de62b6f2fd96227629786db492433db,2,7.5,0.0,633.6568505968205,14.365,5.0,104.4,1,1
1dfe5347016252a7884b694d4f10f5c4,21,19.03846153846154,0.23076923076923078,626.3648952942217,16.156666666666666,3.1923076923076925,62.72222222222222,2,2
1e26c56af8d48424e1df0140a2401f83,2,4.5,0.0,615.3967775091353,16.745,5.0,129.45,2,1
1e47d8b6546eb3a77b1acddcc9406242,1,35.0,0.0,613.6725408106513,16.81,1.0,149.9,1,0
1e47defeeadeca0e9a18fa5a9311e735,3,11.666666666666666,0.0,838.6937419864893,19.166666666666668,5.0,78.04,2,1
1e483cc5c76fef08d3ca05f9a8af7d01,10,7.6,0.0,223.46874477588756,11.18909090909091,4.090909090909091,15.635454545454547,3,1
1e8b33f18b4f7598d87f5cbee2282cc2,123,7.359712230215828,0.04316546762589928,319.8240356652432,19.301714285714283,4.282608695652174,123.63614285714287,1,2
1e8c6a4c538f286aee9573239740a4b4,5,7.0,0.0,685.6225752720253,17.424,3.8,71.94,3,1
1e9d5a33694bddb76316fd1f54734d20,2,12.0,0.0,834.3134819713932,75.47,4.5,159.0,1,0
1eade46fba20122dc4aefb379f8c636b,58,11.52,0.13333333333333333,412.67691384761116,13.844533333333333,4.306666666666667,48.471599999999995,1,2
1f1bb1f0859883505541bdd6606193e5,27,13.758620689655173,0.10344827586206896,681.7591909442381,18.00103448275862,4.310344827586207,553.1324137931034,3,2
1f2eebc0e970fd3c463e4f5d9652687a,1,11.0,1.0,17.471258160447224,8.48,5.0,44.99,1,1
1f50f920176fa81dab994f9023523100,1404,15.106957424714434,0.09449636552440291,697.3700886118214,18.211170378042468,3.988039521580863,55.380222682547895,3,2
1f7dfad2cb384ea4d2d7e1ffbd78c407,1,6.0,0.0,45.145886420461466,8.29,1.0,49.0,1,1
1f7fd2a6fcd5a6fa5d8a4dabc72aaae0,3,6.666666666666667,0.0,561.6567661566293,33.626666666666665,5.0,177.26666666666665,1,1
1f867308a0ce13133a4e639ff4de0c02,7,10.0,0.0,436.23063736514945,16.14,4.538461538461538,67.31538461538462,1,1
1f9ab4708f3056ede07124aad39a2554,78,14.051948051948052,0.05194805194805195,877.4472929843156,30.895949367088612,4.089743589743589,172.18645569620253,1,2
1fa2d3def6adfa70e58c276bb64fe5bb,1,6.0,0.0,1328.21854997717,9.0,1.0,6.9,1,1
1fbe10c70e30765ed1de86d9f7e98409,2,7.833333333333333,0.0,252.8013511177911,9.893333333333333,1.5,16.458333333333332,1,1
1fdc574883ef3b33ad41562d93f3a74a,18,10.833333333333334,0.05555555555555555,369.58178582052295,15.181666666666665,4.444444444444445,236.16666666666666,1,1
1fe5540d7c1c37a595fefbacd5570d9e,20,11.6,0.04,867.8403075163924,23.246,4.28,181.50400000000002,1,1
1fe61aa5494bd3ae92a2c13e067c810f,1,7.0,0.0,529.9985289644148,50.41,4.0,268.88,1,1
2009a095de2a2a41626f6c6d7722678d,8,9.166666666666666,0.0,501.87318371429757,16.128333333333334,3.9166666666666665,32.4075,2,1
2039c5e51785b5dde7cf93ccb3b7be2c,1,8.0,0.0,338.6921856804664,13.78,5.0,159.9,1,1
204b4e07bddef3c9b317f70189135b22,1,10.0,0.0,162.8286352303983,14.73,5.0,73.4,1,1
2059c39f76271d4ca3f15b5ffaccc8b8,12,8.916666666666666,0.0,520.2166106671265,15.5325,4.5,50.40833333333333,2,1
20611af7866c6068fd5ae1f9dbe15c92,2,8.0,0.0,451.8147199304693,57.25,4.5,109.9,2,1
2063dd1b9f568df1c16741ea7d3e6adb,3,12.333333333333334,0.0,820.5028132704846,19.05666666666667,5.0,254.36666666666667,1,1
2075d8cd4dd63ff12df0749a5866bb06,3,4.0,0.0,306.8175404497836,19.176666666666666,5.0,61.56666666666667,1,1
2089a6d640999f9b9141ac719b2af596,44,19.024390243902438,0.14634146341463414,506.97417259809276,15.798181818181819,3.727272727272727,200.70045454545453,3,2
20a7efa9721046319bdde5d60b6b5365,3,15.0,0.0,792.385815024479,15.898333333333333,5.0,83.53333333333335,2,1
20a8b0dc55da94fe74d112082427c84f,7,7.714285714285714,0.14285714285714285,605.7838760495362,17.711428571428574,4.285714285714286,58.199999999999996,2,1
20b54c376b794ed028df09a3cd88e8dc,11,20.857142857142858,0.2857142857142857,476.65312989523176,14.872727272727273,3.0,122.08636363636364,5,2
20cb7c2fde3e5bf10f0bbe7394e1c6a9,32,11.52,0.1,505.8386947533568,15.654509803921568,3.843137254901961,16.9,1,1
20d53aad4fe5ee93a64f8839609d3586,2,39.0,1.0,393.446922120973,17.27,2.5,25.95,1,0
20d83f3ef0e6925fd74bfd59170babf7,40,8.092592592592593,0.037037037037037035,416.18480938523294,12.10388888888889,4.351851851851852,53.770370370370365,1,1
2138ccb85b11a4ec1e37afbd1c8eda1f,396,10.742243436754176,0.05489260143198091,641.3063915784004,14.147365967365968,3.897196261682243,28.804265734265737,7,2
213b25e6f54661939f11710a6fddb871,155,14.784210526315789,0.11052631578947368,469.0613087769392,17.83742268041237,3.7853403141361257,79.27577319587628,3,2
213fafb0ca06fb3d5886579c2565791b,3,4.0,0.0,53.805143011920045,9.053333333333333,2.3333333333333335,63.23333333333334,3,1
2156f2671501a81034d7d07f217609d0,22,14.761904761904763,0.14285714285714285,683.2991739543895,20.563181818181818,3.8636363636363638,135.52272727272728,4,2
217f005bb37ff3aeef5b2ae1788e75ba,3,14.0,0.0,829.5193013644912,15.083333333333334,3.3333333333333335,24.99,1,1
218d46b86c1881d022bce9c68a7d4b15,388,13.314285714285715,0.09047619047619047,560.9595119147644,17.90224824355972,4.148235294117647,129.024074941452,3,2
218f991754f360af9c2daa5e0b8e990c,14,12.882352941176471,0.11764705882352941,399.6672081672778,15.601176470588237,3.5294117647058822,209.07764705882354,1,1
2199e7fe213c16213bf5d6a7eadc9a5d,25,10.633333333333333,0.03333333333333333,402.07089751129007,18.370645161290323,4.290322580645161,131.55774193548388,8,2
21c62b998a043ebe31161d38f84929fc,4,12.5,0.0,995.5011252167006,22.71,4.5,187.6225,1,1
21d59342ba150175ca2aa4f8faddeca6,2,8.5,0.0,1137.6352577393795,37.195,4.5,129.95,1,1
21e83881401b92b49fb09a16d3852291,14,10.615384615384615,0.0,578.8744391221986,39.632,4.333333333333333,239.20333333333332,2,1
2235cf78d3e2073a88146a9cb60f0dd0,1,14.0,0.0,8.184215702275905,25.77,5.0,178.99,1,1
226b05fe067266c59c15dae208213d06,10,9.181818181818182,0.0,527.1300552789359,17.152727272727272,4.181818181818182,96.08181818181819,2,1
228e4c1a0be164f613d41c24345f9d2c,5,10.8,0.0,929.7065380925569,45.948,5.0,107.94000000000001,1,1
229c3efbfb0ea2058de4ccdfbc3d784a,121,10.386206896551725,0.020689655172413793,595.4037924733607,15.963310810810812,3.643835616438356,106.37837837837837,1,2
22a23e5ac7061fc538cc2a019afaaf16,1,11.0,0.0,629.5949408711152,14.42,3.0,95.0,1,1
22c32ec35d0116ef02c281798a25bf8b,4,9.333333333333334,0.0,713.5883638400046,15.071666666666667,3.5,19.93,2,1
2305ab43e846518f58dd9d59f3f54e96,3,11.333333333333334,0.0,237.55201215831195,14.123333333333335,3.6666666666666665,262.9633333333333,1,1
232a6014e7b10cba61c6c2b2ea6bb4b0,33,13.114285714285714,0.05714285714285714,1011.0472254617458,33.705555555555556,4.085714285714285,108.88527777777777,1,2
23613d49c3ac2bd302259e55c06c050c,70,13.417721518987342,0.13924050632911392,468.53211230883625,27.096999999999998,3.6582278481012658,53.6625,2,2
236585a4ddb5fea9fa40233e2249ed91,11,12.636363636363637,0.09090909090909091,865.688876518875,17.10363636363636,4.090909090909091,59.04818181818182,2,1
2379bdc3888025689a9deb7b141507d5,9,18.11111111111111,0.3333333333333333,227.42337348207332,14.012222222222222,4.333333333333333,111.05555555555556,2,1
238fac594e170b59c6d228f5a4f4f1d9,29,11.966666666666667,0.13333333333333333,397.96800093974645,47.31733333333333,3.9655172413793105,104.2,1,1
23a0ffca143a15b9b5bbdb7d552f626a,23,10.708333333333334,0.125,744.4099444010452,24.407083333333333,3.9583333333333335,154.93791666666667,2,2
23c38debaffe4a25a30fdbd9b586a13f,41,11.152173913043478,0.15217391304347827,462.147212688945,18.13869565217391,4.304347826086956,117.00391304347826,6,2
23ca5f678e0b3ea6c630b30fa8bf51ea,6,6.714285714285714,0.0,485.42199970019954,13.77,5.0,26.142857142857142,1,1
23d7c96d4a1160db1c726b248601b25a,53,12.826923076923077,0.11538461538461539,461.1227413764578,25.083272727272725,3.8076923076923075,213.94436363636365,11,2
23ff42c4bf1f8f16cddb19d8b972974a,2,12.0,0.0,891.4772598829053,17.656666666666666,4.333333333333333,58.23333333333334,1,1
240b9776d844d37535668549a396af32,36,10.971428571428572,0.05714285714285714,448.144075753745,23.904722222222222,4.277777777777778,377.5577777777778,5,2
244b04680fdbded0acf5aebd9c92b44a,3,37.5,0.5,346.92060854303963,46.27,1.0,1159.2333333333333,1,0
244c2f1bff6afe1f2eaf9bfe9b2aed38,23,14.962962962962964,0.14814814814814814,273.3926348867636,44.99518518518518,3.6296296296296298,95.55555555555556,1,1
247587846358bb1d2e4c6522020b36fe,1,4.0,0.0,183.02621039636315,22.51,5.0,99.0,1,1
2493dc3f20131696a0ecdb9948051a8d,4,8.5,0.0,997.4253380210846,17.6725,4.75,126.095,1,1
249f0e9905a6e06ad6c6bea7547ab9f6,3,5.666666666666667,0.0,438.5506176827748,13.013333333333334,3.6666666666666665,115.98333333333333,2,1
24a6daf925d9d591870a66660416de31,2,13.0,0.0,329.64296542123395,15.04,4.5,30.0,1,1
24c1de8d9551c0b4fbc53317d53efda8,1,12.0,0.0,1928.2890883219814,57.12,5.0,355.0,1,0
2528513dd95219a6013d4d05176e391a,161,10.114457831325302,0.05421686746987952,424.9878589903631,22.45299401197605,3.9451219512195124,195.74311377245508,3,2
2528744c5ef5d955adc318720a94d2e7,5,9.8,0.0,281.858834524868,52.739999999999995,2.4,1249.0,1,0
252e76235acb79183cfca6e34f13337d,3,14.25,0.0,462.5421665682692,15.1425,3.75,65.3,2,1
253c025bab43881055aeecde5e2d8b77,2,16.0,0.5,347.63654928943333,14.754999999999999,4.5,47.41,1,1
253f95b3a0e6983ae18aed49fbc2b845,5,9.0,0.0,498.1992846769863,18.288,4.4,159.9,1,1
257e61d3251fb5efb9daadddbc2cf7ca,12,7.666666666666667,0.0,855.9888226270565,89.765,4.75,644.0833333333334,2,0
258447aad3f7b01e2643c89f64dc5647,1,7.0,0.0,623.3096953093518,19.55,5.0,51.9,1,1
259f7b5e6e482c230e5bfaa670b6bb8f,138,8.123456790123457,0.018518518518518517,378.59401121527753,16.60127272727273,4.2073170731707314,51.6729696969697,2,2
25be943a321c8938947bdaabca979a90,5,2.6666666666666665,0.0,35.19841860472185,27.71,3.0,153.8,1,1
25c5c91f63607446a97b143d2d535d31,158,13.556390977443609,0.06015037593984962,617.8845315723869,26.02271375464684,3.7313432835820897,203.26847583643124,2,2
25cf099de44674fde97473224f9d59ab,50,8.88,0.04,504.541429480965,14.103800000000001,4.326530612244898,33.087199999999996,1,1
25debeafbce801fdd479539350185eee,6,14.166666666666666,0.0,359.97858706827816,14.287142857142857,2.4285714285714284,43.26285714285715,2,1
25e47381a6c510ddeb36084e33b89f0c,16,9.117647058823529,0.0,602.7161440670781,16.59470588235294,4.0588235294117645,75.85882352941178,2,1
25e6ffe976bd75618accfe16cefcbd0d,108,9.417391304347825,0.05217391304347826,555.41936357647,14.574700854700854,4.384615384615385,99.9282905982906,6,2
262237171f48e85819065498cac80d7b,4,8.3,0.0,490.7028083404406,15.0,4.3,59.9,1,1
2646baaf662d4d92ac48f047e35db92d,15,5.111111111111111,0.1111111111111111,220.47530839635598,15.907777777777776,4.555555555555555,70.16944444444444,4,2
26562f211dd1364af2a8596dc945e8ae,2,2.0,0.0,65.35608421357574,8.055,5.0,49.5,2,1
265fdc289dffa9f1ad801c74f7d0de47,1,7.0,0.0,359.652305316139,51.55,5.0,495.0,1,1
26785a546900236d66f2e4197c211158,15,5.4,0.0,289.25455944814775,15.03,4.666666666666667,67.94666666666667,1,1
269c5fc9fcadee614364c3620c30a1f9,3,4.0,0.3333333333333333,54.64961912735263,7.52,5.0,34.93333333333333,1,1
269cff2d3c8d205c11f37a52402ea93b,4,6.8,0.0,359.32346330669645,26.682,4.4,256.318,2,1
26af45f5dfd967225a832838aa4e24a3,10,8.636363636363637,0.0,561.037894838595,18.046363636363637,4.181818181818182,52.1,1,1
26b482dccfa29bd2e40703ba45523702,3,3.25,0.0,359.0827309959602,16.9075,5.0,86.195,2,1
26bad72add1f86e08a776ce4ffdaf1ca,7,10.571428571428571,0.0,568.5688613802688,17.702857142857145,4.428571428571429,88.85714285714286,1,1
26d6bbee02420494d471c9f6436929c0,12,7.538461538461538,0.0,888.7964164817588,19.014615384615386,4.6923076923076925,33.423846153846156,4,1
26d8a1c7c75d513045798992ead43aa2,36,12.0,0.08333333333333333,600.9008518264134,18.464736842105264,4.2368421052631575,216.9505263157895,3,2
26e13b6ff5b641b329e5524241ee2c93,4,6.0,0.0,223.44033731573802,17.494999999999997,4.0,29.924999999999997,2,1
26e2c91ef821e1ff8985f408788fe35b,12,24.5,0.35714285714285715,804.7130365002538,19.605,3.0,117.81428571428572,1,0
26e2e5033827d2ba53929f43e03d8ffe,1,5.0,0.0,118.96657667427057,15.29,5.0,139.49,1,1
26f6b7ab07be3e9e69ce82a6552efc19,2,10.5,0.5,386.0483036738547,12.975,3.0,27.4,2,1
270297ead4c65a6cd2593960d2af6b21,18,14.0,0.0,881.8887644726117,27.305,3.736842105263158,471.12,3,2
270572bb714b00531be85e16e1550f26,1,11.0,0.0,67.12675577717857,14.77,5.0,96.99,1,1
2709af9587499e95e803a6498a5a56e9,26,11.934782608695652,0.5,357.8695803572337,12.328936170212767,2.5652173913043477,27.22468085106383,2,2
270d3ef21830ad0ecf3a6c53d08a533a,6,10.882352941176471,0.0,283.59839007578813,13.037222222222221,2.2222222222222223,28.27777777777778,1,1
271b8923c6a549e02d3c9fd1f8c0422b,1,14.0,1.0,365.5858112021538,13.4,4.0,105.19,1,0
271c58a1d139c45eaf3316107c6d3a3b,29,12.666666666666666,0.07407407407407407,823.7852829741996,23.14448275862069,4.068965517241379,134.39724137931034,1,1
272f092de69afedd4d2969440b37f18f,26,8.897435897435898,0.0,585.2293663570404,13.40025,4.0,48.383250000000004,4,2
2745f798279e0ed033addcc1474776d7,32,12.9375,0.09375,514.5537334093774,21.764375,3.967741935483871,114.6415625,1,1
276677b5d08786d5dce7c2149dcce48b,33,10.666666666666666,0.06666666666666667,583.4424142409086,16.992340425531914,3.8085106382978724,74.93617021276596,6,2
27a56ff04b34c2ba34ce6ba4d3b9d616,8,12.25,0.125,432.22825303929744,12.8725,4.125,43.661249999999995,2,1
282c7480173bb9c01dd41cc739fec010,5,13.125,0.125,1340.2043548800261,24.01375,4.428571428571429,534.275,2,0
282f23a9769b2690c5dda22e316f9941,99,10.73394495412844,0.045871559633027525,658.7907555348048,17.108,4.3,59.13709090909091,6,2
28405831a29823802aa22c084cfd0649,7,6.5,0.0,461.9148804408573,12.597142857142858,4.285714285714286,35.0,1,1
28872dc528e978a639754bc8c2ce5a4c,1,4.0,0.0,1254.5508991287907,29.0,5.0,1009.9,1,1
289cdb325fb7e7f891c38608bf9e0962,110,6.192,0.016,516.6655960542031,16.62174603174603,4.579365079365079,107.49960317460318,4,2
28a26ebce31d5918b181ede016fd693b,1,11.0,0.0,672.170828653604,17.14,5.0,29.9,1,1
28c7d8743fbc8679f484868cc0fcaefb,3,13.0,0.0,1114.5425091664522,22.953333333333333,5.0,67.16666666666667,1,1
28d162ab86bb49d719c32f0ee6186eaa,1,16.0,0.0,1065.17618245441,17.21,4.0,109.99,1,1
28ea411b354f14b1a494be4e79f0ce02,6,8.333333333333334,0.16666666666666666,221.8060236939782,12.821666666666667,4.666666666666667,136.66666666666666,2,1
28f10b1c5e5abb9d4857745bede6147c,28,7.178571428571429,0.21428571428571427,458.3943332208314,12.515,4.0,29.821428571428573,3,2
28fb0829fd777877cdc350d25cb5bd5b,4,14.0,0.0,568.0407781269486,17.415,3.75,124.9,1,1
293dee954235e4e4e43f129313625ebe,8,14.125,0.0,1197.7246171536192,30.0375,5.0,222.365,2,1
2953ce3a88f5e3c3b696d77fc9e4c8eb,14,7.533333333333333,0.26666666666666666,247.06275058959372,10.754666666666667,4.666666666666667,31.333333333333332,2,1
296729ffb9b684050dd24836dac4494a,2,7.0,0.0,554.6389177146991,17.805,5.0,57.0,2,1
297d5eccd19fa9a83b2630071ff105e4,8,6.5,0.0,542.8558597525825,17.72,5.0,104.37125,1,1
299c89a525fee36c567f4fe72f038100,2,9.0,0.0,1250.668857783815,49.875,2.0,329.0,2,0
29c322e3f09f886f8bacbe91dfbd979e,1,6.0,0.0,134.02349897257977,28.295,5.0,24.49,1,1
29e6e05b65f93bc224c644319dc52ecf,4,6.25,0.0,658.9813624910419,20.83,4.75,118.9,1,1
29fe9f200d3fa0c668d2aa1ec7e08dfb,5,10.4,0.0,1015.5980425552298,22.832,4.0,80.0,1,1
2a1348e9addc1af5aaa619b1a3679d6b,52,26.784313725490197,0.29411764705882354,619.6807178691,14.334545454545454,3.0,51.69090909090909,12,2
2a167ca73899c85001a837d8fb4962f6,2,7.0,0.0,541.9084433279891,33.54,4.333333333333333,1365.6666666666667,1,1
2a261b5b644fa05f4f2700eb93544f2c,51,14.036585365853659,0.21951219512195122,541.8585468889247,24.899146341463414,3.341463414634146,65.3048780487805,1,2
2a5b78b41cd05baeac8df54c6606b92c,49,8.892857142857142,0.017857142857142856,378.3830436401565,18.457833333333333,4.083333333333333,317.08933333333334,1,2
2a61c271b1ac763450d846849783e922,18,19.82608695652174,0.17391304347826086,1315.7475711066174,21.581304347826087,3.652173913043478,65.94608695652174,2,0
2a6fbeaa7ab9e5d59a35841a8da71ce4,30,13.9,0.06666666666666667,658.1127078367388,21.083000000000002,3.9310344827586206,54.42633333333333,4,2
2a73cba571d90c694b7caca072ccf6ce,1,21.0,1.0,1459.4309218424419,19.35,5.0,171.39,1,0
2a7c6c0b0d5efde2bf75ec1e1cec2d41,3,10.333333333333334,0.0,637.9780103928929,14.813333333333333,3.3333333333333335,49.199999999999996,1,1
2a7dc43cecabf23403078e2188437d1d,52,12.518518518518519,0.07407407407407407,586.6850793537806,15.439074074074075,4.092592592592593,88.81314814814814,6,2
2a84855fd20af891be03bc5924d2b453,164,8.081761006289309,0.031446540880503145,523.0921185710895,20.544702380952383,4.240963855421687,94.16130952380952,8,2
2aa3443d7bf9d9bb11133f420d75e083,10,10.0,0.2,494.86967890449915,13.412,3.0,64.7,3,1
2addf05f476d0637864454e93ba673d5,12,10.0,0.0,923.9603570890955,27.136666666666667,5.0,379.3333333333333,1,1
2b03ac196f5ed62ac483960fe0fa3b65,7,12.571428571428571,0.14285714285714285,303.1933318243887,13.155714285714286,4.142857142857143,120.44285714285715,2,1
2b1a40c1daabc6ca280c4b815c101841,23,13.363636363636363,0.030303030303030304,712.4615019374912,54.350857142857144,3.6285714285714286,363.78857142857146,1,0
2b2fed75b8e5ea3a052fc4c0825da485,3,4.0,0.0,188.78926868915494,14.9825,5.0,127.725,1,1
2b3b9ce054da76a7428df143a567b156,5,6.5,0.0,362.6583676219705,10.38,3.1666666666666665,50.166666666666664,1,1
2b3e4a2a3ea8e01938cabda2a3e5cc79,52,8.12962962962963,0.0,541.1065178789773,16.776851851851852,4.388888888888889,437.57685185185187,1,2
2b402d5dc42554061f8ea98d1916f148,1,6.0,0.0,1470.6825813730186,63.9,5.0,299.89,1,0
2b5ed0c9139dae8883a200dfcb272ece,4,16.5,0.25,383.0273522091005,14.835,4.25,21.3525,1,1
2ba91c7ad80ff88b23b7db823b43c233,6,18.333333333333332,0.3333333333333333,610.6528744472164,16.655,3.8333333333333335,123.39999999999999,2,0
2bd05d410a8fd26dc4184a15f4f2f588,6,8.714285714285714,0.0,506.96110165811353,28.36285714285714,5.0,188.1042857142857,3,1
2bdb95a56a36ebbc6640337ac5eac174,1,5.0,0.0,65.45332495610174,18.0,5.0,89.9,1,1
2be17df1c49978426251562096c3cc09,16,11.8125,0.0625,862.7095112487449,19.534375,4.1875,135.3125,3,2
2bf28e311bba65237358230cabac3f15,7,12.0,0.25,461.2804000813145,22.985,3.875,36.75,3,1
2bf6a2c1e71bbd29a4ad64e6d3c3629f,30,12.774193548387096,0.0967741935483871,771.8776767195043,32.27709677419355,4.193548387096774,1633.1903225806452,2,0
2c00c85d30361cd2ced2969cffbbffa3,1,1.0,0.0,12.205155730928642,7.71,5.0,49.8,1,1
2c2c9832d1bb38c5b0034a3b47d313ee,1,12.0,0.0,1000.2361604789218,18.45,3.0,49.9,1,1
2c3d56f92f360fb89d849b84e8f50eae,8,13.285714285714286,0.2857142857142857,295.4589274413275,15.605,3.125,58.2,4,2
2c43fb513632d29b3b58df74816f1b06,3,3.6666666666666665,0.0,388.39034950623477,24.05666666666667,3.6666666666666665,286.0,2,1
2c4c47cb51acd5ea5db5e0ae0e26542a,12,10.266666666666667,0.0,443.3372429021483,22.764666666666667,4.6,171.72666666666666,1,1
2c538755f1ca9540af144f266e70df6c,1,6.0,0.0,716.8008163752833,24.92,5.0,334.99,1,1
2c54051840f19eca309a5423cf22df36,2,8.5,0.0,488.89955446966724,14.285,4.5,11.85,1,1
2c9005d8043aff18b8557ffb7b13cda4,1,7.0,0.0,618.281071798778,19.74,5.0,109.9,1,1
2c9e548be18521d1c43cde1c582c6de8,126,13.309941520467836,0.1695906432748538,395.27537538776954,14.33109195402299,3.9239766081871346,35.111724137931034,5,2
2cb4700db635baa1c0d4f90ed27b6669,2,16.0,0.0,438.9454045691308,14.46,2.0,99.9,1,1
2cb6eb1b7185064167657fa09f541105,6,7.857142857142857,0.0,389.921712569361,23.54,4.428571428571429,173.9857142857143,4,1
2cb98e27ce1c18abdb42209b34c382a7,1,19.0,0.0,2095.8714466266874,57.21,4.0,62.49,1,0
2d20f1cd18725c91147da0791d498022,1,9.0,0.0,705.3063993702046,19.89,5.0,99.8,1,1
2d22fc3089eb907b29ebff50581fb472,3,9.333333333333334,0.0,662.8498421259316,19.896666666666665,3.6666666666666665,105.90000000000002,1,1
2d2322d842118867781fc737e96d59a1,8,6.7,0.1,252.6046132458754,10.497,4.9,17.64,1,1
2d2c62bef4c8ba0dd74e0e228e808539,16,9.9375,0.125,484.86461952763773,30.0925,4.125,234.3125,4,2
2d34636518ba88f5349b732fcf8ba2e4,1,10.0,0.0,353.6714607097343,18.63,5.0,150.0,1,1
2d378dbb39815785238c0139c7647fb7,2,19.0,0.0,635.9179206156575,150.22,5.0,577.0,1,0
2d42ebcda99fd55f6f4bc2f1ca035d50,10,9.272727272727273,0.0,652.212012770082,25.679090909090913,4.0,83.77272727272727,2,1
2d50d6282f8aa2257819a77bfaa0efe0,44,13.30232558139535,0.13953488372093023,560.4109960470631,17.734222222222222,3.6444444444444444,74.52177777777777,3,2
2d518637f53161b973e01f56ea4bb88e,13,13.307692307692308,0.0,1381.1588117941506,24.60076923076923,4.923076923076923,93.8376923076923,1,1
2d8cfba3fcd3170555941605edaa196a,1,4.0,0.0,27.59199400981941,10.96,5.0,45.0,1,1
2d9e8987a2ea5cf88dce330249043ff1,2,8.5,0.0,387.7361399422447,52.185,4.5,119.9,1,1
2dcf93836ae3ce0d7c93e2f10876467a,9,5.916666666666667,0.16666666666666666,240.06432582802404,14.886666666666665,4.166666666666667,120.31666666666666,2,1
2dd1fb6f0e42a2243b8a01e40cd41216,4,15.5,0.0,1111.132077979681,19.368000000000002,2.6,169.178,1,0
2dee2ce60de9709b1a24083217181a1f,54,13.963636363636363,0.03636363636363636,1580.2691055455691,37.455636363636366,4.363636363636363,141.53636363636363,1,0
2e0dba2da448400b1c11d7b4b22f32a4,7,8.076923076923077,0.0,544.8030295872697,13.217692307692309,3.769230769230769,18.143846153846155,1,1
2e13c71026e1a39ba5cc1b86dcb679aa,24,9.714285714285714,0.07142857142857142,532.3496463415291,18.471785714285716,4.25,135.46428571428572,1,1
2e1a7d075abe038c1b2743005fe42ff1,19,14.363636363636363,0.2727272727272727,515.1756322264523,15.384782608695653,3.6956521739130435,60.72608695652174,2,2
2e1c9f22be269ef4643f826c9e650a52,167,9.293413173652695,0.0658682634730539,484.32527476627644,14.07335260115607,4.158823529411765,73.33919075144509,3,2
2e2f44824ab87a0cb961f68bf4073e7f,1,10.0,0.0,336.66259558058096,17.93,2.0,48.0,1,1
2e3be8a987a30d7544dbbda6861cc14e,18,13.533333333333333,0.06666666666666667,648.5900199257707,18.247894736842106,3.0526315789473686,233.2021052631579,1,1
2e7ea2aafec5835e781b21d6d1faf1f1,7,6.714285714285714,0.14285714285714285,241.99634610935885,16.888571428571428,4.5,75.48571428571428,1,1
2ea0861cc19e94cad86438c984c52da4,6,4.833333333333333,0.0,191.94568663049623,10.408333333333333,3.3333333333333335,27.599999999999998,5,1
2eb70248d66e0e3ef83659f71b244378,202,17.507614213197968,0.14213197969543148,495.09891057086867,15.242877358490567,2.7163461538461537,201.07834905660377,12,2
2ec6e37d992a95eaddb3369dcbcc76d9,2,9.5,0.0,1065.187338725249,12.07,1.5,79.9,1,1
2ee0a0689f2f6a72f35a7cb6033f6e7e,4,9.0,0.0,575.0173996513697,13.21,4.0,68.0,1,1
2eeb6531ee027a48d401e72bebdd87d3,3,11.333333333333334,0.0,442.24424077617385,13.333333333333334,4.333333333333333,12.9,1,1
2ef086a599b597572aca4433b7ed6b3d,1,11.0,0.0,416.7662797459218,15.1,5.0,49.0,1,1
2f09f7d37a97956d11cc1a7cadd5262b,11,12.625,0.125,333.6802364239704,38.6175,3.0833333333333335,167.08333333333334,3,2
2f1e7b90e01d9f086cbcb301c0c3d406,1,7.0,0.0,166.90813854359547,12.66,5.0,59.0,1,1
2f3d8b4c9e2ee165075331fea3f3095a,1,12.0,0.0,1026.226247286674,17.35,5.0,130.0,1,1
2f4b0d3b9634b647d4edee577d7ebb7e,10,6.2727272727272725,0.0,35.83566553562672,7.673636363636363,4.909090909090909,30.718181818181815,2,1
2f4b9d112bfa44a214bc6cef085d17c8,5,13.833333333333334,0.0,969.1656070330941,19.878333333333334,4.333333333333333,48.998333333333335,3,1
2f73e04d12cdf0c945ded66bb3fcf6c7,3,13.0,0.0,652.917711759596,33.949999999999996,3.3333333333333335,453.0,1,0
2f74af7a0ee5636f12c2336f9fffed47,13,9.307692307692308,0.0,490.573757745756,12.597692307692306,4.3076923076923075,43.130769230769225,3,1
2f9b7ce230a057a98a9f5df5893ee36c,2,10.0,0.0,172.6306267753619,15.015,4.5,70.91,1,1
2fa13c8bd5705d279f7ed5cc9ec61c68,2,4.5,0.0,669.0538079655967,15.325,5.0,21.85,2,1
2fb25ab44bdbeae6a4d816e0d0c9d500,5,8.0,0.0,493.6287153148176,15.642000000000001,4.8,136.616,2,1
2fdde51ad3e12f297da656d4fbd5d0b5,10,14.88888888888889,0.0,887.8562877279868,62.214,4.7,625.2,2,0
2ff6b7bff164ef05590a52734e1296da,7,11.285714285714286,0.0,400.6945150158971,21.647142857142857,4.714285714285714,257.6557142857143,4,1
2ff97219cb8622eaf3cd89b7d9c09824,89,8.329787234042554,0.06382978723404255,396.2287718606147,14.470104166666667,4.541666666666667,46.634375,14,2
3076499bbc033a927bf4a8a41bcf7fd4,7,6.555555555555555,0.0,456.4640311412854,13.81111111111111,4.444444444444445,39.925555555555555,2,1
3078096983cf766a32a06257648502d1,59,11.62295081967213,0.04918032786885246,432.25607177961257,22.116875,4.203125,129.4596875,11,2
30829ded4523ab9224b93bc49a62c95f,18,10.129032258064516,0.03225806451612903,750.6401196461055,20.580645161290324,3.5806451612903225,222.9583870967742,1,1
3092c0b297aacfb4bb6e056ebe13b9b8,19,13.176470588235293,0.0,566.1435348665375,17.147142857142857,3.5714285714285716,77.32857142857144,7,2
30a2f535bb48308f991d0b9ad4a8c4bb,71,7.9655172413793105,0.034482758620689655,460.5717704146243,12.460459770114943,4.252873563218391,54.38275862068966,1,2
30a81d8cf85fb2ada1b1b094c9583a95,17,3.65,0.0,104.03878150632738,8.405,4.85,62.271,1,1
30c7f28fd3a5897b2c82d152bb760c17,7,20.333333333333332,0.5,325.2374977707303,46.41285714285714,1.6666666666666667,311.18142857142857,4,0
312ba1d77e9c332ef21f9598b7f64cd7,9,25.285714285714285,0.5714285714285714,261.40884126546166,13.205000000000002,2.7,75.6,2,0
31344c16881c08a8a72c6d2eb29918c1,43,15.238095238095237,0.047619047619047616,596.3032849106017,53.416744186046515,4.348837209302325,223.62093023255815,1,0
31561f325664a8a7aba4c8d0c3a9b3db,36,6.7894736842105265,0.02631578947368421,603.4080874637775,16.504473684210524,4.578947368421052,71.11026315789474,2,2
318f287a62ab7ac10b703ac37435a231,52,11.721311475409836,0.11475409836065574,451.7607666134398,18.01806451612903,3.870967741935484,40.604516129032255,2,2
31ae0774c17fabd06ff707cc5bde005f,11,11.454545454545455,0.09090909090909091,828.3501891691835,77.34727272727274,4.0,610.8954545454545,3,0
31be790e64fc99f8ff48ec2bd18a3104,6,6.166666666666667,0.3333333333333333,109.75332999416018,12.046666666666667,4.333333333333333,40.23333333333333,1,1
31da954dc0855f2495c6310f70a2f931,29,7.666666666666667,0.1,400.26997799838017,14.990333333333332,4.233333333333333,152.76666666666668,2,2
31e60bf8d103ce47932a85f5562deb16,1,14.0,0.0,1559.905384176073,58.04,5.0,181.0,1,0
31eec405c9bb71dec8e2629a92e764fa,5,8.0,0.0,1140.2811699674735,34.048,4.6,51.378,5,1
323ce52b5b81df2cd804b017b7f09aa7,30,16.655172413793103,0.1724137931034483,586.085178930376,13.382333333333333,4.310344827586207,85.14,2,2
324583d68897f5ddbaf38f6248322176,2,25.0,0.6666666666666666,603.3165561701986,14.663333333333332,1.0,28.0,1,0
325f3178fb58e2a9778334621eecdbf9,36,5.717391304347826,0.0,244.5940811659355,9.818913043478261,4.456521739130435,21.341304347826085,4,2
327b89b872c14d1c0be7235ef4871685,3,47.333333333333336,0.6666666666666666,2327.3520043957355,27.266666666666666,2.3333333333333335,392.3333333333333,1,0
3289d8c3eef4873f91ce0b1343c0dd58,1,13.0,0.0,399.9420429881674,19.28,5.0,199.99,1,1
328acb143b4a73aad6bee8e734f5d20d,2,11.5,0.0,996.4709145360634,17.384999999999998,4.0,349.99,2,1
3296662b1331dea51e744505065ae889,1,3.0,0.0,197.7107392340848,27.71,5.0,517.8,1,1
32b8764b4ef628b53608fc34011fcc13,36,10.868421052631579,0.07894736842105263,846.1205004619202,78.16894736842106,4.2368421052631575,233.78947368421052,1,0
32e5635e63cb374eb63afdd242fb6134,1,7.0,0.0,23.63109457391766,17.82,5.0,910.0,1,1
32f1bb9dfa65bc7df5c0d9d95a616be4,5,6.0,0.4,138.98271144556955,9.296666666666667,3.4,46.065,3,1
32f83ffe11cd40f7adcf4eef171f52d9,1,10.0,0.0,1250.308834604436,15.1,5.0,29.99,1,1
32fdd5d44ecb43dfd6a24b9369eca144,8,15.375,0.0,926.4354157784518,17.335,4.375,59.9,2,1
333c4210e76a1aa2ab817b99437e3ff1,2,7.0,0.0,1311.1203948009857,33.715,5.0,167.5,1,1
3340ef1913fb70d28420f6ceb685c339,32,15.0,0.09523809523809523,847.4172545180785,17.866666666666667,4.333333333333333,160.2654761904762,1,2
334cab711dee080b079fa5779b584783,11,6.423076923076923,0.0,458.39623972800956,13.52576923076923,4.961538461538462,41.142307692307696,1,1
33576ec5412fb5905d876f12f33bfde6,31,14.1875,0.03125,873.2752153071331,17.811875,4.125,84.9375,1,1
3361277dc30b7cccdb0c286b24219756,29,13.357142857142858,0.11904761904761904,576.1391913935524,15.139285714285714,4.214285714285714,92.97738095238095,3,2
3364a91ec4d56c98e44174de954b94f6,6,14.333333333333334,0.0,2565.1284946757473,45.65166666666667,3.8333333333333335,596.6566666666666,1,0
33a17d60c64393351ebf1ef860f4e0f2,43,10.127659574468085,0.02127659574468085,669.2096784731613,27.22085106382979,4.617021276595745,173.45702127659575,1,2
33a6f4b1e7cdc205511e76ba1b6e0186,105,8.087301587301587,0.015873015873015872,410.4201102217337,14.991269841269842,4.357142857142857,81.70642857142857,2,2
33ab10be054370c254ddfcf0a6253422,4,5.5,0.0,438.31291714238773,13.0825,5.0,53.3,1,1
33ac3e28642ab8bda860a2f693000e78,34,8.17142857142857,0.0,458.8370104140197,14.002571428571429,4.228571428571429,104.60085714285715,2,2
33c51922b6e3c16b24a8f28e5833c99d,18,14.25,0.05,570.1377761619049,18.4005,4.277777777777778,332.8935,4,2
33cbbec1e7e1044aaf11d152172c776f,15,7.6875,0.0,952.0693799181557,24.926875,4.6875,45.666875,1,1
33cbda8716511e27e556dff9d8418bf2,5,12.5,0.0,535.8801047363764,18.028333333333332,4.833333333333333,84.56666666666668,3,1
33d677f27a69b84051204ee4ae76eaca,9,8.9,0.0,386.4907973767529,17.349,4.6,16.5,3,1
33dd941c27854f7625b968cc6195a552,5,11.2,0.0,815.8586181775514,76.182,4.4,1357.5,1,0
33fd411ed63a7c2f9005e3f065d9f85d,1,8.0,0.0,846.5928482114921,18.23,4.0,24.9,1,1
34056b8b55c1775a22af2331670a799c,78,12.493506493506494,0.11688311688311688,752.6375752505448,22.749871794871794,4.0,82.76153846153845,1,2
340636a908b13bbe0f4fb63fbe1d0c03,5,7.333333333333333,0.0,199.46592772024394,28.325,3.0,137.20000000000002,1,1
343e716476e3748b069f980efbaa294e,17,15.347826086956522,0.043478260869565216,835.1431330785044,13.004166666666668,4.0,38.44166666666666,1,1
3442033154be05bac582e173ef54fd12,1,3.0,0.0,2.0058291707250993,8.39,5.0,161.0,1,1
344223b2a90784f64136a8a5da012e7f,1,32.0,1.0,853.670279563446,16.79,2.0,10.9,1,0
3442f8959a84dea7ee197c632cb2df15,3,12.666666666666666,0.3333333333333333,217.7607326970907,9.299999999999999,3.0,72.9,1,1
34675b28b826facfde119785bf287dc1,1,5.0,0.0,717.4437626257643,15.1,4.0,21.99,1,1
3481aa57cd91f9f9d3fa1fa12d9a3bf7,25,9.76,0.0,196.44183668318982,30.9656,3.88,70.9212,3,2
3492e68f37fd1df87f4f2f2ea247f445,8,9.666666666666666,0.1111111111111111,441.8480679150906,18.822222222222223,3.5555555555555554,87.54,3,1
34a557286ead8fe75c989e0afcf7d98c,4,7.75,0.0,292.09610647622424,14.64,4.75,103.725,1,1
34d1ca11b242c0fee2c834ae8d788566,40,12.634146341463415,0.0,826.314006190146,23.95219512195122,4.3,327.3717073170732,1,2
34f563c82a85b99ae9e6d60db5fc2e28,8,10.125,0.0,1261.9847881961266,30.775,4.625,291.5375,3,1
3504c0cb71d7fa48d967e0e4c94d59d9,53,6.943396226415095,0.0,322.7029693670656,12.969245283018868,4.415094339622642,44.338490566037734,6,2
35281d148dcf7134bae913c57db4e6da,1,5.0,0.0,366.0616863961899,17.03,5.0,119.99,1,1
353e21e8bf8de2722b4fae1636664b76,4,8.75,0.0,842.0212042946805,22.9725,2.5,52.0,1,1
35857757f553273b1056c1cabdace7fb,6,17.666666666666668,0.3333333333333333,567.8997987511375,19.790000000000003,4.0,75.76666666666667,1,1
3586b8580d9c917874e053a1bb37b5ff,36,13.674418604651162,0.046511627906976744,682.659916121068,19.24767441860465,4.441860465116279,35.45813953488372,2,2
35b96509602ec4b7da831b5cd73ff2c2,2,8.5,0.0,1296.7931623035374,23.775,4.5,279.45,1,1
35ef5aa32949680f627efec3c23e705c,4,11.2,0.0,1757.9257322146502,31.362000000000002,3.2,72.32,1,0
35fb511489d9ee3ee27a76debce9df06,7,16.428571428571427,0.14285714285714285,775.8778276719333,24.612857142857145,3.5714285714285716,59.214285714285715,1,1
3606774ec64634822d78dc2db6d37045,2,15.0,0.0,194.86341402271364,22.700000000000003,3.0,149.9,1,1
365e445f796710c3431557e85caa25db,4,9.2,0.0,538.6477613214909,15.86,4.4,223.0,2,1
365e4bce19bda0082c3d15d83fdb8bcd,6,10.857142857142858,0.0,626.7470278832743,14.088571428571427,4.714285714285714,113.77142857142857,2,1
36890be00bbfc1cdb9a4a38a6af05a69,13,8.923076923076923,0.23076923076923078,727.8819132833931,18.429230769230767,4.230769230769231,104.71538461538461,3,2
36a968b544695394e4e9d7572688598f,154,10.237179487179487,0.04487179487179487,399.14015606142135,13.246913580246913,3.6296296296296298,58.53623456790124,10,2
36f98ad67cc981f50ce8aed093d5783c,2,5.5,0.0,723.7669648769862,19.61,4.0,59.7,1,1
37303482a42fb700d8d127e70a9cd6c8,2,2.0,0.0,224.8882776962836,11.245000000000001,3.0,74.445,1,1
373ee4a3a775a733770ca3f790b8b9ac,13,10.090909090909092,0.09090909090909091,144.8128732391715,13.196363636363635,4.0,97.34045454545453,5,2
37515688008a7a40ac93e3b2e4ab203f,228,14.631799163179917,0.100418410041841,742.3587161693955,14.296249999999999,4.084033613445378,24.944166666666668,2,2
376a891762bbdecbc02b4b6adec3fdda,57,11.706896551724139,0.034482758620689655,913.6499737538547,22.196551724137933,4.672413793103448,110.45224137931034,5,2
376d67b61dce0c990155286e7ae486a4,1,14.0,0.0,905.0738801767136,17.91,4.0,94.0,1,1
3771c85bac139d2344864ede5d9341e3,26,12.3,0.16666666666666666,462.35792093355286,13.632,3.566666666666667,47.776666666666664,2,2
377bc18334c78dd2f1535ef22a3ad225,1,9.0,0.0,1228.03260691987,88.46,5.0,135.98,1,0
3785b653b1b82de85ab47dd139938091,21,10.958333333333334,0.0,833.9410100698815,20.052916666666665,4.75,64.66666666666667,1,1
37be5a7c751166fbc5f8ccba4119e043,272,10.16906474820144,0.025179856115107913,585.0010056920003,21.648861209964412,4.3140794223826715,196.97704626334522,2,2
37dd29b36c458d82f74a953c40c43645,7,18.5,0.125,1154.4652427000308,59.93,4.0,567.12375,1,0
38102b031c2a15e54623d711bfc753d3,9,21.1,0.0,2301.830327306995,32.03727272727273,3.6363636363636362,41.54545454545455,3,0
381c83fdca332ea6afd896da20bf6e4a,46,12.26086956521739,0.043478260869565216,820.882296798746,21.72195652173913,4.391304347826087,159.90869565217392,2,2
382229d1e840115ffe3dbf5ff460e417,46,8.520833333333334,0.10416666666666667,551.5180328597997,17.748163265306122,4.26530612244898,83.61142857142858,9,2
385799a1cddbd26dfeb9157356a42282,5,5.833333333333333,0.0,169.87360160285553,11.801428571428572,4.285714285714286,90.56142857142856,2,1
38874e327ce94d11390b96eb42d61928,6,19.5,0.16666666666666666,358.58213290242116,63.08166666666667,4.0,629.99,1,0
389e45560e33d2d0747f949dcddbc08e,1,3.0,0.0,11.444161836989421,8.43,5.0,39.0,1,1
38af8acfd46ac4a7bf754e8ca6736664,5,6.0,0.0,210.14264936307399,10.588,4.8,69.0,1,1
38e679b9e0064cd94c6f035707344dae,28,10.75,0.03571428571428571,700.7490915809846,24.119666666666667,3.9310344827586206,123.15033333333332,2,2
38e6dada03429a47197d5d584d793b41,7,12.416666666666666,0.4166666666666667,315.1519598617566,17.2425,3.3333333333333335,49.678333333333335,2,1
38f276ca6e7cc95a6d1bb55ac9e5550f,1,5.0,0.0,215.63811390084183,11.85,5.0,24.99,1,1
3903c788ded8dc03b5ebab37a2f3e9a1,5,10.0,0.2,277.8719366089351,10.254,4.0,23.996,2,1
391bbd13b6452244774beff1824006ed,2,44.0,1.0,538.1235905821927,17.7,1.0,63.9,1,0
391fc6631aebcf3004804e51b40bcf1e,526,13.8,0.09586776859504133,530.3879320707285,16.62460032626427,3.9621710526315788,65.17446982055465,3,2
392353362d22cc2c236e1ee81ff19890,5,7.7,0.0,454.5554526783646,19.197,4.6,28.869999999999997,2,1
392e0502231ae2f8b29994ef6398cd77,20,17.058823529411764,0.11764705882352941,574.9434790214183,17.7945,4.157894736842105,93.58500000000001,1,1
392f7f2c797e4dc077e4311bde2ab8ce,2,5.0,0.0,708.1603780204894,18.28,5.0,26.0,1,1
3935fe5fe0f82787a9dcb8deb62be09d,16,10.470588235294118,0.11764705882352941,525.1584050541538,24.685882352941174,3.9411764705882355,98.92294117647059,3,2
3968920b9aa752ab98f7d5888c9252f2,8,8.1,0.1,431.5150845186134,15.771,4.1,52.33,4,1
3969863bb8af7f72580b3b1ffd3a17b3,12,9.384615384615385,0.0,443.3729752157553,17.451538461538462,4.0,47.934615384615384,4,1
397c4d0c005b6f41f90098ac724e28cb,5,15.8,0.4,829.9044325111036,89.074,4.4,1635.4,4,0
3985a3c45be355a4c57fde108bfabd1c,7,10.375,0.0,1240.6720753062673,21.5,4.125,43.025,1,1
3986c0b54f6b748b75e7bd4e092aa3e5,1,6.0,0.0,343.3242537980411,15.28,5.0,24.99,1,1
398cb257329ef7af7f1943a8974a3cbc,1,7.0,0.0,711.9805511411424,15.47,5.0,145.9,1,1
39a5005f2605cbdb4f9ac14485cabfd1,3,10.25,0.0,937.3683882324913,29.07375,5.0,62.63375,1,1
39c763cca83e654764b7a4a650fb9b7c,11,13.0,0.18181818181818182,659.8453123902244,20.291818181818183,3.8181818181818183,69.18181818181819,2,1
39d54ff918774174706fb065d7f9dc07,23,14.666666666666666,0.125,681.1686147215321,14.536,3.8,63.743599999999994,1,1
39d61be7a92eb77b7da367bd4845bc0e,7,10.214285714285714,0.0,549.9520121367457,14.930714285714286,4.214285714285714,50.042142857142856,1,1
39f776d2974049026ff531fc42ef2a3e,3,15.0,0.0,1017.7578797542395,22.5925,4.0,271.01,1,1
3a1a1fec38dd360f15fc912e821e169d,15,14.133333333333333,0.26666666666666666,434.8997672058205,24.75,3.8666666666666667,133.82533333333333,1,1
3a3c180dd702a725bd0ba4117689239e,1,13.0,0.0,626.3431834211534,35.48,4.0,41.9,1,1
3a3e46d10f74d8a6ca76e2b538f106a0,3,15.4,0.2,455.6330663481742,12.513333333333334,4.166666666666667,55.81666666666666,1,1
3a4127e1ba7208ea37044c5092aae170,6,11.4,0.0,699.3412498174542,15.225000000000001,3.5,369.93333333333334,2,1
3a490ba60afa30ece0e7d50cfe74a4f0,8,11.625,0.0,715.6404553817565,20.73375,4.625,191.15,1,1
3a52d63a8f9daf5a28f3626d7eb9bd28,1,6.0,0.0,1408.1101447065012,17.78,1.0,35.0,1,1
3a734b715d333a2588a3d54a0c9b8746,18,11.19047619047619,0.047619047619047616,800.326007002377,16.485,4.208333333333333,102.64666666666666,7,2
3a79f35a2344ede41af21267f61d5ec6,1,14.0,0.0,538.18976794661,31.71,1.0,186.0,1,0
3aa3c89ae3cd482385568be76120f63c,1,10.0,0.0,806.8659516070303,19.04,4.0,29.9,1,1
3ab971ce71839580d2ae5b4e40fe8044,36,6.351351351351352,0.08108108108108109,358.6587919839123,23.582894736842103,3.888888888888889,131.65526315789475,2,2
3ac588cd562971392504a9e17130c40b,1,7.0,0.0,140.18769701678247,7.39,5.0,11.9,1,1
3ade81dab5a172b88e1871c28ae05260,30,13.2,0.13333333333333333,618.6489725150175,48.480937499999996,4.064516129032258,179.7375,2,2
3afc536624bc2e65bddfb5db33cc01f3,6,9.5,0.16666666666666666,521.0066439055184,17.845000000000002,3.5,52.0,1,1
3b15288545f8928d3e65a8f949a28291,104,13.796610169491526,0.06779661016949153,594.906660446232,20.263636363636365,3.8916666666666666,116.21314049586776,3,2
3b18f9856c6eb2413eafedb58e9eecd9,1,9.0,0.0,362.19663257158425,20.09,5.0,315.0,1,1
3b872fd4747f01cc56206f2934198618,25,14.0,0.14814814814814814,375.5419551460066,41.34703703703703,3.888888888888889,100.99037037037039,1,1
3bb32fedaa74e4ad20f4ce067733bd31,2,5.333333333333333,0.0,681.7555823039838,19.62,4.666666666666667,34.56666666666666,1,1
3bb548e3cb7f70f28e3f11ee9dce0e59,46,10.245283018867925,0.0,695.5702506404842,16.92056603773585,3.981132075471698,145.09471698113208,1,2
3bdff180c7e1f6551a643b99c265a120,59,9.827586206896552,0.06896551724137931,451.12437113838575,17.163278688524592,4.016666666666667,51.06393442622951,1,2
3be5841cdcc46de4ed3f9116f104b2c5,4,7.5,0.0,412.21136991955575,22.0875,4.75,149.9,3,1
3be634553519fb6536a03e1358e9fdc7,83,9.326315789473684,0.08421052631578947,428.08302636872304,18.744444444444444,3.909090909090909,54.2520202020202,6,2
3bfba5a77604f6dfae7e6dd7aaf65821,4,8.75,0.0,838.9347026909086,30.6725,5.0,523.875,1,1
3c010235b7345c92f125d14ee232a76b,15,10.533333333333333,0.0,826.7453945610134,28.488,4.666666666666667,238.53333333333333,1,1
3c03b12bab54d8b37d79d914bfdb1aa0,37,13.279069767441861,0.16279069767441862,569.3184721161671,15.893720930232558,3.880952380952381,98.51953488372094,2,2
3c3017960b2dbd72711a61f0400aab8f,10,11.88888888888889,0.0,1313.6532239458688,25.409,4.0,96.88000000000001,3,1
3c487ae8f8d7542beff5788e2e0aea83,30,13.090909090909092,0.030303030303030304,821.6977578153228,21.80757575757576,3.909090909090909,284.4151515151515,1,2
3c4e0452bff7a2a788179488d3d77032,32,13.11111111111111,0.027777777777777776,500.9830422660038,16.836666666666666,3.742857142857143,104.06666666666666,2,2
3c7c4a49ec3c6550809089c6a2ca9370,141,9.348101265822784,0.08227848101265822,323.1715341957155,11.404125,3.70625,25.210250000000002,1,2
3c88ed2e76a2247933a15daa7161eb1c,1,19.0,0.0,766.3867049667372,151.2,5.0,155.0,1,0
3ca08eeb8d5595949fed424bd3677742,14,9.846153846153847,0.0,406.9708557812096,33.30214285714286,4.428571428571429,126.34785714285715,1,1
3cfa1358a6caa965278721344c8d76f2,5,5.6,0.0,235.8097314275779,16.25,4.8,628.0559999999999,2,1
3d01d1c414c44b5943a09619ff3853cb,5,13.5,0.0,1157.4230453936511,16.467999999999996,3.8,80.52000000000001,1,1
3d0cd21d41671c46f82cd11176bf7277,9,12.454545454545455,0.0,383.67960342562407,15.87090909090909,4.7272727272727275,40.70909090909091,4,1
3d2400ac620cffa23ac81bd192f7f555,1,7.0,0.0,90.34319138233136,8.9,5.0,105.0,1,1
3d2531eccfbde1d7c8db7a3a12fb267a,10,9.6,0.0,793.1216273010118,21.306,4.222222222222222,199.954,1,1
3d290fe363c60a77498c1126fd3fb8d3,3,7.0,0.0,148.8607202104014,11.686666666666667,4.333333333333333,66.32666666666667,1,1
3d39fbf22a665714baf62fae36029e23,8,8.0,0.0,375.3601518015686,16.32875,4.75,313.025,2,1
3d3ccf2b2f8134b10dce9dd446f0e075,3,16.333333333333332,0.3333333333333333,984.9233149875816,47.31,3.3333333333333335,202.86666666666667,1,0
3d4824f20035949c710eaf111f869d39,9,8.666666666666666,0.2222222222222222,394.8406884526845,17.354,3.9,104.104,7,2
3d49bfdd1b43a7fe169b3740067acc61,3,8.333333333333334,0.0,833.921623212461,20.606666666666666,4.666666666666667,71.66666666666667,1,1
3d4b1ae7539303b5704493798893e82c,6,11.222222222222221,0.0,395.8215008672647,16.18777777777778,4.666666666666667,119.55555555555556,2,1
3d5d0dc7073a299e31fa718ce1bc00b6,23,7.863636363636363,0.13636363636363635,592.0278802233529,16.142916666666668,4.166666666666667,32.94583333333333,6,2
3d621842b2ed28e2b474132480edac3c,10,9.25,0.0,437.5433270427972,15.178999999999998,3.9,92.891,1,1
3d62f86afa7c73be2628a3be1423f5a0,2,16.5,0.0,2007.2551252259905,21.21,4.0,6.0,1,1
3d68c634a99a1ba46dbca3967a69c623,2,9.0,0.0,867.3597546843749,131.85,5.0,297.0,1,0
3d700782d7818f2c1e0d7a9e9d75fc00,3,25.333333333333332,0.3333333333333333,1378.834820813151,28.47,3.6666666666666665,49.9,1,0
3d871de0142ce09b7081e2b9d1733cb1,1080,12.956675508399647,0.0592396109637489,506.07034905246167,19.558421970357454,4.113656387665198,82.74995640802092,6,2
3d8fa2f5b647373c8620330c4e077a9f,43,8.872340425531915,0.02127659574468085,524.0027918910224,17.05875,4.113636363636363,74.41104166666666,6,2
3da38366e7bd9baf6369071f782ecdf0,1,53.0,1.0,1352.6787744301198,26.96,1.0,59.47,1,0
3db66a856d18a9cba7c9241fc5221c50,94,15.360824742268042,0.1134020618556701,675.4477451810835,21.075876288659792,4.195876288659794,97.71443298969074,6,2
3dbbce181edfaa4a597ec858c382d2ec,17,13.8,0.1,883.403769810469,22.0135,4.35,42.415,3,2
3dc69bf2c42f0568a5c4791ec3fd3745,2,26.0,0.0,892.8559928744506,17.215,4.0,150.0,1,0
3ded4e2d5f135cb103e5949d7263d2dd,1,5.0,0.0,457.4677620371562,12.48,5.0,49.9,1,1
3df020b72d3d44b3af9d110fa3940b65,55,12.346534653465346,0.1188118811881188,741.9099121907041,16.926435643564357,3.9504950495049505,49.9,1,2
3dfd3dc96f7f8598eca74e9ac8a2fa31,6,11.833333333333334,0.16666666666666666,556.2510542062016,12.616666666666667,4.0,30.5,4,1
3e35a8bb43569389d3cebef0ce820f69,1,7.0,0.0,105.161372321291,14.44,5.0,27.9,1,1
3e46a38ee171c503c3b4a3f23fe3bf0c,1,4.0,0.0,79.4603515570287,9.11,5.0,59.9,1,1
3e51f9cbe317bc3a88f2c76583811ee4,1,8.0,0.0,28.03212834344345,8.69,5.0,76.09,1,1
3e8bd881d92466e63ba9e3e809cd3c50,9,14.444444444444445,0.4444444444444444,947.7330068195791,20.797,4.222222222222222,224.228,4,0
3ea00e1dea2b0659dbaf654735929220,7,10.714285714285714,0.0,981.4832444498207,20.71,4.857142857142857,72.14285714285714,1,1
3ea08c48e851106d2f584349daba335f,1,6.0,0.0,144.6582881056153,22.94,4.0,170.0,1,1
3ef37b7ca6dd2b80bd8af81a62504996,2,14.0,0.0,757.961960496582,20.485,4.5,350.0,1,1
3f0e48d209018b466fcd3bb4ccfeb520,9,9.3,0.0,824.8873151715883,25.58,3.9,539.9,1,1
3f2af2670e104d1bcb54022274daeac5,6,18.571428571428573,0.14285714285714285,779.142988795456,51.51142857142857,3.5714285714285716,139.0857142857143,1,0
3f3486b61f45078d4f31ee5e43d8c5bb,40,13.461538461538462,0.15384615384615385,540.6743512456957,22.421,4.325,95.74325,3,2
3f8034bfc6b8b4135534975d49f04c63,12,10.142857142857142,0.0,840.7740907594725,17.538125,3.0625,82.11875,2,1
3f84fefc07dc159b268d4a77d3e8c425,3,7.666666666666667,0.0,504.1646342699211,17.106666666666666,5.0,66.86666666666666,1,1
3f995f07c49d0d55a99d5c54957f7d81,43,9.116279069767442,0.023255813953488372,657.531963843199,15.616279069767442,4.209302325581396,91.99302325581395,2,2
3f9be91358837bff69df67edfa3e42e8,7,9.428571428571429,0.0,561.7900208560607,18.90857142857143,4.428571428571429,81.38571428571429,1,1
3f9c56764fabca627406093dcb3ef0b4,7,8.0,0.0,174.53829967000317,15.092857142857142,4.714285714285714,129.9,1,1
3fac58ce0ad699020c7944d53c41329c,10,3.5,0.1875,131.64212505183755,11.43875,4.5625,77.809375,2,1
3fadb4cba4c35bce6a7eaf9872d5623a,3,8.4,0.0,495.9949792051975,13.604000000000003,3.2,41.9,1,1
3faf68a3b0af94b10bac70d86077be49,7,15.571428571428571,0.0,222.3967794997378,17.02285714285714,4.571428571428571,188.99,1,1
3fd1e727ba94cfe122d165e176ce7967,37,15.166666666666666,0.19444444444444445,606.5276073228812,15.505789473684212,3.8157894736842106,73.82105263157895,1,2
3fe7120d6257285ac6a3ce7cb071ccec,2,9.0,0.0,631.9303583179301,14.14,3.5,99.99,1,1
3fefda3299e6dfaea3466ef346a3571a,1,6.0,0.0,366.2379580303493,16.21,4.0,209.0,1,1
4003520d80d0bad1d5623f7aa3c63cda,1,17.0,0.0,364.6544575754417,16.74,1.0,70.0,1,1
402916f742e5c740cc751493d9cf5053,9,5.9,0.0,607.7279609109767,22.643,4.7,125.2,3,1
403aa86912527d730337ffcb0fb096ab,11,10.636363636363637,0.0,609.7426542260682,18.60181818181818,4.0,814.5354545454545,6,2
4049512728d969bec69f84088b012416,7,10.555555555555555,0.0,566.0541965296178,17.825555555555557,5.0,43.315555555555555,2,1
404e1ba01358af4cd63f679b2c4d1fa1,8,7.166666666666667,0.0,503.08489866283907,14.819166666666666,5.0,31.15833333333333,3,1
406740ee611378a662d274c7d8c43c4a,8,15.7,0.2,750.5142719930016,18.208000000000002,4.1,179.0,2,1
406822777a0b9eb5c50e442dd4cd3ec5,45,13.130434782608695,0.13043478260869565,523.952513139317,20.175744680851064,4.326086956521739,77.61872340425532,2,2
4091f77d8c768fc3e81c20761471761d,8,17.5,0.25,494.88160050339826,28.85875,2.75,134.875,1,0
40d54b51e962dbe09cabbcfd33298dee,30,6.709677419354839,0.0,315.0361388390889,17.344838709677422,3.903225806451613,218.8890322580645,3,2
40db9e9aa57f7bb151bcda6b0f9bdbb7,12,14.416666666666666,0.08333333333333333,1632.706985496911,54.66583333333333,2.3636363636363638,1930.6666666666667,1,0
40ec8ab6cdafbcc4f544da38c67da39a,2,6.0,0.0,417.5748269502941,19.6,5.0,58.9,1,1
411f3b52d857390502ee4e4d5ceabc2d,21,8.2,0.2,254.7619388003887,12.623666666666667,4.2592592592592595,60.13366666666666,4,2
4125d9385a25e82d2f72d3a0fd55bc3f,1,8.0,0.0,531.1780095408018,18.4,5.0,42.9,1,1
412a4720f3e9431b4afa1476a1acddbe,21,10.090909090909092,0.045454545454545456,615.7164901605433,23.23,4.2727272727272725,93.55,3,2
4170f6a9367e6b5d6401d03ce6d54569,4,21.6,0.2,889.0344784228313,18.606,4.2,113.756,2,0
417a1e6c7321084d2a0ae0d023cfad93,1,6.0,0.0,108.64388408943589,12.48,5.0,48.9,1,1
41958cbd3335433c8740300e8cd600d5,1,4.0,0.0,25.41308271623405,7.39,5.0,32.99,1,1
41ab63a91b8b264e8c8780368bf1dd5b,12,17.307692307692307,0.0,736.6539925371252,23.25153846153846,4.230769230769231,197.84230769230768,7,2
41b14765bd56c8ad10971074380f9c0c,8,6.6,0.0,344.5963359531477,11.913,4.1,39.55,1,1
41b39e28db005d9731d9d485a83b4c38,195,12.0,0.05829596412556054,410.0835084980172,17.014545454545456,4.103896103896104,74.08030303030303,5,2
41b86b552e54e3a7009596125aa8b167,10,15.090909090909092,0.0,917.5632321792757,21.328181818181818,4.363636363636363,145.02727272727273,1,1
41c2bad7229b0c25e6becf179ebf63ff,20,4.304347826086956,0.0,8.137560120991543,8.257391304347825,4.956521739130435,34.0,1,1
41c9d3997dd3c072c31139dc5bb5761f,3,21.666666666666668,0.0,1371.1427254639304,37.24666666666667,4.333333333333333,332.93333333333334,1,0
41da412d33e8da4f22baf55cb1bde82c,15,8.80952380952381,0.0,601.0290652461424,17.81714285714286,4.714285714285714,41.09047619047619,1,1
41e0fa5761c886a630994a55c12087e7,5,9.6,0.0,175.09771645592244,13.662,5.0,84.72,1,1
4200ddf1967c5e41e48db62bc6d4b5ac,22,8.571428571428571,0.023809523809523808,347.06614920455115,11.617380952380952,4.243243243243243,17.495238095238093,2,1
4221a7df464f1fe2955934e30ff3a5a1,5,16.2,0.0,1762.226301510234,47.908,4.8,169.9,1,0
422be4cc81a457fdb46f47edeb968ae5,1,18.0,0.0,320.80084396879266,77.47,5.0,239.9,1,0
427165bf50f8ca07efc7bdc2bfcf1688,5,38.2,0.6,455.4897191613919,17.880000000000003,3.2,320.7,1,0
42b6488f5b8246d9141712abd4b1b693,2,7.5,0.0,750.564953640909,20.905,4.0,123.995,2,1
42b729f859728f5079499127a9c2ef37,104,7.458015267175573,0.09923664122137404,209.99018146179367,9.963712121212122,4.3538461538461535,31.203484848484845,4,2
42d4b7e70819438f5ada61c965e92d7e,1,21.0,0.0,653.5301909840083,17.06,1.0,16.533333333333335,2,1
42ef3192a9ff87a22d1867b74b3ee205,23,8.91304347826087,0.0,248.52405672065856,13.125217391304348,4.6521739130434785,58.87347826086957,4,2
42fa4ee7240e9b8eb4576358ec142ba7,22,6.454545454545454,0.0,733.4267095795506,23.580454545454543,4.809523809523809,174.80454545454543,3,2
42fb44130ac3134cde8e35cf8ec7df25,3,5.5,0.0,182.6968659349244,12.146666666666667,3.6666666666666665,20.9,1,1
430315b7bb4b6e4b3c978f9dfa9b0558,20,14.0,0.05,600.123939263842,27.915714285714287,4.0,148.4952380952381,9,2
4305fe92735c8a43d154ff6dd2b8d927,19,10.947368421052632,0.0,859.7153534681181,20.39761904761905,3.9047619047619047,137.42380952380952,3,2
431050a06a317f2b38168dec3dcd2b46,12,8.5,0.0,660.7903859229738,19.429166666666667,4.25,123.98333333333333,2,1
431af27f296bc6519d890aa5a05fdb11,117,16.483870967741936,0.1532258064516129,533.5207733377699,17.1308,3.774193548387097,104.876,1,2
4324dd16853115efb0fd9d0d131ba6f4,12,12.5,0.05555555555555555,563.1349552412976,18.178888888888892,4.277777777777778,58.458333333333336,1,1
432c37c9dfba871172ec162e20118b8c,46,15.145454545454545,0.14545454545454545,848.9009010448128,17.011754385964913,4.175438596491228,52.08543859649123,7,2
432c67955c0acd1fd6b0b5d678766a71,3,6.0,0.0,417.09319768940117,45.803333333333335,2.3333333333333335,383.6666666666667,2,0
43402bdf22aa2310e8f99e2f94f78628,4,15.6,0.0,190.81566476143874,37.43,2.8,129.99,2,1
4342d4b2ba6b161468c63a7e7cfce593,20,15.0,0.5,547.061494653548,14.8105,1.263157894736842,143.355,1,0
436bf27f2f18474fc6047702e9f8a866,1,19.0,0.0,383.9739078442805,14.52,5.0,29.9,1,1
4371b634e0efc0e22b09b52907d9d469,102,10.315315315315315,0.07207207207207207,441.18704616087746,13.257053571428571,4.405405405405405,73.16071428571429,4,2
43753b27d77860f1654aa72e251a7878,1,27.0,0.0,2254.66475421256,42.38,5.0,23.9,1,0
4391ea5c5990502176a1dcda44a2373d,3,9.6,0.0,957.0466213950643,27.060000000000002,4.8,469.8,2,1
439a47cc365d6e3bd526812ea9de3c29,8,8.0,0.15384615384615385,469.98420584955534,17.263846153846153,4.0,91.26923076923077,1,1
43a1d4bab73b816e44ef4e4facd9f9b5,1,9.0,0.0,550.1984046198044,15.5,4.0,189.9,1,1
43a5d4a57af536fddc96d08be3afdfcb,1,11.0,0.0,241.48184864960038,24.83,1.0,75.0,1,1
43b2c864251aa0ce4030c746984e088a,2,5.5,0.0,879.6868214726824,17.26,3.0,47.4,2,1
43f8c9950d11ecd03a0304a49e010da6,41,11.0,0.07317073170731707,692.1060778303952,13.600731707317074,4.560975609756097,103.64853658536586,1,1
44073f8b7e41514de3b7815dd0237f4f,144,12.741721854304636,0.046357615894039736,926.4583828632857,20.73392156862745,3.7565789473684212,122.4159477124183,15,2
440dd6ab244315c632130ecfb63827b1,94,16.22826086956522,0.13043478260869565,918.3692680885583,22.06642105263158,3.851063829787234,144.1778947368421,2,2
443d880f15cbd3572885e1d44bf2c478,1,12.0,0.0,837.9661727137118,15.1,2.0,47.4,1,1
4450bd8327d471c4a11a83d1445b1b62,1,7.0,0.0,381.17210111456154,15.56,5.0,199.0,1,1
446cc09cdbb130904da114e807dbec40,3,3.6666666666666665,0.0,67.97236995679512,18.05666666666667,4.666666666666667,84.26666666666667,1,1
44717f64ec2a457979cf83c429077666,2,5.0,0.0,910.9399803676157,21.30333333333333,5.0,35.666666666666664,1,1
447d377bdb757058acb569025ee18a93,1,18.0,0.0,1352.3442772131816,18.02,5.0,64.99,1,1
44ed138eca6214d572ce1d813fb0049b,2,8.0,0.0,892.2128785141758,18.669999999999998,4.666666666666667,43.26333333333333,2,1
44f091b5abab8018f682fce8124b85e5,6,14.666666666666666,0.6666666666666666,467.904588597281,17.935,2.5,280.01666666666665,1,0
45213867cefbf2cd4c6177e10216a951,14,14.285714285714286,0.14285714285714285,989.8611891019071,30.981428571428573,3.857142857142857,353.9585714285714,2,0
4559697a8f7e637227c2eeaed843baff,42,12.461538461538462,0.07692307692307693,882.8727887845839,18.530238095238094,4.0476190476190474,88.0,3,2
455befea1bb853c75ccbca94cff26e5c,1,12.0,0.0,834.3249938613983,22.06,3.0,19.99,1,1
455c5640e8c5bd1b2ee85c0158f85727,8,14.625,0.0,1107.81548014956,57.17375,4.5,841.1875,4,0
455f46ef09a9e45667e2981df84b5cc2,2,13.0,0.0,368.07182448286585,15.59,2.5,29.9,1,1
457fe919b032a3f7dadba6fb92cf7855,9,5.333333333333333,0.16666666666666666,345.98256976782983,11.768333333333333,4.833333333333333,92.07416666666667,1,1
458c6fa920810ce2492da71bc26d9eec,2,25.0,0.0,1564.5306917782623,52.805,2.5,378.38,1,0
458d868c9642f55f18f04e951a3fdde6,2,17.0,0.0,1125.6377289680943,52.375,5.0,1359.0,1,0
45a3d05fb00435e52a28859dd03703b3,1,25.0,0.0,1225.7814092255956,24.79,5.0,1299.0,1,0
45ba18c210d42734ec52c0c1c574e9ee,38,6.684210526315789,0.05263157894736842,381.58452905318615,23.730731707317073,3.8292682926829267,136.32024390243902,9,2
45c20d94d9171b0bcfab3c955e47d67b,4,14.25,0.0,724.0898443523042,20.2775,4.5,32.364999999999995,3,1
45d33f715e24d15a6ccf5c17b3a23e3c,59,10.96551724137931,0.06896551724137931,390.3707040125192,14.818524590163934,4.049180327868853,79.31524590163936,13,2
461ff5303b6c9c1a4a07f40c5aece516,3,6.333333333333333,0.0,439.51353843699377,19.576666666666664,3.6666666666666665,34.23333333333333,1,1
466222e777149751370e7e98fb623b0c,1,6.0,0.0,934.2970839060996,17.55,5.0,87.9,1,1
4677a5437afda5fa7140b927b07be1cc,11,12.181818181818182,0.09090909090909091,699.3734575233274,38.18181818181818,4.363636363636363,310.5181818181818,3,2
46dc3b2cc0980fb8ec44634e21d2718e,521,11.320610687022901,0.06297709923664122,560.5985233011967,21.768450184501845,4.181308411214953,236.36750922509225,7,2
46ef1a25845fc051c2998d878354810c,5,16.4,0.2,320.4588477683652,19.608,4.4,50.082,2,1
4736e9d642ef4257cd7622516931eb51,16,4.5,0.0,175.64127176400447,18.545,4.15,53.94350000000001,5,2
47648caee88ccfe951fbb27fbf7b4cbe,3,13.333333333333334,0.3333333333333333,483.2801080902959,22.666666666666668,3.6666666666666665,521.6633333333333,1,0
478bfe564db21eeb44386606aa30b650,3,13.333333333333334,0.0,905.36749479352,16.033333333333335,4.666666666666667,60.900000000000006,1,1
47efca563408aae19bb7206c2d969ea9,12,13.272727272727273,0.0,1425.161897223323,36.943333333333335,4.083333333333333,210.16666666666666,1,0
47f55702f598c7c6cc8458b0fbc1c49a,2,17.0,0.0,730.9130674119222,17.95,5.0,63.75,1,1
48162d548f5b1b11b9d29d1e01f75a61,68,10.764044943820224,0.02247191011235955,715.7257294830255,22.879450549450553,3.758241758241758,225.38615384615383,7,2
4830e40640734fc1c52cd21127c341d4,210,9.523584905660377,0.0660377358490566,524.9856093016667,14.27648401826484,4.0963302752293576,44.94735159817351,9,2
48328ec9a579151d9cc6a86d4a59336c,1,21.0,0.0,1482.6859216878486,97.78,2.0,1099.0,1,0
483ca627d131e18f988349b1655c0acd,1,15.0,0.0,362.7712086697045,19.73,5.0,264.0,1,1
48436dade18ac8b2bce089ec2a041202,138,13.72108843537415,0.06802721088435375,624.0107087427592,19.28430463576159,4.046357615894039,81.26960264900663,2,2
485452467ff670447e84a8370c3fc898,3,13.666666666666666,0.0,429.88234164327133,46.580000000000005,4.666666666666667,58.56666666666666,2,1
4867209cb29b56b92893d7bde3ce8012,1,10.0,0.0,697.2985166461277,19.15,4.0,150.0,1,1
4869f7a5dfa277a7dca6462dcf3b52b2,1132,14.54965156794425,0.11585365853658537,610.0320804827535,17.446427335640138,4.122822299651568,198.50573529411764,10,2
48985c61529077fa4f1e38bcff0f2ed3,7,10.0,0.0,1463.5615404210134,21.15285714285714,4.428571428571429,125.61428571428573,1,1
48b6c3f4c6a93171da04b75313f2130f,2,24.0,0.0,763.3244736965798,18.9,5.0,145.13,1,1
48bad451945f5227341793478d6353ea,3,21.666666666666668,0.3333333333333333,627.7453044870912,25.830000000000002,4.0,102.33333333333333,2,0
48e5ee06fb2dc74df1c711a9b6dfac2a,1,11.0,0.0,279.39430906199766,15.1,5.0,19.0,1,1
48e954b2da4f6a750c844173b347ed40,2,8.0,0.0,1140.3028106328672,26.501666666666665,4.166666666666667,66.3,1,1
48efc9d94a9834137efd9ea76b065a38,33,10.588235294117647,0.0,96.87706217466678,9.423529411764706,5.0,10.164705882352942,8,2
48fb026ed7455a42f5d3e9390ed5088e,11,11.222222222222221,0.0,937.7114524613156,20.311818181818182,2.6363636363636362,50.51909090909091,1,1
49067458c68f7701fd334ce326accbe0,17,11.64864864864865,0.08108108108108109,394.94802284429994,15.50945945945946,3.324324324324324,28.314864864864862,2,1
4917cee8d902e13428c3ec4b1ca6f315,33,17.612903225806452,0.03225806451612903,654.5137363375045,36.35272727272727,4.15625,164.29999999999998,2,2
491a5ada3aa1678414e990262c4bbdc1,2,6.0,0.0,29.67973649258714,16.905,3.0,1420.0,1,1
49383af7ab774e4e8f3000f49c83dc4b,8,7.333333333333333,0.0,450.92654460040495,20.18583333333333,4.583333333333333,55.0,1,1
4965a7002cca77301c82d3f91b82e1a9,1,6.0,0.0,87.06225923763617,7.87,5.0,8.49,1,1
497709c2976a8fa308730a2dec5b0726,1,5.0,0.0,23.321518507023764,9.02,5.0,38.0,1,1
4978a02ea9c8be7a9b5480680f40334e,18,4.947368421052632,0.0,198.25649602771009,17.90684210526316,3.5789473684210527,124.0321052631579,4,2
499185655c29ecfdbfe776ef7cf875b5,1,11.0,0.0,1342.9220549238412,17.33,4.0,89.0,1,1
4992e76a42cb3aad7a7047e0d3d7e729,57,7.8493150684931505,0.0684931506849315,383.4164004781249,13.614459459459459,3.8378378378378377,29.87972972972973,2,2
499ec63c58e51296c9cf57edcfe1c8a8,5,4.8,0.0,93.72922455970391,9.586,4.8,73.0,1,1
49cdc90518a4f82676b38b3c1aa43ff6,5,5.4,0.0,622.9408754714751,16.522,3.8,307.9,3,1
49e7217cfe4e427191c378ec626d8737,13,15.76923076923077,0.0,557.4520854955251,26.829285714285714,3.9285714285714284,214.47857142857143,2,1
49f8d2ea7b718d0ce587d34207caf2b4,1,6.0,0.0,116.2716957380456,15.36,5.0,149.9,1,1
4a1917ef994878940e1fb03eeb787ad7,2,9.666666666666666,0.0,780.7461646467028,26.206666666666667,2.6666666666666665,256.0,1,1
4a1f694197d05fe70026b016a7316b41,14,10.478260869565217,0.043478260869565216,793.7099649769144,16.129565217391306,4.391304347826087,39.46826086956521,2,1
4a23adac87cf538689fa600d976f78b2,3,8.0,0.0,75.42523720547385,11.803333333333333,4.333333333333333,135.0,1,1
4a3ca9315b744ce9f8e9374361493884,1806,13.93945613134941,0.10979989738327348,563.5133057500344,17.64823351786613,3.8017329255861365,100.89225968797183,7,2
4a3ccda38b2129705f3fb522db62ca31,66,12.835616438356164,0.0958904109589041,656.3217211674561,18.363333333333333,3.730769230769231,218.75115384615384,5,2
4a5b36211b1f51bf7eaa5c10a57fa483,1,4.0,0.0,363.66536452236204,16.07,5.0,139.19,1,1
4a82168aaef173cbb6e46ae88728f919,4,6.25,0.0,504.17193556649556,25.0975,4.0,128.0,2,1
4a82c4af97ffc0fb2dc26bfdc03b1842,3,12.333333333333334,0.0,900.6211331735911,22.400000000000002,5.0,47.9,2,1
4aba391bc3b88717ce08eb11e44937b2,29,16.464285714285715,0.14285714285714285,994.6415544048907,27.978,3.9,253.19566666666665,2,0
4aba6a02a788d3ec81c03137144d9a80,1,13.0,0.0,142.11933207597392,15.38,5.0,89.9,1,1
4b0fdb526525f9890eb145bf1534640e,18,8.3,0.0,484.8938438739707,26.7605,3.95,120.95,2,1
4b1eaadf791bdbbad8c4a35b65236d52,8,21.8,0.2,403.4676445178665,14.12875,2.0,231.22375,1,0
4b39558c138930b9e5489c93b6df5fe3,4,12.4,0.0,1789.5052452926607,26.48,4.6,219.34,2,0
4b5f66b7adcf57f1ecc0d3c07dd6b177,23,13.157894736842104,0.02631578947368421,698.5453381634517,19.320526315789472,4.081081081081081,167.9415789473684,1,1
4b90495391ac0bd181a80a459df1e718,1,11.0,0.0,369.90091788158657,18.11,4.0,248.0,1,1
4b9750c8ad28220fe6702d4ecb7c898f,218,8.950226244343892,0.07692307692307693,433.05462000610635,15.26936936936937,4.351351351351352,71.69054054054054,2,2
4b98b0428fc1932cc2514ef9ce2505e6,2,22.5,0.5,575.3280227672966,17.9,1.0,163.815,1,0
4ba52dfeba874da5b9ee7b17c7494f04,11,10.0,0.09090909090909091,797.4125223638749,18.62818181818182,4.363636363636363,133.0,1,1
4bcec44888b30ba9001234c534716d3f,5,8.8,0.0,354.59802069590825,12.645999999999999,4.6,29.2,1,1
4bde6149c15cf7e177b36fa060dd6de8,2,10.5,0.0,810.6629280640327,16.33,5.0,79.9,2,1
4be6b962d83299498bae2190f95d6566,11,6.833333333333333,0.08333333333333333,397.63015318410885,15.190833333333332,4.181818181818182,42.4,2,1
4be9ae93c4fc0f41713d71a4194ee1b3,1,11.0,0.0,368.0734137081979,27.07,5.0,109.9,1,1
4bf2f4ee540798a61f9636d12cd9cc80,29,13.133333333333333,0.03333333333333333,843.5511795263465,16.848333333333333,4.166666666666667,166.5186666666667,3,2
4bf658053d453036c70976bccb2c31b2,2,24.0,0.0,1278.7943798101537,40.785,4.5,871.495,2,0
4bfc7a4a1cf8d4d2121c27422d9e50b5,26,7.525,0.025,509.71213467960797,26.679750000000002,4.225,203.10999999999999,1,1
4c03b9dd4c11ee2cb35c96c49efc9420,48,10.020833333333334,0.020833333333333332,605.8696228077215,17.577708333333334,4.1063829787234045,134.55416666666667,1,2
4c18691b6037662be2df78a765d98ab5,63,8.761194029850746,0.07462686567164178,502.1331445208934,16.731194029850748,3.8358208955223883,47.694328358208956,6,2
4c1c7281388a33dd06daac44f9fadbd1,5,8.4,0.0,491.79456609646985,16.318,4.8,37.664,3,1
4c2b230173bb36f9b240f2b8ac11786e,261,12.379008746355685,0.09037900874635568,496.97237450887036,12.709739884393063,3.757309941520468,42.17419075144509,2,2
4c498c7345e89aebad651544829beca0,48,10.319148936170214,0.1276595744680851,435.66848754409676,11.875,4.291666666666667,100.41166666666668,2,2
4c4d546adf3c3868fe19c9ec6e9ffda9,2,6.333333333333333,0.0,325.89248227473723,15.13,3.6666666666666665,37.23333333333333,1,1
4c60877808f4318ef1107fbeb8f89afa,2,14.5,0.0,224.28219961181364,16.315,4.0,59.0,1,1
4c61e37f664c3c88aff092aa5ac779d7,7,16.375,0.375,358.8660193924951,14.9825,4.0,98.53875000000001,2,1
4c8545742faaf58fafd5fd14d25d75cf,4,9.5,0.0,584.6447229578231,49.0775,4.5,755.0,2,0
4c8b8048e33af2bf94f2eb547746a916,23,18.608695652173914,0.13043478260869565,511.7488824937995,16.225185185185186,3.111111111111111,74.84185185185186,5,2
4cc43a222a0f94910728b62b97a8c5f8,1,14.0,0.0,301.58556498633374,12.26,3.0,108.5,1,1
4cc4fd4fdd406a85bbdc1f824b731bd7,1,8.0,0.0,300.31652474151076,15.62,5.0,269.99,1,1
4ce8b55b4bfa4659184e7becc1fba3f2,2,12.0,0.0,759.1812362308707,29.935000000000002,3.0,99.5,1,1
4cf490a58259286ada5ba8525ba9e84a,8,24.285714285714285,0.0,734.4380292387121,19.39875,3.125,156.775,1,0
4d0041cdbe51b4617d95c70b19decc74,8,6.75,0.0,637.5441354779966,28.78625,4.5,654.4000000000001,1,1
4d232b78ab7ef10393dc3807d827bc0d,5,5.8,0.0,977.1356312780961,42.998000000000005,4.4,295.0,2,1
4d600e08ecbe08258c79e536c5a42fee,8,12.428571428571429,0.0,1131.0006685611309,21.015,4.0,558.1675,2,0
4d6d651bd7684af3fffabd5f08d12e5a,369,12.609254498714654,0.04627249357326478,516.2308077209315,19.997240506329113,4.1725888324873095,110.34784810126582,3,2
4d9fea3499bdc22aa4da4e339365f215,2,12.5,0.0,344.31323247588466,15.1,5.0,96.27000000000001,1,1
4da0e408c99d2fdc2126dc9fce518060,44,8.666666666666666,0.0,500.57841147593496,17.38388888888889,4.444444444444445,56.03703703703704,2,2
4dab98ca6cd6d3df586203cefd28a042,1,28.0,0.0,678.0855052244781,18.33,5.0,154.9,1,1
4dbd95a08b31ede5c82d3f861cb1ce1a,6,12.0,0.0,1257.3491493775264,31.560000000000002,3.5,217.44500000000002,2,0
4dc2e811a1760953cb7c6a590b498943,1,6.0,0.0,238.35943387507592,24.84,5.0,175.0,1,1
4dc646b9b9e8e411ef48ba000ea3ac6f,4,10.4,0.2,272.5382435988646,12.712,2.4,57.94,1,1
4ddeb3e828550cddc8d45c8bc36ab2d1,1,7.0,0.0,228.1936397164253,12.45,5.0,152.0,1,1
4de6e4ba574aa9dfdc824bc44dc47fdd,14,8.857142857142858,0.07142857142857142,628.4235671059345,18.094285714285714,4.071428571428571,32.221428571428575,2,1
4deebb3199eeafb282ae33229144f94b,4,11.6,0.4,16.069361540269103,28.357999999999997,3.4,155.94,1,1
4e06067cc08b3f41d837768d392c3ee3,31,9.347826086956522,0.043478260869565216,561.8790704561139,12.446304347826086,4.173913043478261,20.47217391304348,1,1
4e0d109ccfba9a1151c103049880c857,2,18.5,0.0,1211.902546525231,33.92,3.0,139.945,1,0
4e17c65a516f69d023a2ae78b84f28d6,61,14.391891891891891,0.10810810810810811,467.72845799725883,15.615405405405404,4.081081081081081,103.23324324324325,5,2
4e2627090e6e5b9fabba883a37897683,2,3.0,0.0,486.2341558783204,13.624,1.0,39.9,1,1
4e326052e5dbba8adcd512f3450a307e,3,19.5,0.0,676.1519726034736,14.326666666666666,1.6666666666666667,95.0,1,0
4e42581f08e8cfc7c090f930bac4552a,3,47.0,1.0,207.4869872501992,29.45,1.0,84.0,3,0
4e480be820e37de1444325ff358c9296,1,12.0,0.0,1965.675934490196,71.72,5.0,215.15,1,0
4e5725ba188db8252977a4f0227bd462,22,20.25,0.2916666666666667,522.0716390454653,15.304400000000001,3.44,77.22359999999999,2,2
4e6015589b781adaa5ce7f1892d06bb1,3,5.333333333333333,0.0,125.28314518556802,18.833333333333332,3.6666666666666665,228.0,1,1
4e7c18b98d84e05cbae3ff0ff03846c2,82,11.579545454545455,0.045454545454545456,562.4661277050967,32.31438202247191,4.125,103.12247191011235,4,2
4e85b538b0dad58852641540686d0e14,4,16.75,0.5,798.2544537257137,18.59,3.75,90.49499999999999,2,0
4e8dacf3d38f281ae26c3e0321d92d88,10,13.0,0.2222222222222222,396.8711743968057,14.410666666666666,2.466666666666667,176.32999999999998,2,1
4e922959ae960d389249c378d1c939f5,420,14.147982062780269,0.10762331838565023,617.2839107621348,16.022863436123348,3.89532293986637,101.38848017621146,24,2
4e92348462c75b6c842b994ce84a0ed4,1,9.0,0.0,831.3692097271795,15.59,5.0,69.9,1,1
4ea2f12dbe91deeacd2c1e74f069a6e6,4,7.666666666666667,0.0,375.48185326021763,11.678333333333333,4.833333333333333,35.03333333333333,1,1
4eb61f060e7dcc1d5a80d806c35cc541,8,5.75,0.0,279.81530743145885,19.14,3.875,164.125,2,1
4ebdc7e6cd6102a022dadc49156d4ea8,29,9.71875,0.03125,345.4107207074876,11.5375,3.75,29.021874999999998,5,2
4eeb99008a0f59d2c7759c59f9a346eb,2,7.0,0.0,398.7531775365038,19.475,4.5,641.0,1,1
4ef4c39cf3c24f326434cf0b2e48046a,8,13.5,0.125,418.0961304814231,14.018888888888888,3.5555555555555554,99.0,1,1
4f0d637c1197fd65405ebd755ac9f86b,2,6.5,0.0,393.0704079956112,16.335,5.0,99.9,1,1
4f1f1c8666cdb6442f775c4e8caed465,2,19.5,0.0,1860.9840343349983,62.705,5.0,472.49,1,0
4fae87d32467e18eb46e4a76a0a0b9ce,1,6.0,0.0,312.8405264622451,19.9,5.0,100.9,1,1
4fb41dff7c50136976d1a5cf004a42e2,3,66.33333333333333,0.3333333333333333,781.3949889519064,22.256666666666664,4.0,410.0,1,0
4fe2f67634d00c021aa01f96b6f2d68e,2,10.5,0.0,697.5176263914457,16.02,5.0,43.4,2,1
5011f0d93373a4c5753adf58ca77af8d,12,14.666666666666666,0.19047619047619047,343.7462432323502,17.337727272727275,3.5454545454545454,45.88272727272727,3,1
503c1de08ae81a2d86f17951b204db55,22,13.045454545454545,0.09090909090909091,806.1601552818871,18.859545454545454,4.409090909090909,223.045,1,1
5058e8c1e82653974541e83690655b4a,63,25.935064935064936,0.12987012987012986,503.2029642714646,39.168076923076924,3.0789473684210527,128.4976923076923,4,2
5075aaa8404020ae6aa8bf4792099b41,13,11.866666666666667,0.0,427.1955840481987,19.46608695652174,3.8823529411764706,79.25217391304348,3,1
50770d25768b0486d89be26afca3108f,6,13.166666666666666,0.16666666666666666,373.00889079821974,12.681666666666665,4.0,28.62833333333333,1,1
508808d438fe2ff972ed13bb8f4a82e2,10,4.0,0.0,235.22901488041725,11.149090909090908,4.2727272727272725,26.80272727272727,7,2
50a7e551a7b3f8d37cd6e32d8bfbe5ea,1,12.0,0.0,361.2982883225901,27.96,5.0,140.0,1,1
50bf89f1349bc0409a268c3a49678009,1,9.0,0.0,703.5739488272731,102.57,5.0,179.9,1,0
50c9975695009e5e6473912e83a6d1da,50,14.647058823529411,0.10294117647058823,437.5943910198351,42.934558823529414,3.985074626865672,58.300000000000004,1,2
51209b446b2073894bdc0face6c73ffc,2,9.5,0.0,927.2154112408035,19.82,4.0,89.9,1,1
512d298ac2a96d1931b6bd30aa21f61d,11,9.583333333333334,0.0,446.66217488638335,26.8275,4.25,616.8283333333333,3,1
513a54369b6a8a6602fcb0e129c6d78d,2,3.0,0.0,18.390436828965164,7.43,4.5,23.9,1,1
5145090ab595c0d0b8557199f5701fbf,4,15.25,0.0,994.2293840543782,49.4625,4.25,364.9,1,0
5151aea44289d6c6b090ee31c2132508,7,17.0,0.0,963.2252345892409,23.881428571428568,1.8333333333333333,187.9,1,0
515d781150feed28a6ac091bb0e3cb8c,6,9.333333333333334,0.0,974.5773393320993,25.395,4.166666666666667,167.05833333333334,2,1
5160d23075764e18e07c1f4a87fad743,34,8.921052631578947,0.02631578947368421,439.5698009499354,12.472307692307693,4.461538461538462,62.282051282051285,1,1
516e7738bd8f735ac19a010ee5450d8d,76,8.317073170731707,0.04878048780487805,511.55761774684987,17.455119047619046,4.5476190476190474,79.08440476190476,2,2
51702dc2a3e106c76dbff722b5bf0726,13,14.428571428571429,0.0,674.4321978907607,41.56714285714286,4.357142857142857,193.22142857142856,3,2
5194c22ed1f616ec0c0f33c571542879,4,12.0,0.0,663.883775444735,20.2125,4.25,61.4,3,1
519a7aa428f18d125a283cf8c014fdd6,3,7.0,0.0,701.3891179898579,24.366666666666664,4.0,26.566666666666663,1,1
51a04a8a6bdcb23deccc82b0b80742cf,1,35.0,1.0,67.85851113764203,31.93,1.0,167.99,1,0
51e0557bc7b86de13e946c60ee91ce39,1,10.0,0.0,571.2218488143081,17.6,5.0,45.8,1,1
51e4e89242cbb846c2deff3dc015650e,16,8.75,0.0,1099.9889310942347,22.073125,4.625,51.41125,2,1
51ed72984a04e5dd35c2b27e77179038,7,16.0,0.14285714285714285,620.2116072871617,28.41857142857143,3.5714285714285716,184.9,2,0
51f108f62cb87d61918159902c8f8583,3,5.666666666666667,0.0,886.0874932295334,25.01,4.333333333333333,101.24333333333334,1,1
52092ddbd3a58c450a4459bf051b2287,6,12.5,0.0,477.1121432893495,12.558333333333332,4.333333333333333,58.61666666666667,1,1
520b493b57809f446cb0a233bb3e25c7,63,6.8493150684931505,0.0273972602739726,352.8870723281318,14.574931506849316,4.383561643835616,50.66986301369863,4,2
522620dcb18a6b31cd7bdf73665113a9,174,14.730337078651685,0.10112359550561797,1163.0441089231704,25.89622222222222,3.897727272727273,317.6027222222222,11,2
5236605f4d4b0b3e4df85b850393fca0,5,10.2,0.2,572.5348289891352,16.436,4.8,53.06,1,1
52454f90d4c30c016768db02f88c1a74,3,12.4,0.0,678.7537636009336,13.434000000000001,3.6,16.1,1,1
52562a9f449c3dc3d53f5f5b9ed74903,14,12.928571428571429,0.0,1682.5613575913817,31.717142857142854,4.785714285714286,233.32857142857142,4,2
525e75a6fb1454a2325ab1734bcec221,10,6.0,0.0,307.18271692173175,10.909090909090908,3.727272727272727,59.73363636363636,1,1
5275ca25d0358ca73864e0ae41be1320,4,6.5,0.5,164.0610861546711,17.305,4.75,102.4,1,1
527801b552d0077ffd170872eb49683b,90,12.521739130434783,0.09782608695652174,644.0668244002483,22.41913043478261,4.483516483516484,195.0304347826087,4,2
52831e5990d0771cb4951d6f12928167,1,5.0,0.0,476.08548481226177,13.12,3.0,65.0,1,1
528bcf6680c36dddf07620bd35b33a6f,2,20.5,0.5,1115.581631414003,21.93,4.5,484.99,1,0
528ce32f560edd11add4169f6a5b65be,2,10.0,0.0,57.25595068932693,7.65,5.0,29.9,2,1
52956b80ae65fda598f06f6b9943e7a9,3,24.666666666666668,0.3333333333333333,841.2374343341927,22.28333333333333,4.0,264.0,1,0
52a50b42accf164f9f019941e5759d9b,4,5.0,0.25,231.4958449254615,14.264999999999999,4.75,34.99,1,1
52a52b9f656520e99716f5bc40f661c8,7,10.0,0.0,324.0272981823365,18.515,4.125,97.8875,1,1
52ac6f920b7280e4c6d30dd94de6259b,6,11.571428571428571,0.0,660.7041103316984,103.79857142857144,3.2857142857142856,808.1857142857143,2,0
52b53f7061969fe471d119b6195da864,1,3.0,0.0,34.38026791281242,8.37,5.0,90.0,1,1
52bb00821bcdd358a5a5a27e1f6be5a1,2,15.5,0.0,1025.1564067459985,19.314999999999998,4.5,174.9,1,1
52d76513f0c4d97f3b99570e2c94ee31,19,11.357142857142858,0.03571428571428571,1380.0004072954207,31.759285714285713,3.88,291.1821428571429,8,2
52f0fe436a347ddad7ed5f9aa4e27eaa,21,13.428571428571429,0.14285714285714285,869.9451479434058,20.718695652173913,3.3043478260869565,64.53782608695653,7,2
52f6f9f13ba19504c02781132a049e75,1,16.0,0.0,656.915384844836,23.13,3.0,199.0,1,1
52f976b17ea7f2f087f56dcc419328f6,6,9.833333333333334,0.0,732.4257650383182,143.775,3.6666666666666665,1271.6666666666667,1,0
52f9db5cfb423382a2fa5c9e39303202,22,9.681818181818182,0.0,556.9434398619042,15.598695652173912,4.173913043478261,55.20739130434782,4,2
5305693ffae2d3463377b1f6fe67b15a,1,13.0,0.0,429.8475870906142,12.99,5.0,93.56,1,1
53088c75f948b48a7ece173ac17f0c12,3,10.666666666666666,0.0,1119.4475176639032,18.176666666666666,5.0,87.23333333333335,2,1
530ec6109d11eaaf87999465c6afee01,97,10.306930693069306,0.009900990099009901,875.6627666868743,25.542307692307695,4.221153846153846,124.84432692307693,6,2
53243585a1d6dc2643021fd1853d8905,358,12.94,0.04,1195.5852204655855,31.903975609756095,4.075980392156863,543.3562195121951,2,2
53336f97ddbe53e2a617d07b17447b95,1,19.0,0.0,1760.8502807392772,75.33,5.0,599.5,1,0
533d46c1b06970e99f09523a61df4972,2,16.0,0.0,516.4692757453581,16.32,4.5,79.99,1,1
5343d0649eca2a983820bfe93fc4d17e,71,10.809090909090909,0.09090909090909091,570.3670409818984,21.554864864864864,3.614678899082569,90.09585585585585,1,2
534a01cc6df1e034e05c32028a291fa2,5,10.2,0.0,358.57497065927555,11.972,4.4,47.118,2,1
535bf14f36346c7f59d87cece104d70c,1,4.0,1.0,12.063604515774182,7.77,4.0,50.0,1,1
537eb890efff034a88679788b647c564,160,8.67251461988304,0.05847953216374269,477.5710420541082,14.446242774566473,4.161849710982659,27.05028901734104,10,2
538caafddff204241cecbf3a02e6b3cf,9,16.75,0.5,232.59421800744246,10.91,2.5555555555555554,16.477777777777778,1,1
539ed9e19811677513447759be5eccfc,2,4.5,0.0,555.8646726950991,15.545,3.0,16.415,1,1
53b0300ca793f9834cd69c0678d35ee8,5,5.6,0.0,297.60325165024835,13.731,5.0,166.215,1,1
53d00c40e32aeb924a84ce72b1af869d,17,15.705882352941176,0.23529411764705882,564.6019737149688,17.424705882352942,4.352941176470588,127.40294117647058,1,1
53e4c6e0f4312d4d2107a8c9cddf45cd,473,11.57421875,0.052734375,419.2409486824898,18.941072796934865,4.040384615384616,57.7566091954023,7,2
54065e9aef7e9e9c2dc23b7594db021a,14,11.833333333333334,0.0,767.6783337649128,20.030714285714286,3.857142857142857,571.6428571428571,6,2
5415337f1863452476d42d9f14a16a61,1,16.0,0.0,1892.3346169574118,23.45,3.0,44.9,1,0
54219883e72aad869adfb2a54b7bfa0f,5,16.4,0.0,575.9526040100383,165.91,3.2,1350.0,2,0
542917da124346b47ea1ac79a93ce454,20,11.1,0.05,801.168850583879,18.159,4.15,65.19500000000001,2,1
544863df86ed3b78a04e0820d41430ee,1,5.0,0.0,734.6743313836685,15.27,5.0,23.9,1,1
54583ab379489add547fe47b628db589,10,4.6,0.0,471.81386934652244,15.107999999999999,4.8,224.0,2,1
54965bbe3e4f07ae045b90b0b8541f52,78,26.234567901234566,0.32098765432098764,891.8815577392529,25.622558139534885,2.9382716049382718,127.45697674418606,1,0
54a1852d1b8f10312c55e906355666ee,200,11.074257425742575,0.09900990099009901,582.7185001899048,16.60764705882353,4.3399014778325125,84.44333333333333,7,2
54aa8463e87776b5612f4bdc4bd5d4de,7,12.857142857142858,0.0,752.3010801792922,17.647142857142857,3.857142857142857,92.75714285714285,3,1
54c04bdb5ec46762f8f08c7e8f86ed4a,18,14.842105263157896,0.10526315789473684,996.9129245587411,25.05894736842105,4.315789473684211,172.71894736842106,1,1
55029529919c0123526150bd26ca8f20,7,8.428571428571429,0.0,808.379530087121,19.268571428571427,4.714285714285714,64.85,3,1
553a440137d6e0cf776aee0bb83ac9f5,2,22.5,0.5,757.8233296966736,15.17,1.0,72.4,2,0
5563732abe64c3036cb97ad924128dd1,2,10.333333333333334,0.0,344.3304088458847,12.533333333333333,4.666666666666667,134.66666666666666,2,1
5566627eab3fe93fd6ee08798226101a,5,8.2,0.0,857.1714604449037,20.462,4.4,17.1,1,1
556a6409838156ea299c9d1f9e2dde43,4,7.0,0.0,511.91371542739444,21.71,3.25,340.7,1,1
557f22c76691849db52d2abccf0015d0,13,13.692307692307692,0.0,796.5498846070303,23.335714285714285,3.1538461538461537,61.84714285714285,2,1
5587130f9850696ed7fafbc91c2cee44,2,6.0,0.0,414.56443149504685,16.845,5.0,34.9,1,1
559d56f3b8f0bc2e5a9a62fe2ce2a39f,2,12.0,0.5,406.07228488351444,24.36,2.5,192.5,1,0
55a5b51f93f2b70ea513f5a047b0262a,39,13.268292682926829,0.07317073170731707,809.4154811138152,20.66048780487805,4.487804878048781,97.61707317073171,1,2
55bb6fe5bebe5012e2d7d9928e1128ff,15,16.0625,0.1875,714.6640727294404,36.029375,3.5625,113.534375,5,2
55c26bcb609f480eb7868594245febb5,6,9.333333333333334,0.0,376.19284812202017,26.971666666666664,4.0,110.73333333333335,2,1
55c96925041a14097b6a7825554f4ad5,6,10.666666666666666,0.3333333333333333,863.8782572386344,18.857,3.2,29.48,1,1
55d3daac7c404d59e51c2aa2f4dc5a23,21,8.357142857142858,0.0,320.5200803955141,46.78142857142858,3.9285714285714284,160.02142857142857,3,2
55dedd83e501d8248880557d9073cbfd,8,3.888888888888889,0.0,254.67975369149815,12.309999999999999,4.888888888888889,117.25555555555555,1,1
55f7a3319d80f7fdf078b8f03e6725fe,22,6.318181818181818,0.09090909090909091,400.8898655993498,18.485,3.772727272727273,136.99,2,1
562f8cfc51f265411f487d07e9c40e7f,13,13.538461538461538,0.15384615384615385,706.712153354131,15.333076923076922,4.538461538461538,58.99384615384616,2,1
562fc2f2c2863ab7e79a9e4388a58a14,260,10.80377358490566,0.033962264150943396,760.4719688535249,15.944962962962965,4.235074626865671,32.645185185185184,1,2
5656537e588803a555b8eb41f07a944b,174,10.989189189189188,0.07567567567567568,842.2454935365153,17.96292553191489,3.8031914893617023,42.90388297872341,11,2
5659d77e8d90378e39b960ad5956f64e,2,20.0,0.5,462.9912403358194,15.325,2.5,91.24000000000001,2,0
56642bcb79900e777d68e91915cb4267,48,13.839285714285714,0.16071428571428573,400.86386320748625,14.538392857142856,3.767857142857143,65.315,3,2
5670f4db5b62c43d542e1b2d56b0cf7c,22,8.090909090909092,0.045454545454545456,560.5426641928024,26.480000000000004,4.409090909090909,301.3677272727273,1,1
56db5c0782e8f7ddc9343f9576ff6d16,2,9.0,0.0,509.1245334436032,28.575,3.0,367.4,1,1
56e361f411e38dcef17cdc2a3d99628b,5,11.5,0.1,1585.9185146976693,185.776,4.5,129.8,2,0
56f413900b5166ab4d730e9ac0b12cb0,3,10.0,0.0,343.040629539918,14.15,4.666666666666667,50.596666666666664,2,1
570d4583587a5fe2d47c7be89b91ad27,2,5.0,0.0,51.71560816632526,11.835,5.0,62.625,1,1
5721089ba9214e80074f27d5a03fc0eb,5,7.142857142857143,0.0,304.09753500869886,9.52,5.0,35.13285714285714,2,1
5733d806668f8712c24b9abaefbfa642,2,14.5,0.0,1521.4658648515995,42.94,5.0,121.9,2,0
5741dc2bf5044c34d0698681c5081bed,3,6.666666666666667,0.0,305.3154428008567,11.35,5.0,29.899999999999995,1,1
575df70bde3f9f2b30bf8d2e9910d725,27,12.794117647058824,0.058823529411764705,699.0334396593022,22.157941176470587,4.117647058823529,159.11911764705883,4,2
577719699805dd125d5b6fdde5943bba,8,9.75,0.125,1030.3086056203172,26.195,4.375,134.72500000000002,3,1
578fa3a9cb6b6dceab39231ad59cdaca,3,22.333333333333332,0.3333333333333333,328.95396201339696,12.4,3.6666666666666665,50.0,1,1
5795aebfe331fbcd02a2c4b679fb7952,6,11.666666666666666,0.0,1555.6333120604756,26.015,3.8333333333333335,213.33333333333334,2,0
579891617139df7d8671d373f0669622,8,17.875,0.25,490.8553734791435,16.025,4.5,35.0375,2,1
57a834594e1e9e9219603bfec184eadc,1,6.0,0.0,553.1926491355598,27.05,5.0,139.0,1,1
57c764b4a836300be881e2ff86e449f9,29,15.068965517241379,0.13793103448275862,600.368077727867,15.670333333333334,4.172413793103448,40.36666666666667,4,2
57d2ba47f7a3209aa347532ae75c1165,2,15.0,0.0,453.3971827576786,70.12,4.0,159.0,1,0
57df9869a600bd6b7c405f2a862eccfb,5,6.6,0.0,295.713691848113,14.442000000000002,4.4,25.0,1,1
57e632711dec9ec14ca7546769483e7e,62,10.323076923076924,0.0,627.1298439815027,18.584307692307693,4.446153846153846,97.69323076923078,2,2
57fe6232e67823593374a2281d7a8af8,8,9.125,0.0,266.40762051686346,13.17,4.75,22.335,2,1
582d4f8675b945722eda7c0cb61ba4c7,59,10.126760563380282,0.014084507042253521,400.96153426287066,13.816478873239436,4.112676056338028,66.23887323943661,5,2
585175ec331ea177fa47199e39a6170a,1,7.0,0.0,450.5407257386212,53.47,5.0,3549.0,1,0
586a871d4f1221763fddb6ceefdeb95e,1,68.0,1.0,1628.6513220363308,20.74,1.0,99.0,1,0
5882820ef11c4c068eea0677a7a879b4,14,14.428571428571429,0.07142857142857142,721.8665008241624,52.80785714285714,4.153846153846154,708.9642857142857,2,0
58c851d1a3c7cd3da329eb59453fed44,2,4.5,0.0,124.81661033976853,12.135000000000002,5.0,134.495,1,1
58e4b302b54937e55a678c4d15111da4,3,7.0,0.0,796.0307312051924,16.353333333333335,2.3333333333333335,93.26333333333334,1,1
58f1a6197ed863543e0136bdedb3fce2,44,9.883720930232558,0.023255813953488372,548.5707062500353,23.793111111111113,4.155555555555556,151.84444444444443,3,2
59417c56835dd8e2e72f91f809cd4092,18,12.0,0.0,574.705432659981,66.59833333333333,4.277777777777778,2025.5,1,0
594f9aaa48e5bf431f011ddc5669b0d5,37,7.552631578947368,0.02631578947368421,787.5021344577739,23.35815789473684,4.578947368421052,85.49473684210527,5,2
596849622429351f47b32e6cae1055ff,14,4.769230769230769,0.0,347.9645758222036,11.463571428571429,4.0,78.90714285714286,4,2
5996cddab893a4652a15592fb58ab8db,1,5.0,0.0,548.1063089157608,70.75,5.0,810.0,1,0
59b22a78efb79a4797979612b885db36,125,12.045112781954888,0.12781954887218044,651.926228055912,36.82383458646616,3.9696969696969697,204.39473684210526,4,2
59bbc819b99a733f02f0d6b49d1c253d,2,4.5,0.0,288.3146095212412,11.475000000000001,5.0,69.9,1,1
59cd88080b93f3c18508673122d26169,10,13.25,0.25,679.8008412667283,14.615,4.75,32.69416666666667,2,1
59cea8e446d3834393058e7e0666b6fb,10,7.0,0.0,639.909337247398,20.454,4.6,69.66,4,1
59de1d4c8c057c2a53acd4ca66531af2,1,18.0,0.0,967.101276612313,21.75,5.0,135.0,1,1
59fb871bf6f4522a87ba567b42dafecf,126,11.56,0.064,701.8531112562301,15.985859375,4.21259842519685,169.598203125,6,2
5a05a16bb50629ee31afab8a6d4c2674,14,6.6,0.06666666666666667,344.66358146409806,18.745333333333335,4.0,52.95333333333333,1,1
5a32c398a06c345440bf2a683b017ad3,2,11.0,0.0,225.39607284193286,11.585,3.0,39.9,1,1
5a413ade68e8f8d93071a7f52a64cb9e,14,3.7142857142857144,0.14285714285714285,133.45981744572825,10.983571428571429,4.642857142857143,55.635714285714286,1,1
5a4236931428800e9d9cc04af0987118,1,3.0,0.0,343.6805800294135,15.229999999999999,5.0,14.99,1,1
5a425cc503b39b262a847fd6212bf53b,15,6.285714285714286,0.07142857142857142,543.0890716326309,17.967333333333332,4.214285714285714,90.706,1,1
5a6a02f419701fc8c605af71d4fc57a4,10,4.636363636363637,0.09090909090909091,216.51378825627168,10.355454545454545,4.818181818181818,54.59090909090909,2,1
5a8e7d5003a1f221f9e1d6e411de7c23,139,10.016759776536313,0.061452513966480445,550.662327081143,14.885580110497237,4.1722222222222225,61.7232044198895,3,2
5a93f3ab0ef4c84ed5e1b5dbf23978bc,39,14.674418604651162,0.023255813953488372,556.1698095089513,15.844090909090909,4.7272727272727275,53.14204545454545,2,2
5a9b3bcab695173c820e53934574ae80,1,7.0,0.0,422.58562195950384,64.77,5.0,139.0,1,1
5a9c0859cb00fd8aa4db443837f0a700,2,8.5,0.0,837.549223842095,23.795,4.5,104.0,1,1
5ab05b6d86d417796c69ffd6774ec832,10,12.083333333333334,0.08333333333333333,647.4966324674843,21.395833333333332,3.6666666666666665,157.175,1,1
5abb8ea023c77787f2c15da891c8d384,13,19.307692307692307,0.23076923076923078,759.6416763355166,57.400000000000006,3.923076923076923,172.3846153846154,4,0
5acd070dd3fe441bbb2ec1f1ede515ee,7,22.875,0.375,370.0026610456131,15.275,2.75,95.52125,2,0
5b07547f10dd980738a1a27f685af669,13,5.785714285714286,0.14285714285714285,317.3733786399618,13.247857142857143,4.5,81.04285714285716,2,1
5b0cc932433fa5184b5b94bfe6bcc256,12,11.235294117647058,0.23529411764705882,471.1220742809187,32.722941176470584,3.4705882352941178,84.5764705882353,2,1
5b179e9e8cc7ab6fd113a46ca584da81,34,12.194444444444445,0.08333333333333333,392.9896997384951,18.49,3.5142857142857142,143.70833333333334,4,2
5b2e94f2c22b39ccc24d34ad0f669672,10,9.7,0.1,578.5070540511462,39.036,4.9,94.978,1,1
5b33b527da3c5b969cc99dc435cad09a,16,12.294117647058824,0.058823529411764705,802.3624480123955,21.50294117647059,4.117647058823529,110.16411764705882,5,2
5b35136197710e16ac5e7b7c2bd4ea85,7,19.444444444444443,0.3333333333333333,545.4390691735474,27.34333333333333,2.5555555555555554,344.91111111111115,1,0
5b51032eddd242adc84c38acab88f23d,12,11.428571428571429,0.0,323.39965909202965,19.210714285714285,3.7857142857142856,234.28571428571428,2,1
5b581417df4480f632484ba681e53944,12,19.666666666666668,0.3333333333333333,922.05085986391,45.05384615384616,3.3076923076923075,137.73846153846154,2,0
5b664594895aefb418afaee6d40a9a23,16,10.045454545454545,0.0,305.9247437297036,10.29,3.6363636363636362,45.85454545454545,3,1
5b67882648febfb6e1225e6ad7164f6b,27,11.766666666666667,0.03333333333333333,782.3383164682642,20.631333333333334,4.033333333333333,227.116,2,2
5b8154610ebb21fb90eb587365e673df,38,12.75,0.15,405.8181498347057,26.279024390243904,4.195121951219512,229.20829268292684,5,2
5b85809efd0d0e4dea1a9544e1280ed9,12,6.928571428571429,0.0,724.2264041960228,20.91142857142857,4.357142857142857,128.9,2,1
5b925e1d006e9476d738aa200751b73b,63,10.46031746031746,0.06349206349206349,620.9326264776304,16.719682539682537,4.603174603174603,122.9920634920635,1,2
5b92bfa4120daa27c574daa2e386c693,1,16.0,0.0,119.81513526815704,10.96,3.0,14.0,1,1
5b97c06a046398e7005b2b7c0d707a92,4,25.666666666666668,0.6666666666666666,1023.9687971059233,62.4075,3.25,379.99,1,0
5bba18b40e8c973b0f32e748004775b0,1,7.0,0.0,779.8688722074155,44.82,5.0,739.98,1,1
5bc237df65098fe211bb4818f4d26d78,2,12.0,0.0,1259.807670320975,28.545,4.5,63.400000000000006,1,1
5bc24d989e71e93c33e50a7782431b0e,17,8.764705882352942,0.0,549.5340548961407,34.61941176470588,4.352941176470588,185.1764705882353,1,1
5bc55dbe2f12b6af6d83ed46023e0dc8,17,12.523809523809524,0.19047619047619047,656.6762977103315,19.87047619047619,2.3333333333333335,142.48095238095237,2,2
5bf397d04035b5f45cc41e82ec106803,3,2.75,0.0,108.2809385330307,11.82,4.25,381.25,2,1
5bffbafbb22daf6d3bfc216a46db8708,21,8.08695652173913,0.0,771.4711683935707,19.76086956521739,4.695652173913044,227.81304347826085,3,2
5c030029b5916fed0986310385ec9009,7,4.8,0.0,757.1892288825704,91.55,4.9,416.43999999999994,1,0
5c243662ce92d84573bfaff24c3e3700,98,10.27,0.03,604.3422388930824,17.7564,4.1313131313131315,328.62019999999995,2,2
5c3460cd3e8a984382ae254e7dd20d9f,9,9.3,0.0,662.4695319642149,19.854,4.7,77.576,1,1
5c6d4016c2a288f074fa0848a2b653d2,32,10.676470588235293,0.08823529411764706,538.5562329286707,14.690571428571428,4.114285714285714,90.25714285714285,4,2
5c853bb56f70f4d14218944bae111d7a,23,8.125,0.0,314.128880222584,10.460833333333333,4.041666666666667,10.96375,2,1
5ca5d579b5857ee8709479b1047cecc3,2,17.0,1.0,119.32883346841014,11.995000000000001,1.0,169.945,1,0
5cbbd5a299cab112b7bf23862255e43e,36,10.342105263157896,0.0,627.9143667428561,17.346052631578946,4.315789473684211,71.73842105263158,5,2
5cf13accae3222c70a9cac40818ae839,149,10.148387096774194,0.03225806451612903,649.3727006750097,19.35429487179487,4.438709677419355,92.2,2,2
5cf1ec37aea089f45110c70653a166ab,3,20.5,0.0,842.2258287000327,14.366666666666667,3.6666666666666665,16.666666666666668,1,1
5d0363b33554b373851fc1622e4d5f3c,94,12.340425531914894,0.0851063829787234,419.0061494327866,23.07557894736842,4.052631578947368,69.58726315789474,4,2
5d043cd5512d4bd2f88e5ccdd5736c38,1,9.0,0.0,81.80341433295214,64.91,2.0,650.0,1,0
5d378b73ab7dd6f0418d743e5dcb0bd1,7,30.166666666666668,0.16666666666666666,1111.091162251913,56.18285714285714,3.857142857142857,1891.857142857143,1,0
5d3bb11474a06bdc23fb9e89f1164ee0,31,9.34375,0.03125,518.6477733876525,16.381875,3.9375,114.20625,6,2
5d505d2298ad549e4e4e835562fa0c1e,2,5.5,0.0,566.1705116563782,14.169999999999998,5.0,124.9,1,1
5d76d80a2f5f39c891b996a1bf4c9853,6,9.833333333333334,0.0,1021.6924051597715,28.541666666666668,4.833333333333333,206.41666666666666,3,1
5d9dc90a686a8fddacffab6bab5653a3,12,8.166666666666666,0.08333333333333333,221.7226626750622,30.7775,4.166666666666667,313.495,1,1
5d9f3746e112e696f98ea22c56b3e912,1,7.0,0.0,1518.1016687224494,47.77,5.0,1322.64,1,0
5db42a6cd9bf1bf0d3aab9582767f168,1,16.0,0.0,1525.1507896356254,19.33,5.0,200.0,1,1
5dc203c7b84a0e71e878a179de05fb9a,5,8.2,0.0,799.9933420158579,25.630000000000003,4.0,84.38,3,1
5dceca129747e92ff8ef7a997dc4f8ca,325,10.769679300291545,0.05830903790087463,538.9427752966704,39.483786127167626,3.991228070175439,324.14893063583816,7,2
5de1c80811ce7007f62f00d971236c09,2,7.5,0.0,438.82827717130647,15.475000000000001,5.0,38.4,2,1
5debea795b07621e1f90532e18f96145,25,9.818181818181818,0.0,513.6415852350284,15.283333333333333,4.2727272727272725,57.084242424242426,2,1
5def4c3732941a971cba8fdee992ede1,5,3.8333333333333335,0.0,225.5274589883575,11.04,4.5,22.46666666666667,4,1
5e063e85d44b0f5c3e6ec3131103a57e,1,1.0,0.0,61.72657085635645,7.42,5.0,22.9,1,1
5e105f5c9f63f5f1fd75d6cb942e55b1,8,9.0,0.125,643.0247908738259,34.22875,4.5,183.9875,1,1
5e106d93b717c2682b9383da480364a1,1,7.0,0.0,1226.3751555747758,21.71,5.0,445.9,1,1
5e25c632f9db6cfb8bc100421c2737b6,1,6.0,0.0,714.6666975055839,19.91,5.0,259.0,1,1
5e49e3a44bdeb5aab2684258bbd4f525,3,16.0,0.3333333333333333,397.8814158616605,17.59,4.666666666666667,169.0,1,1
5e9f5bd34e0830569f05c9d4f56e04a8,2,9.5,0.0,762.6292650114196,17.44,4.5,119.99,1,1
5ee7fd217d08dfe5d3e2f51f96a12c9a,9,16.333333333333332,0.2222222222222222,523.0684542906754,29.964444444444446,3.4444444444444446,129.5,2,0
5eeb9c756d9780b96283e5a2ac6da334,9,16.22222222222222,0.2222222222222222,719.3971870656501,27.526666666666667,4.222222222222222,274.55555555555554,1,0
5ef131ac72773e5b3f6c0d63cf424657,10,5.818181818181818,0.0,560.6726618522671,22.38181818181818,3.8181818181818183,52.344545454545454,1,1
5f0057b677eb963672bf05dfa3f16c34,5,6.75,0.0,232.31577435890227,13.402000000000001,4.2,62.576,3,1
5f06030071324cc52bf0304014ac7234,4,9.75,0.0,609.6696447587356,25.087500000000002,4.0,195.99,1,1
5f1dc28029d2c244352a68107ec2b542,62,8.85897435897436,0.07692307692307693,437.71826890301367,12.771282051282052,4.428571428571429,35.991025641025644,10,2
5f2684dab12e59f83bef73ae57724e45,68,9.849315068493151,0.0547945205479452,411.96848845536533,15.16472972972973,3.77027027027027,121.6333783783784,5,2
5f26c1408a65b42a7224cd463bdf3292,10,6.1,0.0,683.8713458179551,21.729,4.8,113.97999999999999,2,1
5f3ae9136c875522250f8184f253413a,43,7.2,0.06666666666666667,510.3301242457869,13.386086956521739,4.5777777777777775,25.17391304347826,2,1
5f57db27027655e6c6a391601daa0258,1,14.0,0.0,1006.1934856063078,53.04,5.0,98.0,1,1
5f5a58930c3c35f3b5af264f34fb8c85,3,7.666666666666667,0.0,687.9868173294221,22.863333333333333,5.0,186.66666666666666,2,1
5f5b43b2bffa8656e4bc6efeb13cc649,27,13.517241379310345,0.034482758620689655,824.8031978828059,19.153448275862072,4.448275862068965,126.8,4,2
5f67c6082caacb26e431a7b17940cece,13,21.857142857142858,0.2857142857142857,537.8941255834147,14.887857142857143,3.5714285714285716,118.75714285714285,1,0
5f7300535881cef3b625fd683cf7d145,10,9.363636363636363,0.0,616.4709736086264,15.531818181818181,4.454545454545454,60.54363636363637,2,1
5fd924b4836098a5be0ecf81ba054ce0,7,7.125,0.0,558.026041602365,16.9425,4.0,143.6,1,1
602044f2c16190c2c6e45eb35c2e21cb,50,15.345454545454546,0.23636363636363636,522.3732481123176,16.461052631578948,2.892857142857143,65.59929824561404,1,2
6025c79c035c3d772133b8b8238463b2,2,7.5,0.0,856.3315161937375,27.1475,5.0,247.435,1,1
6039e27294dc75811c0d8a39069f52c0,64,17.472972972972972,0.25675675675675674,594.271543315641,31.68626666666667,3.8266666666666667,182.276,3,2
60562ab00b8054280520d390c8c0045c,17,9.764705882352942,0.0,693.7761256983065,17.88764705882353,4.764705882352941,173.11764705882354,1,1
6061155addc1e54b4cfb51c1c2a32ad8,28,5.393939393939394,0.030303030303030304,344.23155556124925,26.663939393939394,4.696969696969697,473.73939393939395,2,2
606ce7768feac12c5e8bd58db8b08f0f,5,9.2,0.0,516.7283223659989,20.452,4.8,583.3199999999999,1,1
609e1a9a6c2539919b8205cf7c4e6ff0,87,9.892307692307693,0.023076923076923078,572.0332699814534,20.67069230769231,3.598360655737705,50.73253846153846,3,2
60da8bfa7eebe230b7d66ac4082d79b3,3,7.333333333333333,0.3333333333333333,283.06869457783756,12.89,4.333333333333333,28.866666666666664,2,1
610f72e407cdd7caaa2f8167b0163fd8,16,12.0,0.11764705882352941,197.97146786451327,49.66411764705882,3.7058823529411766,799.1270588235294,1,0
612170e34b97004b3ba37eae81836b4c,107,10.49090909090909,0.01818181818181818,1065.9125131180647,20.973272727272725,4.427272727272728,209.68200000000002,12,2
612a743d294c27884fb7b80d2b19ba35,2,8.0,0.0,336.8185539096747,34.81666666666667,4.333333333333333,1019.2333333333335,2,1
615005a3ef192c00c6f0e977cee3d2bc,10,13.0,0.18181818181818182,553.9045282399115,14.149090909090908,3.909090909090909,26.045454545454547,1,1
615c3462099ffa940d37b17dfda19594,2,7.5,0.0,208.35191267482878,16.025,5.0,114.5,1,1
6179a28a13a726c29b3bf54c070dccab,2,25.0,0.0,1958.7316932719968,43.120000000000005,3.0,300.0,1,0
6187a137b2af59dfdbad8d9f8c373c14,2,13.0,0.0,345.55575063270663,15.11,3.0,37.4,1,1
61b18775be84fb700a6b2d0ba097bf66,4,11.6,0.0,496.18782907104276,20.302,4.6,66.9,1,1
61c36f0fc4a47f9532e5512b66668e62,1,12.0,0.0,109.10960173077424,17.69,1.0,750.0,1,0
620c87c171fb2a6dd6e8bb4dec959fc6,740,12.426376440460947,0.09475032010243278,550.6563720399962,17.71329573934837,4.214285714285714,143.82769423558898,2,2
6219ba2359cfb97f2e38fd4c321eb309,6,23.4,0.6,439.2155503352995,17.175,3.4,81.25,1,0
6235903333ba7de1928c869e268e5964,1,4.0,0.0,600.5472624571952,41.42,5.0,94.06,1,1
623ad9d0c1e14bb5464a8c72bff7b4af,1,24.0,0.0,724.3723412184279,38.96,4.0,95.0,1,0
624f4ece8da4aafb77699233d480f8ef,53,13.018518518518519,0.07407407407407407,706.640000152965,31.31581818181818,4.185185185185185,167.36363636363637,2,2
626ab1cd96932367f0eeec2e47046c12,3,6.666666666666667,0.0,972.5292197875723,26.823333333333334,4.666666666666667,436.6666666666667,2,1
62760d278921b5f352461620d68a9cee,3,19.333333333333332,0.3333333333333333,332.9358107014736,17.7,3.6666666666666665,132.33333333333334,1,1
6288c69c4ce638e59925e59193f98b16,22,9.05,0.05,500.769422345503,13.918181818181818,3.9545454545454546,204.83090909090907,4,2
62c50c1af4dfdc4149d25c5222043d39,14,13.0,0.0,641.2787779483812,16.332105263157896,3.263157894736842,146.61684210526317,5,2
62de60d81c55c29d76a6bce418b31cef,1,16.0,0.0,1434.5858227360025,23.87,4.0,103.0,1,0
630008e0f062605a415d694489f6f82e,2,17.0,0.0,168.31395620453375,10.116666666666667,3.0,35.050000000000004,1,1
63191ead8d3b2f937cd1996fdcbbad20,1,11.0,0.0,1900.8266974833311,53.29,5.0,367.0,1,0
63272377184e969942f7fff221be858d,2,11.5,0.0,228.4300347672795,33.265,5.0,74.85,1,1
6338ea67c41078a46ad99cc009654956,37,12.659090909090908,0.0,994.3164931711837,21.00681818181818,4.609756097560975,51.95659090909091,1,1
633ecdf879b94b5337cca303328e4a25,6,25.333333333333332,0.6666666666666666,515.6826845809319,14.648333333333333,1.8,172.93333333333337,1,0
634964b17796e64304cadf1ad3050fb7,268,14.077399380804954,0.09597523219814241,682.0558444620842,18.268190184049082,3.8584615384615386,121.0585889570552,11,2
63704069d9bd3a75c1cf59babe56004a,1,18.0,1.0,59.069970788438795,7.39,1.0,59.3,1,0
638cba8be1fb599bbb76fd6948351eb3,17,8.136363636363637,0.0,309.70901204431846,12.141153846153847,4.615384615384615,23.007692307692306,2,1
63a79f5a7eb5cb48a7e5787b141c7993,11,5.909090909090909,0.0,443.26565092516574,18.257272727272724,4.545454545454546,74.10000000000001,2,1
63b464dbf392c7b80d12d932fa7cafed,37,12.81578947368421,0.05263157894736842,254.5247126721646,22.596153846153847,3.6923076923076925,173.87179487179486,1,2
63b9ae557efed31d1f7687917d248a8d,5,15.714285714285714,0.0,698.824100223624,14.687142857142858,4.428571428571429,19.928571428571427,2,1
63ffcb71394dd8ea3872ed9ffda17c74,17,12.764705882352942,0.058823529411764705,499.09393719807946,15.571764705882355,3.176470588235294,23.470588235294116,2,1
640e21a7d01df7614a3b4923e990d40c,116,9.992647058823529,0.0661764705882353,486.39580282709215,17.85576642335766,4.262773722627737,55.46627737226277,1,2
6426d21aca402a131fc0a5d0960a3c90,23,10.434782608695652,0.043478260869565216,644.312278144032,16.703478260869566,4.173913043478261,52.593043478260874,4,2
643214e62b870443ccbe55ab29a4dccf,66,9.045454545454545,0.13636363636363635,543.3933719277891,13.671323529411765,4.426470588235294,48.09014705882353,2,2
643c01d7c56a724bec0454f4780e8a3e,2,9.5,0.0,524.6252231516821,20.55,4.5,102.775,1,1
6481e96574816ead57975da2c0f6d80d,32,6.767441860465116,0.023255813953488372,238.66276012154836,23.62697674418605,4.1395348837209305,77.3232558139535,5,2
64c9a1db4e73e19aaafd3286dc448c96,1,9.0,0.0,814.3417000393646,43.6,5.0,439.0,1,1
64cc804291f90c81f02bfc2bb58ff55a,2,14.5,0.0,676.5425408027647,23.27,5.0,258.8,1,1
651530bf5c607240ccdd89a30c9c9712,1,11.0,0.0,977.2607742329984,24.55,4.0,199.9,1,1
651fe66032c9520ee5587f694908040d,7,6.428571428571429,0.0,991.7135096930245,18.389999999999997,4.0,66.28571428571429,2,1
6524b847b982cd56bb5d4b02b776ee42,1,42.0,1.0,704.6444650497349,27.57,4.0,389.9,1,0
6548c2550b6e2d8f18053216e1c7b6f3,3,6.2,0.0,351.0297835158949,13.970000000000002,5.0,43.54,1,1
655220df33262c7e0c4949a147366f94,13,11.733333333333333,0.13333333333333333,579.5034728892148,45.43533333333333,4.2,149.66666666666666,2,1
6560211a19b47992c3666cc44a7e94c0,1854,9.058617234468938,0.06212424849699399,597.1357425913718,13.753536645351696,3.9066534260178747,60.65166256763404,7,2
6561d6bf844e464b4019442692b40e02,1,1.0,0.0,24.00098406466362,7.55,5.0,41.9,1,1
6562efe88ce0826a4ca4f189f03b4b84,9,15.2,0.1,560.1497627903843,14.300476190476191,3.9523809523809526,54.09047619047618,1,1
656591be56071d4c9ef4e5fee78a578a,7,13.909090909090908,0.2727272727272727,195.42170520330666,29.018181818181816,4.636363636363637,154.72727272727272,1,1
657969cca82e884d272385ec0ef06edd,3,7.333333333333333,0.0,773.2700283942696,17.286666666666665,4.666666666666667,46.56666666666667,1,1
659e8466eb3ff1b0e8740d74fb7bbedd,11,9.285714285714286,0.0,988.9734834190796,28.085714285714285,4.5,106.2,1,1
65a7c0788e4d632ccb5e1b594b87f0bb,3,11.222222222222221,0.0,266.22331795691485,13.046666666666667,4.111111111111111,29.633333333333333,1,1
65b081a070633e057c462abdd6fb9dd8,19,11.25,0.0,608.6167178640219,22.079,4.35,94.2545,1,1
65c255b299faf2d12050937cc219c46c,2,6.5,0.0,6.513619480945868,10.94,4.5,44.1,1,1
65febd49fd28ec955651299159b1f527,35,6.605263157894737,0.05263157894736842,337.18496300164986,24.536,4.225,107.99249999999999,1,1
6601ee6383e7f452be71929f8de48bbb,2,14.0,0.0,271.62117032748625,14.17,4.0,76.8,1,1
6614814a00d344b846ae209f95ee7e3f,1,4.0,0.0,234.45211775029867,12.69,1.0,13.0,1,1
661ad5fcc28cdfb8bcadb12bb2272475,4,13.0,0.0,497.87622149148785,17.111428571428572,5.0,29.99,1,1
6624bc09786f0e41ae48dfc5eeb1a9e2,1,15.0,0.0,776.4969168646309,17.47,5.0,89.54,1,1
6650fcccd8cd2f7e55ffa524f30c4c59,3,7.5,0.0,399.78935379679024,55.333333333333336,2.6666666666666665,176.5666666666667,1,1
668bf321538e5072858eaef6087ce027,1,4.0,0.0,3.5595477041819006,8.11,5.0,19.9,1,1
66922902710d126a0e7d26b0e3805106,151,10.961290322580645,0.07096774193548387,622.680864946388,20.633141025641027,4.451612903225806,92.06602564102563,1,2
669ae81880e08f269a64487cfb287169,162,11.497297297297298,0.03783783783783784,683.9767174878591,18.13220430107527,4.135135135135135,71.23048387096775,3,2
66dc1b1632bd6a3e508510c5b3492107,37,10.0,0.024390243902439025,636.1140804802078,17.330238095238094,3.4285714285714284,88.60452380952381,7,2
66e0557ecc2b4dbea057e93f215f68d8,31,31.3,0.26666666666666666,554.8053630188138,16.0641935483871,3.935483870967742,402.5806451612903,1,0
66fd84ee7528c0c0de85d0f44a73d5ab,11,14.285714285714286,0.047619047619047616,1171.1186500359431,21.58047619047619,2.9047619047619047,68.48142857142857,2,1
670a9dda115b5a88b18cfadee8de2332,11,11.727272727272727,0.0,570.2267056364018,16.644545454545455,4.454545454545454,83.53636363636365,3,1
670c26e0f1bf8d0576271d5cfaec6d2b,78,13.255813953488373,0.046511627906976744,753.2904034777425,19.471609195402298,4.310344827586207,72.89195402298851,2,2
671585f5a2af58b6e276bc01003c0d2b,27,5.148148148148148,0.0,521.427608700261,16.596666666666668,4.703703703703703,46.074074074074076,1,1
67225bff54a172ff67579aaf583efd78,8,13.125,0.125,672.2779057358143,19.388749999999998,4.5,154.75,1,1
674207551483fec113276b67b0d871ff,1,1.0,0.0,97.06912532615762,13.94,5.0,119.9,1,1
6750d71153f00fc58829af2a8ef1bcf1,6,9.0,0.0,750.3420388276644,18.75,4.166666666666667,585.6666666666666,1,1
67883baaae6134ee81b271a542613728,19,5.368421052631579,0.15789473684210525,450.8218502778691,17.269473684210528,4.105263157894737,429.8894736842105,2,1
679769a98cfcc6da877c8486ff1c13f3,21,9.095238095238095,0.0,703.593251432715,20.875714285714285,4.571428571428571,334.7142857142857,1,1
67bf6941ba2f1fa1d02c375766bc3e53,16,11.45,0.1,653.6294848227494,64.53090909090909,4.0,255.0,3,0
6806dad1da97bfb5a9038eac6881f706,10,12.785714285714286,0.07142857142857142,779.927189822346,21.875714285714285,4.071428571428571,105.5,4,2
681fce914360217db47784ae28905a96,23,12.333333333333334,0.125,709.027971451243,18.519583333333333,3.869565217391304,171.97208333333333,3,2
6824a69c9ea0313eba299dd4a2dba09a,6,4.0,0.0,255.05870721900064,16.740000000000002,4.714285714285714,95.27142857142857,3,1
685b870da5b52a710782c9c0fefbeb5b,2,39.5,1.0,360.8935492713906,21.99,2.0,313.5,1,0
6860153b69cc696d5dcfe1cdaaafcf62,74,9.773809523809524,0.08333333333333333,407.0328925264647,17.745238095238093,4.156626506024097,45.56702380952381,3,2
6861de0f40cacb0602e473c51639f980,5,13.25,0.125,718.532502458416,34.46625,2.625,84.25,1,0
686886775c8f6b1191c7b953fb52708c,1,3.0,0.0,97.75972545885183,13.62,5.0,189.0,1,1
6879c4d287a8dd06b11f54ea8f78e4da,6,6.333333333333333,0.0,389.4752930676134,24.91,4.333333333333333,87.945,3,1
688756f717c462a206ad854c5027a64a,83,10.353535353535353,0.09090909090909091,478.36822248818345,19.157524752475247,3.7755102040816326,59.074653465346536,5,2
68ca56ce86830f3d31b1b7ec6a54da3e,6,4.6,0.0,403.0273342031359,23.895,3.8333333333333335,119.93166666666667,4,1
68f86ba270525243e68ae74044f992b9,11,10.0,0.09090909090909091,770.0169652880926,16.234166666666667,4.25,73.04166666666667,1,1
6902157ee16728322d61a1321fa79e58,2,10.0,0.0,333.0146299181731,15.815000000000001,3.0,79.9,1,1
693660429f9dc4ff704eb3d88dad54d7,2,3.5,0.0,183.7022216847255,12.059999999999999,4.0,62.0,1,1
695051e2981c8b19e77cafe450d5bdf3,1,20.0,0.0,42.5901053434771,12.69,5.0,169.76,1,1
6973a06f484aacf400ece213dbf3d946,95,14.592592592592593,0.16666666666666666,269.17365323181076,11.857130434782608,3.5,95.74826086956521,1,2
698624c6632eeba1774924dbea24c700,1,6.0,0.0,500.18723149137605,15.23,5.0,19.9,1,1
6989574bd97d9773f10d232b6c07da59,7,10.285714285714286,0.0,392.61064877170503,45.871428571428574,4.857142857142857,354.0571428571428,2,1
698f5fa55a5f73d0740e9d9a773e8093,4,5.5,0.0,290.23245897095484,13.998333333333333,4.833333333333333,20.0,1,1
69a43819c758c65a5befb0b471c954d7,2,14.0,0.0,1765.6036352965232,33.63666666666666,4.0,99.95,1,0
69b5eaa096c3f9d1e5c398c597f567d6,2,6.0,0.0,459.27807365395313,24.51,5.0,469.0,1,1
6a0cbc8af2e8abd1bdfb777943d174c6,35,15.117647058823529,0.08823529411764706,566.2048811976346,21.296285714285716,4.0588235294117645,111.25857142857143,2,2
6a3139c7bf09ece22a4713d956acbe5e,1,3.0,0.0,267.4556550336112,14.74,5.0,61.9,1,1
6a38087bc8ad4f89ff453561005f6dea,15,11.636363636363637,0.0,725.7848648335926,24.905454545454543,4.409090909090909,83.33772727272728,2,1
6a51fc556dab5f766ced6fbc860bc613,26,14.709677419354838,0.06451612903225806,612.3209941047731,24.01757575757576,3.9393939393939394,229.62636363636364,5,2
6a53b90c3ad9e0b56d9fe5c69165fff5,2,11.0,0.0,256.1393362185171,13.75,3.5,34.945,2,1
6a8a889bde935bafa76d7848782dfaf9,26,7.166666666666667,0.06666666666666667,346.45637689356874,12.259999999999998,3.933333333333333,28.694,2,1
6a8b085f816a1f75f92dbac6eb545f8f,127,13.962406015037594,0.09022556390977443,664.1692684643373,16.13325925925926,4.118518518518519,44.58496296296296,1,2
6aa3928696eab49a19a466e665a649fd,18,7.681818181818182,0.045454545454545456,410.47779796648535,15.258181818181818,4.545454545454546,94.31818181818181,1,1
6b15924333bd1a741595fe981ea04822,21,7.285714285714286,0.09523809523809523,366.8156488632166,11.435238095238097,4.666666666666667,29.25333333333333,1,1
6b1c4d4d9ccf0be3d8544eb0e71e5318,1,12.0,0.0,838.137406981366,60.04,5.0,1699.0,1,0
6b243f80ed07b10f0e8aa0f21a205f3c,79,10.561797752808989,0.033707865168539325,640.4911060760792,17.385393258426966,4.022471910112359,70.33820224719102,1,2
6b2612338467c08c9b25f0cc55b1578d,1,16.0,0.0,443.82788209745473,20.97,4.0,92.9,1,1
6b333a05bf188ef3e1f1662a86bd9855,12,9.538461538461538,0.07692307692307693,510.3617643927065,43.38230769230769,4.384615384615385,306.9930769230769,6,2
6b3bd31ad8fcda4b2635ec9f3ff2ecdf,36,12.380952380952381,0.09523809523809523,539.829967055115,17.605116279069765,3.86046511627907,97.64883720930231,2,2
6b536a23086fba0d58c08d68814397f6,19,13.681818181818182,0.09090909090909091,653.1438077767646,16.050869565217393,3.9130434782608696,89.94782608695652,2,1
6b803197e03abd5056b4313306b4f29d,7,4.25,0.0,152.96379662746517,10.301666666666668,4.833333333333333,33.916666666666664,2,1
6b89abe95848c850399130d149a39b63,8,10.625,0.0,523.2443392980164,41.31625,4.375,141.9,1,1
6b90f847357d8981edd79a1eb1bf0acb,45,5.0212765957446805,0.0425531914893617,348.1841460845515,15.69468085106383,4.361702127659575,70.68255319148936,6,2
6b9b80d53ba3676eafe60268a810b5a1,10,11.444444444444445,0.0,685.135381331852,17.296,3.9,88.27000000000001,1,1
6ba4733aa33f6386e9fb0c0fd3993b38,3,12.0,0.0,781.4200197516396,20.03,4.666666666666667,49.93,2,1
6bb0724edf0b62fb91ac404873a97241,17,13.61111111111111,0.16666666666666666,494.9120160901566,42.41777777777778,4.5,202.94444444444446,1,1
6bb62a4912377c7bfe7cb17b406bc7e6,4,4.833333333333333,0.0,460.8076918754503,17.645,4.5,123.25333333333333,3,1
6bb66d9870c2e01c05655c7ed0e7ee13,3,7.666666666666667,0.0,962.6992372807541,17.34,3.6666666666666665,89.66666666666667,1,1
6bbcb8924baf70b7fe2fe2097e8cd407,10,11.0,0.0,756.1572845522453,24.029999999999998,4.545454545454546,216.5909090909091,2,1
6bcb2352a2a0c38b845f598298ab9d26,2,11.0,0.0,525.7074245703798,13.79,3.0,15.9,1,1
6bd503a8230299c9316fb0f726933927,4,9.8,0.2,407.98177071862705,25.919999999999998,4.6,64.85799999999999,2,1
6bd69102ab48df500790a8cecfc285c2,5,15.8,0.2,450.0484034080484,57.803999999999995,3.0,1614.0,1,0
6bef34c5be6f2bbd70aa5165f6df94b1,2,16.0,0.0,2455.4521590109207,66.44,2.0,599.0,1,0
6c12e40690c335dbc2f68a4134d30dc1,16,13.722222222222221,0.0,492.7908797247619,26.947777777777777,4.0625,507.73333333333335,3,2
6c177e38df6d3f34182b1f1d427231bf,55,13.87037037037037,0.037037037037037035,820.6827703330545,18.475714285714286,4.035714285714286,148.9623214285714,6,2
6c17baf138731a4aaacc3210adf2037b,4,7.0,0.0,412.8442294776576,17.984,5.0,107.75999999999999,1,1
6c1b6d0c604b776f844125f911eb7377,5,17.25,0.0,814.6257688190543,16.288,3.4,88.612,3,1
6c6cc59a5c00cacc5054ca06d65cc282,1,9.0,0.0,1342.2683931465883,148.71,5.0,1107.0,1,0
6c6e3d67f969468f3bfd33f827a31222,5,8.833333333333334,0.0,520.4929257138707,15.401666666666666,4.833333333333333,37.333333333333336,1,1
6c77cd583b36a13aacccf2b3ee23e233,1,6.0,0.0,362.26569797198704,12.79,5.0,18.9,1,1
6c7d50c24b3ccd2fd83b44d8bb34e073,114,11.634920634920634,0.015873015873015872,806.4223942074786,21.647265625,4.3858267716535435,67.96359375,2,2
6c9875b2f94ba781186f0c1aed8d1687,2,3.25,0.0,299.5353608731225,9.5125,5.0,6.25,1,1
6c99c983ce3b6ba0ab813e6790e81691,9,5.555555555555555,0.0,535.7677659235065,22.862222222222222,3.7777777777777777,60.75,2,1
6cd68b3ed6d59aaa9fece558ad360c0a,149,9.961783439490446,0.01910828025477707,631.2649927236645,16.113949044585986,4.445859872611465,71.26477707006369,5,2
6cf476a4ca74498db55cbccdaa9dcfb6,6,34.0,0.5,652.0266064724113,26.509999999999998,2.7142857142857144,134.2757142857143,2,0
6d04126aba80df143fd038e711b8fd96,1,37.0,1.0,1118.127459332157,18.87,1.0,89.99,1,0
6d1b9c9579132c87d2703ec38c30f2c5,4,9.0,0.0,577.554855573224,16.925,4.5,74.9225,2,1
6d22a1fcebb6dd08c9cd90b92a93e8d0,12,15.384615384615385,0.0,573.969823329331,17.13307692307692,4.3076923076923075,55.66923076923077,2,1
6d2f2e3b539480db1e0842b3a4e32e6e,3,4.833333333333333,0.0,58.1575397379553,28.05,4.333333333333333,50.99333333333333,1,1
6d66611d7c44cc30ce351abc49a68421,166,11.632183908045977,0.06896551724137931,561.6799319606366,18.528238636363636,3.913793103448276,77.23522727272727,6,2
6d7f8d9d594e28796b6b3205b00f459c,3,14.666666666666666,0.0,313.300849567227,19.703333333333333,3.6666666666666665,139.29999999999998,1,1
6d803cb79cc31c41c4c789a75933b3c7,58,12.469696969696969,0.06060606060606061,562.3372363252334,18.388939393939395,4.2727272727272725,131.9909090909091,1,2
6d988d6174a2c27441597174f8905515,19,18.82608695652174,0.08695652173913043,553.3756041291297,15.89,4.260869565217392,16.16217391304348,2,1
6da1992f915d77be95d7fa48b36904af,7,8.555555555555555,0.0,710.2320192295797,13.628888888888888,3.6666666666666665,29.0,1,1
6dc9bec584588412a6a338830946a3e4,2,21.0,0.0,1098.2221199784317,53.915,1.5,280.0,1,0
6dd7dce75cd55c1ce255dc38d9f0cd46,1,12.0,0.0,2218.0854224570694,21.33,4.0,75.0,1,0
6ddc28b61be28373b4503a1f61cf98a9,11,6.363636363636363,0.09090909090909091,365.5530155972347,15.19909090909091,4.181818181818182,157.53636363636363,2,1
6df688df543f90e9b38f4319e75a9d88,40,7.7272727272727275,0.0,476.5539599051658,13.992857142857144,4.517857142857143,34.82071428571429,2,1
6e0908ef4d4efadbc3cc2b74ea477cb0,8,10.636363636363637,0.09090909090909091,638.4800372641586,14.62090909090909,4.090909090909091,53.58636363636363,2,1
6e13dd869aa7185f601c941423abcc8f,5,4.166666666666667,0.0,323.6413522650779,12.68,4.833333333333333,87.0,1,1
6e1862e15f33d9994bc25922a85e1efc,8,3.25,0.0,339.31596321500393,10.53357142857143,4.666666666666667,52.32071428571429,2,1
6e386f64c84e482f0b9abf960797ee1b,30,9.862068965517242,0.10344827586206896,914.0278767533849,20.845333333333333,4.607142857142857,431.27666666666664,1,2
6e4a902d1054e4e17aa6eab87fac1c75,7,5.75,0.25,293.71400409262196,13.64125,4.25,73.32125,3,1
6e4f5ff6b086632ba8dcb558fb10249e,5,10.2,0.0,738.2628068791238,42.87,3.4,167.78,3,1
6e864f5c4669eff3d98140a07cc50202,13,9.538461538461538,0.07692307692307693,515.5521610487548,14.751538461538463,4.461538461538462,56.96846153846154,3,1
6eb94e1466490d327a09abf8f3552a50,10,7.777777777777778,0.1111111111111111,625.1612836113464,23.782,4.444444444444445,151.195,2,1
6ebf4eceee4dd9847201c82e77ef8123,1,15.0,0.0,1131.660529822995,22.13,5.0,59.9,1,1
6ec1a01e866584bb679eb9b098345919,31,14.290322580645162,0.22580645161290322,394.4836876142639,25.4640625,4.133333333333334,132.7784375,2,2
6edacfd9f9074789dad6d62ba7950b9c,208,8.550925925925926,0.05555555555555555,395.3126612312955,13.426940639269406,4.3577981651376145,60.032420091324205,15,2
6ee85be3693ed79a8e80718743d80655,9,28.6,0.4,548.4531878532592,13.139999999999999,1.9230769230769231,37.26923076923077,2,0
6eeed17989b0ae47c9f11ece6f38ea90,3,6.0,0.0,716.6288465034627,39.67,3.6666666666666665,185.66666666666666,1,1
6f1a1263039c76e68f40a8e536b1da6a,4,24.4,0.2,261.9329588211364,14.35,2.142857142857143,36.62714285714286,1,1
6f229cc508fc6915ed5c499efd93baa4,13,8.714285714285714,0.14285714285714285,655.2140442248162,23.84857142857143,4.428571428571429,189.62857142857143,1,1
6f835fd4be26989b1b064399da346143,2,6.5,0.0,347.2220347857062,15.725000000000001,5.0,98.9,1,1
6f83d9e4da896daae20b9b6b2d3ff8d2,11,14.636363636363637,0.0,606.5164943675591,19.986363636363635,4.363636363636363,69.56272727272727,2,1
6f892e20a171e98efe17fdb971ff319b,44,16.34,0.08,1046.7405438907695,17.059622641509435,3.730769230769231,121.48490566037738,3,2
6fa9202c10491e472dffd59a3e82b2a3,3,8.0,0.0,430.6261453365144,308.33666666666664,4.333333333333333,2338.08,1,0
6fc26fe110feebd80a433e1f012a84f9,35,10.958333333333334,0.06944444444444445,632.3439008297084,13.572083333333333,4.014705882352941,57.65097222222222,1,1
6fd52c528dcb38be2eea044946b811f8,67,20.642857142857142,0.10714285714285714,464.03566828807277,13.554285714285713,3.5,92.17880952380952,1,2
7008613ea464bad5cb9b83456e1e6a8f,127,13.631578947368421,0.039473684210526314,750.9754658793975,19.763141025641026,4.27741935483871,49.8525641025641,1,2
700f03c207639c22d933381ff60b35c2,4,29.5,0.5,515.3215876127518,34.1125,4.0,297.46500000000003,1,0
70125af26c2d6d4ef401a1d02ae7701f,5,10.25,0.5,627.5483234901809,32.3025,4.625,46.4,1,1
70126eecc6aa1274392a1743866e9678,3,5.0,0.0,304.1312855212762,15.780000000000001,5.0,32.46666666666666,2,1
701938c450705b8ae65fc923b70f35c7,75,11.963963963963964,0.05405405405405406,483.542173673398,34.0075,3.765765765765766,106.99357142857143,2,2
702835e4b785b67a084280efca355756,1,1.0,0.0,1.145083814360758,10.96,5.0,7.6,1,1
7040e82f899a04d1b434b795a43b4617,212,9.802690582959642,0.08968609865470852,502.6757205794746,14.113070175438597,3.528888888888889,42.71140350877193,10,2
70849ca4f400aaabb62cb7462a6f1428,12,10.333333333333334,0.16666666666666666,506.31892721948606,19.471666666666668,4.416666666666667,75.79833333333333,5,2
709e16e2b25c7474d980076c6bfc4806,60,10.0125,0.025,724.5351458086594,15.337,4.525,64.39874999999999,5,2
70a12e78e608ac31179aea7f8422044b,315,14.235294117647058,0.10835913312693499,629.2417629286657,17.09423780487805,3.7699386503067487,94.08088414634146,15,2
70b52a4cfc823994561b00bad161b4ed,8,12.0,0.0,108.49093949985311,10.035,4.5,58.5,1,1
70bf57d811208f8923b41bbd499a67a4,7,4.285714285714286,0.0,152.0823419421673,12.704285714285716,4.142857142857143,111.54285714285716,2,1
70c0fda4c313d87115644d39e62eec60,1,9.0,0.0,1160.3932264060886,37.09,5.0,25.99,1,1
70c27847eca8195c983ed7e798c56743,77,10.408163265306122,0.09183673469387756,435.8188081774344,14.812857142857144,4.204081632653061,123.24000000000001,1,2
70c4eedec9cb4a85cda2f3f9673557b4,2,7.0,0.0,217.51727746381482,16.375,5.0,239.9,1,1
70ee69419916dc13e3aed619061f996c,1,14.0,0.0,77.81814878423138,8.72,3.0,45.0,1,1
70eea00b476a314817cefde4aad4f89a,108,12.875,0.07142857142857142,610.2783331027555,24.294035087719298,4.348214285714286,280.6548245614035,6,2
70f7e8018e3d46c748c92f026aa2585a,1,7.0,0.0,582.3325442980137,18.94,5.0,119.9,1,1
70f84699be677ec988d1fa824aef7d90,5,17.0,0.0,1123.60496563171,23.228,4.6,317.65999999999997,1,0
71039d19d4303bf9054d69e9a9236699,35,12.921052631578947,0.2631578947368421,605.7554726342324,16.353947368421053,3.6842105263157894,93.08421052631579,3,2
710e3548e02bc1d2831dfc4f1b5b14d4,136,13.83941605839416,0.043795620437956206,702.4551037195254,27.29549295774648,3.397163120567376,168.86697183098593,9,2
71271995e85f5b8530be99ed54a91b89,8,12.0,0.16666666666666666,391.7606469777031,15.10375,2.5,97.0,1,1
712e6ed8aa4aa1fa65dab41fed5737e4,79,23.388235294117646,0.21176470588235294,1060.381873161495,79.18540229885058,3.453488372093023,457.64367816091954,1,0
712efd3b68f9686dc856b84abd0f21ae,1,7.0,0.0,550.9993493412044,17.16,4.0,139.0,1,1
7139dc5186aa238b006e066d8fbab2e4,22,13.708333333333334,0.125,436.3750457412307,22.330416666666665,4.086956521739131,71.33333333333333,3,2
713e3a23ca5e47786eb6f0d99f94cfac,4,9.75,0.0,721.1500946918376,21.7575,4.75,281.5,1,1
7142540dd4c91e2237acb7e911c4eba2,319,14.271341463414634,0.07926829268292683,776.7337572967072,20.89305135951662,4.036474164133739,112.91105740181268,2,2
714b9a1332840f257b49f476bea4e341,6,31.666666666666668,0.3333333333333333,1201.3468861213303,26.358333333333334,3.3333333333333335,249.99,1,0
71592660bbcb6a4664e97b6f8b68babc,6,11.0,0.0,932.3538865873181,24.767142857142858,4.428571428571429,289.59714285714284,4,1
71593c7413973a1e160057b80d4958f6,2,8.6,0.0,29.13275691457912,9.17,3.4,59.9,2,1
715bbd5ba4e6b74cb0d2f29eb45058b0,62,11.5,0.078125,386.74825540627694,19.8840625,4.46875,63.1765625,5,2
7178e1eaa97257d8b6d4b80efd77a025,1,7.0,0.0,112.6348377972391,16.81,5.0,167.9,1,1
7178f9f4dd81dcef02f62acdf8151e01,203,15.162790697674419,0.046511627906976744,814.5561796950637,20.409814814814816,4.032558139534884,171.62222222222223,14,2
717b78b0950b51ed00b1471d858b0edc,5,20.6,0.2,378.4970538458944,16.23,4.0,27.72,1,1
718539d38d07dd351c76db862760e2e2,37,7.534883720930233,0.0,457.88566023614874,14.645555555555555,4.333333333333333,29.30888888888889,3,2
71dc18fd8cbf5fd77f45dd8b427abb34,4,10.88888888888889,0.0,697.7222087018781,16.6,5.0,120.0,1,1
7202e2ba20579a9bd1acb29e61fe71f6,53,12.754716981132075,0.05660377358490566,836.7103751513885,21.193818181818184,3.8333333333333335,231.8272727272727,2,2
720e6cf846ea7572cbb66b743fb91e6c,1,16.0,0.0,653.8185947059358,14.55,5.0,54.0,1,1
7210cd29727d674c00741e5e387b3ccd,9,4.076923076923077,0.3076923076923077,40.792996084538444,11.160769230769231,3.6923076923076925,56.083846153846146,5,2
72146da5774cabf2632faedcae097a76,4,27.0,0.16666666666666666,728.7370048701277,18.415,4.333333333333333,33.49,2,1
7238a95bb63ef7e498389fb863b834a1,15,7.6,0.06666666666666667,562.0870594216117,37.96066666666666,4.733333333333333,151.04666666666665,3,1
7238f877570096ae403c51898fa64566,3,8.333333333333334,0.0,561.788576919208,16.506666666666664,5.0,400.0,1,1
723a46b89fd5c3ed78ccdf039e33ac63,1,7.0,0.0,1173.2012022451747,23.4,4.0,66.64,1,1
723cd880edaacdb998898b67c8f9da30,11,9.25,0.08333333333333333,482.7452706347585,34.425000000000004,4.166666666666667,178.04416666666665,2,1
72431a818f97fe6ab9c81eee3e297e54,1,12.0,0.0,614.2523123287087,19.49,5.0,229.9,1,1
725af026f869236a8dd0ceb98564d156,7,13.0,0.0,211.4484888120718,23.119999999999997,3.125,147.21375,1,1
725c32fa80c2faacc4fc88450d27314e,89,9.096774193548388,0.010752688172043012,527.2215717689807,14.277204301075269,4.538461538461538,84.28903225806452,2,2
7299e27ed73d2ad986de7f7c77d919fa,338,10.810055865921788,0.04748603351955307,667.4358545967292,18.990720221606647,4.421052631578948,96.1923268698061,13,2
729b2d09b2a0bdab221076327f13d050,49,11.783333333333333,0.06666666666666667,549.5218112849305,15.517213114754098,4.524590163934426,29.870655737704915,2,2
729f06993dac8e860d4f02d7088ca48a,96,10.336283185840708,0.09734513274336283,425.29413985463646,43.43104347826087,4.2894736842105265,178.1311304347826,2,2
72bc2cce903c872fe376a8faaa81d237,17,8.333333333333334,0.0,439.7513320859984,14.209444444444445,4.444444444444445,119.39999999999999,2,1
72c38a04bd6a1c3dbc5298425a0db86d,4,7.4,0.0,1179.3462302336607,22.669999999999998,3.8,129.45999999999998,3,1
72c5da29406b4234927b81855e7b64f6,31,10.258064516129032,0.03225806451612903,870.971102553353,27.541290322580643,4.129032258064516,380.6029032258065,2,2
72c73be2b085b9d57650dd53eb2004c9,1,17.0,0.0,1135.5500173835312,17.92,5.0,29.4,1,1
730937bf88cb151eb2eb849f642fc213,22,6.730769230769231,0.038461538461538464,621.578236433525,17.537307692307692,4.423076923076923,108.5076923076923,1,1
7315baebc0572ff220d226283dc66728,2,7.5,0.0,321.9843101543966,13.184999999999999,4.0,24.924999999999997,2,1
731ef20c231d9a7103a425e83fd91271,2,11.333333333333334,0.0,943.7793206587679,168.53333333333333,3.6666666666666665,564.0,1,0
734def04b237117a09321dd6d8f3f2a2,2,1.5,0.0,83.76359174214838,14.4,5.0,626.215,2,1
7354220fb240bde543b3c40c060d41e7,7,10.714285714285714,0.0,937.411330037023,23.59,4.571428571428571,96.0,3,1
7357b52d27cbaa90f81a96cbc1279396,12,9.416666666666666,0.08333333333333333,494.61238275311456,18.150833333333335,4.333333333333333,110.66833333333334,2,1
739c7d7be81f63812dea0d1b1451c651,2,17.0,0.0,893.6336283269775,35.9,4.0,38.75,1,1
73a63f72308aa20a46f4b1632018f196,29,10.857142857142858,0.0,550.4928860352636,28.755853658536587,4.05,234.3121951219512,4,2
73b8eb4a9a729d4019b24ed1be748cbf,8,3.5714285714285716,0.0,295.15152878765093,13.19625,4.375,86.55125,2,1
73da1880b39c71de2b262bc7720c1494,2,8.0,0.0,264.34996234024476,23.495,5.0,199.0,1,1
740205fedfe4e90ca6857bc77db0f2b4,1,3.0,0.0,776.7057531097105,21.93,5.0,229.9,1,1
7402d13c03a7e91366337cd1de471144,4,9.333333333333334,0.0,426.7010620206741,32.7975,3.5,132.095,2,1
741f8c587cb4248ebc5b779a0e8e0e51,5,12.6,0.2,377.48253139174994,13.538,4.0,17.990000000000002,4,1
744dac408745240a2c2528fb1b6028f3,79,10.662650602409638,0.012048192771084338,914.0053423876802,22.55261904761905,4.5476190476190474,267.74523809523805,4,2
74636e24f01da9268b0ed88dacd8513e,4,12.75,0.25,1127.9547970259848,68.1525,4.0,194.0,2,0
747c1cdcd1737dcfbd1547f6eb6f2cf3,2,15.0,0.0,721.8130772912223,14.635,2.5,96.55,1,1
747e73c01a4593d4cf60dcf970fd2689,3,10.333333333333334,0.0,2038.3116938159105,41.25666666666667,4.333333333333333,739.3299999999999,1,0
74871d19219c7d518d0090283e03c137,6,3.4285714285714284,0.0,100.38850244092694,12.552857142857144,5.0,78.57714285714285,3,1
7494d0dcba8551df6cf37f1b905dc2f7,1,6.0,0.0,343.74965115239604,17.07,3.0,45.9,1,1
749e7cdabbaf72f16677859e27874ba5,1,11.0,0.0,324.77826722658193,19.84,1.0,41.9,1,1
74a9b9bddf14ece02beb81f52c41a88d,2,11.5,0.0,1052.616215708092,11.03,3.5,47.5,2,1
74bafed391319577bce6f4d2acc0589a,3,6.333333333333333,0.0,568.0099601999924,79.24333333333333,2.6666666666666665,615.6666666666666,2,0
74c7dec0a384d8a05950e629bd23bde9,5,11.0,0.0,251.51893036613237,12.239999999999998,3.6,37.536,2,1
750303a20e9c56b2a6bc45cdce0b897d,54,13.160714285714286,0.03571428571428571,907.5866564776193,22.979122807017543,4.280701754385965,141.8421052631579,7,2
751bdc4d83a466c7206cd42e8f426b03,54,10.661764705882353,0.014705882352941176,638.0336233099097,14.856478873239436,3.6231884057971016,93.6469014084507,3,2
751e274377499a8503fd6243ad9c56f6,1,1.0,0.0,95.63048528338014,8.92,5.0,109.0,1,1
75745ef7bc7d4f3ea3380f6f5303f514,3,5.333333333333333,0.0,891.5133829037819,16.30666666666667,5.0,76.13333333333334,2,1
7586919161935337bf6b6d7ff5779648,11,15.5,0.1111111111111111,524.3205080953024,18.345555555555556,3.1666666666666665,92.48388888888888,2,1
75a4764c108403a7a0575140cb22287c,5,9.777777777777779,0.0,1174.8942248107887,23.35,4.777777777777778,79.65555555555555,2,1
75d34ebb1bd0bd7dde40dd507b8169c3,62,15.582089552238806,0.14925373134328357,1081.4103957377692,19.878194444444446,3.8194444444444446,209.0038888888889,4,2
75fbb52eda0cbc24f479d3b2fbfa8d3e,40,13.463414634146341,0.04878048780487805,939.169735349921,21.942325581395348,4.404761904761905,26.302093023255814,1,1
75fdd0a732287f9497b179f6bd445d32,1,10.0,0.0,475.2657042111744,16.18,5.0,59.9,1,1
761681a821d8275bc79f552116d06869,3,7.666666666666667,0.0,1117.0870322601434,53.326666666666675,5.0,118.30666666666667,2,1
762ed976527cddf02787edba70fffa2a,3,7.25,0.0,537.2363678603758,15.079999999999998,2.25,44.95,2,1
762fafdaa57a532ee0119731697579dd,5,3.6,0.0,70.89263495327934,10.834,5.0,41.339999999999996,2,1
76623fde66e6b63b59440fd34160512d,3,3.0,0.0,22.040843409379487,7.78,4.0,21.8,1,1
7681ef142fd2c19048da7430856b5588,59,9.881578947368421,0.11842105263157894,549.1863848748549,37.87168831168831,4.12,414.82870129870133,7,2
76833248bbc0e65a0293ec62023e4396,2,18.5,0.0,227.3821044595413,115.35,5.0,1199.99,1,0
768a86e36ad6aae3d03ee3c6433d61df,17,4.588235294117647,0.17647058823529413,183.2139654013071,10.602352941176472,4.647058823529412,34.5564705882353,2,1
768de2a4fc06aacecb9a586ccc30746a,14,14.384615384615385,0.0,818.5586997761475,16.995,4.428571428571429,33.97142857142857,2,1
76c47a299e4a8fe992316a85865acbe9,6,15.0,0.2,569.8627473330428,22.188,4.8,102.446,1,1
76d336555bb25f3165d2f0d6da719c40,2,11.0,0.0,98.46974644744719,11.815,2.0,165.0,1,1
76d5af76d0271110f9af36c92573f765,131,11.04516129032258,0.08387096774193549,454.3007979009753,25.660125786163523,4.082278481012659,210.4503144654088,7,2
76d64c4aca3a7baf218bf93ef7fa768d,64,10.231884057971014,0.028985507246376812,641.1264718795229,51.35492753623189,4.130434782608695,245.09855072463768,5,2
76de363de16dacc923eec8daf91df504,2,13.0,0.0,758.2495229897256,25.21,2.5,180.0,2,1
76ea5315acb3f5f7ade3cd261faf922a,15,8.2,0.06666666666666667,464.7978987067591,14.934666666666667,4.266666666666667,72.47066666666666,7,2
77128dec4bec4878c37ab7d6169d6f26,1,11.0,0.0,1.345618588440558,8.72,5.0,6.5,1,1
7722b1df1b0e383e000397b2c11e3e19,134,8.13888888888889,0.027777777777777776,422.7179193737348,14.284206896551725,4.222222222222222,48.92475862068966,9,2
77530e9772f57a62c906e1c21538ab82,320,14.608923884514436,0.11548556430446194,733.9120285510619,21.73159383033419,4.0490956072351425,119.82107969151672,2,2
77714512e8d4dda9c234da8e3faf16e4,4,12.333333333333334,0.0,1079.168495031651,17.596666666666668,4.0,40.56666666666666,2,1
777a0c55737f34ffeb78010f7542ab41,6,3.8333333333333335,0.0,487.87423132688247,12.638333333333334,4.333333333333333,75.41666666666667,2,1
778323240ce2830d68aab11794e00bfb,3,10.333333333333334,0.0,803.7357616800105,17.483333333333334,4.333333333333333,63.326666666666675,1,1
77a515caa36327151d1cc6c32a9f00e1,26,9.884615384615385,0.11538461538461539,440.32471553497993,15.238076923076923,4.423076923076923,85.28423076923076,1,1
77e4abfd739aed9c46480f90f81c0eb4,18,9.61111111111111,0.0,779.7619001394767,19.734444444444442,4.777777777777778,207.61055555555555,4,2
77fccaae319668a8ab6cd0fd16aec48c,11,8.5,0.0,463.39596152498893,18.453333333333333,4.333333333333333,138.91666666666666,3,1
7813ea3ebd9411dc600b4dd01f7a97b9,9,12.666666666666666,0.1111111111111111,871.0785643214343,16.287777777777777,3.888888888888889,177.7111111111111,2,1
7816cd9c5b1238e320545f5bf7eb80e8,1,10.0,0.0,86.39411297173491,22.76,4.0,489.0,1,1
781a66c0d89e30814d49fe8b5e14cd07,1,33.0,1.0,428.2691957951086,21.3,1.0,115.0,1,0
782f78b632a43875dd5b53e3e49c9564,2,9.0,0.0,581.2459668857833,13.853333333333333,3.6666666666666665,48.669999999999995,1,1
784ba75dd9d20200c4caed3d7a77141a,21,12.909090909090908,0.09090909090909091,498.03396374797313,26.242499999999996,3.5833333333333335,345.63041666666663,4,2
78744a20ee2f80ba64f6804c25def2b8,6,18.5,0.16666666666666666,2278.085374710446,58.975,4.166666666666667,452.5,1,0
78813699ffac347fe27dba345a5f1551,1,9.0,0.0,1087.681269737673,48.12,5.0,152.42,1,1
788e857f317e53de488d393e65a80f45,11,6.909090909090909,0.0,349.66832854582003,16.813636363636366,4.909090909090909,110.0,1,1
788f22bafdd7ab0e1e79f19db72f16a4,2,3.0,0.0,473.07164373732263,13.120000000000001,4.5,62.900000000000006,2,1
78a4d36f65a019172c6154468831a69f,7,15.0,0.14285714285714285,886.0638295827905,31.914285714285715,4.285714285714286,220.78571428571428,1,0
78ba5933c21686d1c2f64669c8c459e7,2,6.0,0.0,51.733435864530676,10.385000000000002,4.0,95.9,2,1
78c99c6dff4eeae5be99bf635ed21e3f,31,13.564102564102564,0.1282051282051282,765.3154212946262,17.048461538461538,4.333333333333333,52.073846153846155,1,1
78ef7e885d17f35e2382a47aae8b8cce,3,8.333333333333334,0.0,1016.3674177304592,21.813333333333333,4.666666666666667,129.33333333333334,1,1
7901646fdd36a55f564ffaf2dbccaaf7,22,9.37037037037037,0.14814814814814814,291.61153409883894,23.02777777777778,4.444444444444445,439.1511111111111,2,2
791cfcfe22fe4a771ece27f90017da92,2,28.0,1.0,1110.6438242230147,28.745,1.5,298.13,1,0
79565f7d5603b24ddf07ade262547f2f,8,12.714285714285714,0.2857142857142857,484.6782933399081,13.633750000000001,4.0,48.125,3,1
7957cac1a02f45d0a4a7e45626382ec2,1,26.0,0.0,705.544607778623,21.64,4.0,343.0,1,0
7963e546f34e098b578f9ad102494601,1,18.0,0.0,1940.9165993302831,21.23,5.0,60.99,1,0
7994081388d55b9cf976c050653dd359,2,12.0,0.0,350.1331932259318,14.941666666666668,1.6666666666666667,170.0,1,1
7994b065a7ffb14e71c6312cf87b9de2,5,8.285714285714286,0.0,548.6876176169625,20.62,5.0,64.71428571428571,2,1
79a679c36c08d606b3fd47ead9de109b,3,9.714285714285714,0.14285714285714285,316.0120365455012,19.602857142857143,2.7142857142857144,133.57142857142858,1,1
79b93a308a97792cf53ac75f46da00b5,1,22.0,0.0,1208.0743378717852,16.14,5.0,99.9,1,1
79ebd9a61bac3eaf882805ed4ecfa12a,136,14.82857142857143,0.05714285714285714,844.5872765843577,28.05839160839161,4.006993006993007,105.54398601398601,1,2
79ed755314cfe6df0daef2c6cd3022cd,23,8.8,0.0,626.3632868855257,18.366400000000002,4.695652173913044,156.3,3,2
7a241947449cc45dbfda4f9d0798d9d0,62,12.212121212121213,0.06060606060606061,396.5159549973,27.645416666666666,3.5774647887323945,111.4948611111111,3,2
7a2d2949aea47fab95fd98d6c9f618b1,11,10.583333333333334,0.0,590.4669836905198,17.603333333333335,4.25,136.5825,2,1
7a425d299613df3e613bcf9d2eaf5c49,18,11.38888888888889,0.05555555555555555,685.9649207512531,15.926111111111112,4.111111111111111,67.71111111111111,1,1
7a67c85e85bb2ce8582c35f2203ad736,1160,10.692640692640692,0.05887445887445888,621.6859668049296,17.850426985482493,4.235800344234079,121.04656703672075,2,2
7a704e63bb29c446869efde5d57524c8,1,7.0,0.0,705.9401767651214,15.41,5.0,94.49,1,1
7a91bf945c6fae0779f1c61ce97fe45c,5,43.5,0.25,786.7128503081137,16.514,3.8,159.9,1,0
7a9c12e235c36247c3c81f50d6ea9cea,5,12.2,0.0,1493.7187469182518,23.137999999999998,4.6,196.78,1,1
7aa4334be125fcdd2ba64b3180029f14,217,15.514767932489452,0.1350210970464135,543.129501084366,18.202166666666667,4.054621848739496,67.64504166666667,4,2
7aa538dd6e114e503a2e6154ea352253,5,8.6,0.0,364.7253532739287,20.384,4.4,203.336,2,1
7ab0dd5487bab2dc835337b244f689fb,1,5.0,0.0,51.239729315724325,10.96,5.0,12.5,1,1
7ad32824caee82087b3e2e5f33b1bf32,151,11.0,0.12777777777777777,461.86681603593,19.2675,3.7679558011049723,122.31032608695651,1,2
7ad41305e96a6cab8294cd65891e9a86,2,11.0,0.0,530.2760321938389,28.8,5.0,90.0,1,1
7adbd3210a7b3cc2235e225eef33574d,3,9.666666666666666,0.0,1471.9255268680233,24.319999999999997,4.666666666666667,43.96666666666667,1,1
7ade73f1b9b4e965f9009a4c3a7e2c15,27,9.11111111111111,0.0,452.7940218216199,16.3525,4.777777777777778,67.15357142857144,6,2
7b07b3c7487f0ea825fc6df75abd658b,93,9.03125,0.041666666666666664,461.74632930448115,13.701938775510204,4.336734693877551,99.3045918367347,2,2
7b0df942f46435babab05d49b744b2c4,32,10.625,0.09375,448.54834961524705,21.0046875,4.387096774193548,706.2696875,2,2
7b1222c3624aa89b9558b50a2594188c,22,17.272727272727273,0.13636363636363635,851.023612343748,20.798636363636362,4.454545454545454,459.2509090909091,3,2
7b3447b497e55af8c15fc7bd89d7b81a,1,13.0,0.0,2121.9540433870443,20.75,5.0,49.9,1,1
7b3f6ce5c6c22e9b96e7581ebf0df6e1,1,10.0,0.0,90.01266959292059,12.69,3.0,29.8,1,1
7b7ed56ae755e2880f2b69632e839c1e,5,7.0,0.2,759.8184878415781,27.02,4.2,64.3,1,1
7b7f91e98f8c6def45a1407923304402,11,13.142857142857142,0.07142857142857142,641.9906763685187,14.501428571428571,3.5,29.819285714285716,3,1
7b8e8ec35bad4b0ef7e3963650b0a87b,5,21.4,0.2,469.3047372508137,74.404,4.8,448.85599999999994,2,0
7b98de631987e26dd6d803490c43a13c,8,10.125,0.0,612.4221548710057,18.05375,4.625,79.275,2,1
7bac63f6603d382cc8d0832eb6c100a8,19,15.31578947368421,0.15789473684210525,548.0258095987645,19.086842105263155,4.0,407.9973684210526,4,2
7bb8fac2913a6064ec412e583c6d8b4d,1,4.0,0.0,594.0761802219962,16.52,5.0,109.0,1,1
7bcd7c5f8631701474db233ccf1c094b,11,13.625,0.125,775.3717675858007,17.721818181818183,3.6363636363636362,60.54545454545455,3,1
7c1fea10b5b006671d608b1d7c446ec4,14,15.714285714285714,0.07142857142857142,733.2853685364087,16.010714285714286,4.0,30.257142857142856,4,2
7c4402417d51474d4d0cda9557340e40,1,7.0,0.0,33.41433272787301,27.69,5.0,119.9,1,1
7c4618c82226628831613e95e9c22f44,13,10.615384615384615,0.15384615384615385,431.47631382098905,12.733846153846153,4.076923076923077,25.686923076923073,1,1
7c462184585ae80bd6e5774c62ce50f2,1,16.0,1.0,20.286601217772308,8.82,3.0,30.0,1,0
7c4adcc13272c0e26fa23aac642adb7b,2,16.5,0.5,557.5411505602929,15.315000000000001,3.0,67.5,1,0
7c51de0ab286204ce75ff42bf7c10d92,4,9.5,0.0,995.1770498283347,37.41,4.5,189.75,1,1
7c5b05cbdb5542049f38d90d7815b97d,22,7.3478260869565215,0.043478260869565216,428.36846304354,12.770833333333334,4.416666666666667,43.29,1,1
7c67e1448b00f6e969d365cea6b010ab,982,21.945387453874538,0.0959409594095941,545.9537196775713,37.83911290322581,3.34070796460177,137.7741129032258,6,2
7c9130f5f3729edd32aa059141d92484,3,7.0,0.0,438.9344151817478,16.7875,3.75,31.5,1,1
7caa63f175b1cecbfaadd8b5ab9998c7,2,2.0,0.0,112.4205919804327,10.265,2.0,19.9,1,1
7cb946b1ad19faebe28c3e86c2794ec3,1,18.0,0.0,415.0798363710092,15.1,5.0,25.0,1,1
7cf4ea70955b00d6b3c22542598e2715,1,7.0,0.0,327.7462019826586,14.91,5.0,189.9,1,1
7d13fca15225358621be4086e1eb0964,565,15.22416812609457,0.1190893169877408,621.9820544268398,14.934342560553631,4.001742160278746,196.58991349480968,7,2
7d294cf9a6a69dc6a0c3e540fff0e039,5,8.4,0.0,620.3998502963933,38.826,4.4,51.45,1,1
7d456afc660226829370f3173d14520c,56,8.640449438202246,0.056179775280898875,462.3038798423356,16.69912087912088,4.274725274725275,91.62912087912088,5,2
7d484ca289afaac6bf5fc6a1e96d2226,2,12.0,0.5,718.510873563284,32.61,4.0,91.6,1,0
7d76b645482be4a332374e8223836592,176,12.814207650273223,0.1092896174863388,627.2076714502572,13.837486631016043,3.9297297297297296,20.555775401069518,2,2
7d7866a99a8656a42c7ff6352a433410,5,4.6,0.0,345.766398481908,11.898,4.4,29.577999999999996,3,1
7d7d2b7a51328016102d4528c411d630,7,9.857142857142858,0.14285714285714285,512.3420666645362,25.72142857142857,4.142857142857143,131.25714285714284,2,1
7d81e74a4755b552267cd5e081563028,1,2.0,0.0,78.55828019181664,7.49,4.0,32.5,1,1
7d948535954aaf8c5d39db007f74372e,4,5.25,0.0,177.3194654073745,10.95,3.75,48.5,2,1
7daca0837f033a41a6f3428c18657533,7,13.857142857142858,0.2857142857142857,520.466602289763,24.02285714285714,3.5714285714285716,175.56857142857143,1,0
7dc8c42cc750eeafea6c85712ffee9bf,41,8.08,0.04,379.61478983073675,20.7082,4.26,128.1936,8,2
7dc9a3355bae96dd82008b313d3a456c,1,12.0,0.0,447.9506750841058,50.62,5.0,899.0,1,0
7ddcbb64b5bc1ef36ca8c151f6ec77df,334,12.215568862275449,0.08383233532934131,609.6561725846211,23.168279883381924,3.9058823529411764,162.0366472303207,9,2
7dea6f73af847b42cc3985bd620f994d,2,5.0,0.0,1083.8679422583073,28.085,4.0,162.0,1,1
7df1fc11cc5cbc518b39faa60cf5d67c,5,7.4,0.0,957.5087054719725,26.872000000000003,4.2,207.51999999999998,1,1
7e1fb0a3ebfb01ffb3a7dae98bf3238d,159,15.14792899408284,0.13609467455621302,776.7163049502251,17.163218390804598,4.133720930232558,157.1812068965517,2,2
7e26c750b4cb9f6766f58265ff9ebe95,23,9.0,0.0,529.9706408921608,14.402962962962963,4.407407407407407,49.788888888888884,2,1
7e3f87d16fb353f408d467e74fbd8014,92,12.182795698924732,0.11827956989247312,753.840470826152,15.305425531914894,4.127659574468085,50.585,6,2
7e79d65b5c6f1f544b7daea036acf720,4,8.5,0.0,595.4490985538298,15.5225,4.5,129.45,1,1
7e93a43ef30c4f03f38b393420bc753a,336,10.832298136645962,0.055900621118012424,659.5830149326786,18.59464705882353,4.206489675516224,518.9172647058823,8,2
7ea5bfa6c340f58f8e71fc1f0412b0d6,98,12.343137254901961,0.06862745098039216,607.2059710175112,15.971057692307692,4.077669902912621,105.79701923076922,3,2
7ecd59e5e20407131822c1a68ac59c1f,24,17.17241379310345,0.13793103448275862,968.6880156978375,20.269310344827588,4.482758620689655,50.576206896551724,1,1
7ecef8194babfec876ca720714327841,7,8.75,0.125,287.37664385246154,15.47,4.25,123.8125,3,1
7f02656561b680def9986c0795a8a080,2,14.0,0.0,210.30824433115433,13.915,3.0,42.0,1,1
7f152321c60a266edc53af1925ef96c1,20,23.1,0.3,1238.4788289944665,27.606,3.8,195.99,1,0
7f2617c58d5d06806987308b45654351,22,11.73913043478261,0.08695652173913043,817.9434943823387,14.194347826086958,3.869565217391304,158.9913043478261,1,1
7f35f9daf223da737b78738fbae4d977,5,7.4,0.0,837.6259874072514,20.202,4.0,50.4,2,1
7f40d06aa0b5f1aa4f41af8c0480e2ef,6,3.6666666666666665,0.16666666666666666,330.02938598860896,20.946666666666665,4.833333333333333,218.32333333333335,2,1
7f5e4d5efad7e44b91115dd1decb65f3,3,5.111111111111111,0.0,157.28179004551754,8.602222222222222,5.0,19.98888888888889,1,1
7f7b8245c336066a1f9933c359f11d77,38,7.395348837209302,0.023255813953488372,261.1288738003214,12.462093023255814,4.558139534883721,48.70604651162791,8,2
7fc87cc3e89b3d1d5cabdca32f8485aa,14,19.357142857142858,0.2857142857142857,212.98938556737312,48.708571428571425,3.5714285714285716,153.85,3,0
7fdb0720c8d7c9075538b365dc8c3a22,9,17.1,0.1,731.1082627758394,48.431,2.4,180.4,3,0
7fe21dd00d2f4943ae09525efa2fd674,4,7.0,0.0,728.509901127647,14.34,3.0,74.9,2,1
7ff588a03c2aeae4fbd23f9ae64b760d,14,4.5625,0.0,487.214282481284,13.82375,4.6875,73.8875,1,1
800214c63934acd05d47e84214db8ba8,4,11.333333333333334,0.0,578.4133213101318,15.435,5.0,64.9,2,1
804287717b9156fb7a787acd9af4fac1,1,9.0,0.0,515.3942997417487,15.1,5.0,18.8,1,1
8060d731897e33b5c5ae575ce1e209e1,5,7.6,0.0,471.43344633258084,18.29,4.8,39.9,1,1
808d4348b916efa08e766ebad39f61eb,21,7.6,0.05,604.4742303402829,13.515238095238095,4.428571428571429,34.81428571428572,1,1
8090490573c6c0aa343a7231ebcb8c86,26,9.653846153846153,0.07692307692307693,674.7963376892719,16.419615384615387,4.1923076923076925,148.88923076923078,4,2
809413606dbfe5deefd2db646693ef67,3,7.4,0.0,170.84372540617156,10.074,4.2,39.336,1,1
80cfd480be3eb6d6267139f5cb793555,1,14.0,0.0,2345.425804860295,26.44,4.0,99.9,1,0
80e6699fe29150b372a0c8a1ebf7dcc8,98,11.03061224489796,0.04081632653061224,755.2383336293659,27.1334,4.292929292929293,114.4156,4,2
80f2cf9abf6b5a0e5c612b5eea6646e6,7,10.166666666666666,0.16666666666666666,717.6113732642298,41.24285714285714,4.428571428571429,109.44000000000001,2,1
8132b9bd16876e1b0f8808d43825dd48,2,16.0,0.0,487.90955441648856,13.68,2.3333333333333335,242.63333333333333,1,1
813348c996469b40f2e028d5429d3495,179,9.712820512820512,0.046153846153846156,402.1023205733898,17.795049504950494,4.0,55.47440594059406,1,2
81336a0f57a33776419727a300249e90,16,17.055555555555557,0.2222222222222222,382.5380027667658,15.580526315789472,3.6842105263157894,72.36052631578949,2,1
8160255418d5aaa7dbdc9f4c64ebda44,385,16.36556603773585,0.1792452830188679,567.053661013246,18.222296983758703,3.8309859154929575,109.08976798143853,4,2
817245bcc3badd82bbd222e0366951a6,29,10.590909090909092,0.022727272727272728,592.6835489494489,16.057333333333336,4.073170731707317,124.0111111111111,1,1
81783131d2a97c8d44d406a4be81b5d9,13,6.777777777777778,0.1111111111111111,443.9804684651702,13.002666666666666,3.4285714285714284,118.836,3,1
817f85dbb65aa3e70831d90fe75cdf89,11,17.636363636363637,0.0,584.9133773352322,21.05636363636364,4.545454545454546,141.11545454545455,2,1
8185694b58b2ba6de20fd41ae608bbea,8,10.5,0.0,402.84322466080124,28.783749999999998,4.5,171.5375,2,1
818d28f936e791926d33bcb6ee94ef79,5,12.5,0.0,875.8955896142322,15.440000000000001,4.0,27.9,1,1
81a1104df0f08b59c68aa5b03cfe398e,73,12.375,0.05555555555555555,793.6868276427972,24.854657534246574,4.267605633802817,129.05315068493152,1,2
81ed90f07c0bacb7594940ba2ef676aa,2,15.5,0.0,379.53741542824264,16.78,4.5,111.95,1,1
81f89e42267213cb94da7ddc301651da,46,7.3076923076923075,0.0,557.8033391406667,14.734230769230768,3.5384615384615383,76.0576923076923,3,2
820c7c9eaf76d2b226b6c242bcf3f34d,1,17.0,0.0,443.436285306774,18.0,4.0,559.0,1,1
820cc752a266cdc6c1a1e61dd4583330,15,13.466666666666667,0.13333333333333333,604.8074347134279,18.398000000000003,4.133333333333334,186.85333333333332,3,2
821fb029fc6e495ca4f08a35d51e53a5,28,15.96,0.36,785.1290740008599,53.54586206896551,3.4285714285714284,661.635172413793,4,0
822166ed1e47908f7cfb49946d03c726,69,13.453703703703704,0.009259259259259259,538.1647349656919,16.862222222222222,3.9245283018867925,34.396574074074074,3,2
822b63912576852aea9a8436d72317b7,8,21.0,0.0,600.7956063483666,21.264444444444443,4.0,545.0766666666667,1,0
822bad9bc42b51213ba522fe87b7ab5d,18,26.166666666666668,0.2777777777777778,1130.084101718454,29.296666666666667,4.111111111111111,286.6666666666667,4,0
827f8f69dfa529c561901c4f2e0f332f,91,12.73076923076923,0.08653846153846154,548.5770421032782,15.34201923076923,4.254901960784314,32.77298076923077,7,2
82921991ff5b557b045605b8bbf08d49,1,4.0,0.0,774.3927307536185,18.23,5.0,18.9,1,1
82bd0703a4aefd6b599e5bfdaed378fb,21,11.652173913043478,0.043478260869565216,671.6205998928839,16.356666666666666,3.7083333333333335,112.17833333333334,4,2
82cb9f452fe8334df74b22d37824b431,14,8.666666666666666,0.0,636.594953610314,17.614444444444445,4.722222222222222,46.56666666666667,3,1
82e0a475a88cc9595229d8029273f045,42,14.810126582278482,0.06329113924050633,752.7398852954844,18.57375,3.4625,136.62525,2,2
830379336fad8c6f3b15a4a3ddb5c66e,2,6.0,0.0,174.59429843118696,42.595,4.5,67.0,1,1
83353a83fd769dfafa4f21a72b15e3e5,5,17.8,0.2,375.1931640502959,18.966,3.8,115.9,1,1
834f3294fba9f932f56edc879193f925,66,13.878787878787879,0.06060606060606061,759.8283615013884,65.15030303030304,4.545454545454546,604.6590909090909,2,0
834f8533b2ecb6598dd004ff3de7203a,43,14.688888888888888,0.17777777777777778,435.9447876223344,20.38340425531915,3.723404255319149,96.55936170212766,5,2
835f0f7810c76831d6c7d24c7a646d4d,44,18.041666666666668,0.3125,789.5500800077021,19.2806,3.3,102.6,2,2
83645b1645cdee8953ee54c29ceed564,14,10.0,0.0,938.5094403963321,19.014285714285712,4.428571428571429,69.92142857142856,3,1
8378eb36b6b70c5734e83ad7b8cdc3b7,7,19.692307692307693,0.23076923076923078,452.40100074993217,18.605384615384615,3.769230769230769,131.90769230769232,2,1
83a75eea11694e36e56dd0cb2240229a,3,3.6666666666666665,0.0,374.6488750719016,14.156666666666666,5.0,162.33333333333334,1,1
83b08de96980757220871b31bf6cffca,5,12.857142857142858,0.2857142857142857,1200.2906779828734,64.88714285714285,4.285714285714286,186.31,1,0
83c465a786b06574376909b35ef6752a,3,4.666666666666667,0.0,283.97908028990713,16.353333333333335,5.0,93.8,1,1
83c8aafbefb034674a70de0eac5b8954,2,4.5,0.0,995.5779159607179,25.485,5.0,67.45,1,1
83deb69e889cf80f82be1dc6d5f2d486,40,15.261904761904763,0.047619047619047616,859.7886908024798,21.753333333333334,4.357142857142857,127.6907142857143,1,2
83e197e95a1bbabc8c75e883ed016c47,47,10.092592592592593,0.018518518518518517,614.5626469672806,17.934,4.745454545454545,121.70345454545455,2,2
83f2b4881141ce3fcd4e985125d3279e,3,17.666666666666668,0.3333333333333333,361.3411122442294,13.56,5.0,20.233333333333334,1,1
8444e55c1f13cd5c179851e5ca5ebd00,99,20.784313725490197,0.10784313725490197,449.75334630961805,19.064770642201836,3.073394495412844,209.8459633027523,12,2
845e8036c3f7bf62099352f5ed910240,21,7.75,0.0,476.6607397389932,19.19333333333333,3.8333333333333335,66.025,2,1
8476243f92442881ddd5b578975cf115,12,16.833333333333332,0.08333333333333333,1023.8479957026042,22.919166666666666,4.083333333333333,653.1666666666666,3,0
84c945f15571830c1a91a33978e94009,2,9.0,0.0,447.08842300222216,13.030000000000001,4.5,25.99,1,1
84deb808079d1be601c209c1e771b1cc,2,7.0,0.0,179.12389509421604,11.605,5.0,17.465,1,1
85044848b1b767db2a4a58526adef4b4,4,8.5,0.0,855.8136489000859,16.2275,3.25,60.150000000000006,3,1
850857dfac77488c307e2b1cbd84ab5a,1,2.0,0.0,281.6039077975227,39.72,5.0,1599.0,1,1
850913d59ce317156b00f3705f1c3edb,32,13.066666666666666,0.16666666666666666,417.7235101857815,17.087058823529414,3.3529411764705883,79.11764705882354,2,2
850f4f8af5ea87287ac68de36e29107f,187,9.732984293193716,0.06282722513089005,531.4502161283691,16.220885416666665,4.287234042553192,236.22583333333333,4,2
851773c885feb5e2da3b4f82bc2b17ce,10,16.2,0.2,972.2882356346543,25.183,4.2,58.529999999999994,1,1
855668e0971d4dfd7bef1b6a4133b41b,312,15.72347266881029,0.1382636655948553,493.5560318263603,23.844648318042815,3.717391304347826,98.49590214067278,3,2
8581055ce74af1daba164fdbd55a40de,387,12.34037558685446,0.09859154929577464,454.24149795640113,22.204597701149424,4.225806451612903,149.2535632183908,1,2
85cc55e048b6bcc90c75afe7f0e72f72,9,12.555555555555555,0.2222222222222222,467.85267233015134,21.497777777777777,4.444444444444445,34.25333333333333,5,2
85d9eb9ddc5d00ca9336a2219c97bb13,509,14.267578125,0.03515625,717.8631327686167,16.50256704980843,4.167630057803469,29.531111111111112,6,2
85e7c62c1d6ea078c3897424f867a7c8,2,7.0,0.0,329.0211226330301,13.85,4.5,30.0,1,1
85ecf03781da592876b7844acc1b729f,2,15.0,0.5,1536.4823259719974,21.95,4.5,125.5,1,0
8602a61d680a10a82cceeeda0d99ea3d,17,7.2631578947368425,0.05263157894736842,422.6188135350144,13.311052631578947,4.473684210526316,43.52578947368421,1,1
8603f0038fe0e52fedd3382d266723de,10,20.9,0.0,375.74161785635124,49.012,4.4,235.5,5,2
8629a7efec1aab257e58cda559f03ba7,1,59.0,1.0,928.7260147316813,18.89,1.0,45.22,1,0
8629c241b3622ac12cd4118afdc8d394,13,14.692307692307692,0.07692307692307693,843.9885695066951,25.720000000000002,4.076923076923077,89.82000000000001,3,2
863d2ebcd347ce4922de7a0f9a5581d6,18,11.166666666666666,0.16666666666666666,678.735282354479,16.25315789473684,3.9473684210526314,72.7557894736842,1,1
8648b1e89e9b349e32d3741b30ec737e,95,8.79,0.1,413.6310089983267,14.597087378640778,4.029126213592233,72.25776699029126,4,2
866558b3bccef2dbc6d29a2b5995016f,5,12.0,0.0,518.2637505065627,58.55833333333334,4.666666666666667,253.23333333333332,2,1
86bb7c4b535e49a541baf3266b1c95b1,16,19.8125,0.1875,687.8509508033225,20.30125,3.2,510.15,1,0
86bf77bdb52e615674772d5817c6212f,4,6.8,0.0,685.1353702818194,19.516,4.8,56.36,2,1
86ccac0b835037332a596a33b6949ee1,180,11.413461538461538,0.028846153846153848,608.7883616826873,18.89842857142857,4.0047846889952154,79.14252380952381,3,2
86ff3eaef0267069cc891a2ed9d10a17,7,8.428571428571429,0.0,759.3834754584389,20.087142857142858,4.714285714285714,58.535714285714285,2,1
87142160b41353c4e5fca2360caf6f92,305,10.330383480825958,0.05604719764011799,974.0459404923968,21.293008849557523,4.3609467455621305,91.72855457227139,8,2
8759e7aedd644f487315e5860962f162,3,32.666666666666664,0.3333333333333333,1055.845506667715,55.446666666666665,3.6666666666666665,209.0,1,0
876182d1918783bbe15233febfbd4926,3,8.666666666666666,0.0,241.00733746714423,11.576666666666668,4.0,40.089999999999996,2,1
87b4428a334b8f676fd9a7f3bf544fb5,1,6.0,0.0,384.81961143549705,18.99,5.0,29.99,1,1
87b740daf17b5d1be335a64164ec6842,13,17.636363636363637,0.09090909090909091,477.6998184581192,114.03923076923077,3.3076923076923075,1130.7592307692307,1,0
87d30a6a0cbf89356e49324971ab1d24,17,10.764705882352942,0.058823529411764705,323.9701348852327,12.692941176470589,4.352941176470588,125.53705882352942,1,1
87d3c3aeb3ead335511b3ce315eb341e,15,6.133333333333334,0.06666666666666667,391.69333234093017,14.247333333333334,3.5,49.95666666666666,2,1
87d73636a3acf123e842bb890a4db036,1,13.0,0.0,492.75957305087564,43.71,5.0,269.9,1,1
87e24fc7052259b1f7f607d61c10d8be,8,15.0,0.14285714285714285,1077.1847599379946,29.54625,3.5,934.18625,3,0
87f3e35268860433e13d577825aada95,3,51.0,0.0,279.2858353529718,13.926666666666668,1.0,53.9,1,0
880ce4951cf857ab1d9e0b75c1d856f4,1,15.0,0.0,908.6698468349092,18.82,5.0,178.9,1,1
883dd81e82754ac2c65e9790a7db8c9a,5,6.6,0.0,463.0127817942359,14.992,4.4,63.9,2,1
88460e8ebdecbfecb5f9601833981930,248,17.81,0.19666666666666666,679.9615877474395,16.544867549668876,3.3488372093023258,104.4587748344371,1,2
888faa8bfb0b159c37de6d898b961c31,19,7.869565217391305,0.0,722.6338287147511,22.900000000000002,3.869565217391304,105.14347826086956,8,2
889009a0ed0bb52c87819941192931b8,1,12.0,0.0,2329.8663599243323,33.08,4.0,89.9,1,0
88ae906ea2acf6971f26c3e8b7cb4357,3,14.666666666666666,0.3333333333333333,632.9295501375182,14.003333333333332,3.3333333333333335,82.0,1,1
88cd3681e0a2ba85e190f7d817629c4c,1,7.0,0.0,571.4517101048634,19.36,4.0,180.0,1,1
88cf19ec1fc2c58f161aee259d57142c,14,6.071428571428571,0.0,348.91785414261807,16.765,4.5,98.06928571428571,3,1
88ef59b51bdaa941d10a853429f2b6ce,2,6.0,0.0,535.5498941843292,20.9,2.0,126.45,1,1
891071be6ba827b591264c90c2ae8a63,92,12.7,0.16666666666666666,500.1887769808563,13.031326530612244,3.704081632653061,42.625306122448976,10,2
8931a84a914b3fe9b1ddaa4d704947ca,29,12.53125,0.15625,394.45996781650075,13.2684375,3.774193548387097,145.884375,1,1
8936ba0de1073ee888cb3185ae5dc661,1,13.0,0.0,308.9576364820889,22.22,5.0,389.99,1,1
897060da8b9a21f655304d50fd935913,317,14.394673123486683,0.12106537530266344,547.6491271983266,15.961744186046513,3.3943661971830985,53.544,4,2
89757206b887aed36f3e18d858460fea,2,9.0,0.0,1335.6400933213133,27.82,5.0,60.25,1,1
89a51f50b8095ea78d5768f34c13a76f,10,7.181818181818182,0.0,543.4919945082069,16.099999999999998,4.7272727272727275,61.559999999999995,1,1
89ad3263c0931c47f976d7c5778e60f6,6,6.0,0.0,550.300860968537,21.923333333333332,4.166666666666667,94.7,1,1
89bc797e2e29667aa035d4368f9b7f92,17,14.473684210526315,0.15789473684210525,275.9443045934664,12.6075,3.75,20.365000000000002,1,1
89c127985a8b130cfa45c1d36764017a,7,10.5,0.0,813.8666380124947,17.232857142857142,3.0,202.7957142857143,5,2
89d9a386b0b6e5fc8403071b03f7206a,2,13.0,0.0,457.2730292695652,13.65,3.4,33.4,1,1
89dda63a3c907c468ec88c310ed91213,2,25.0,0.0,1530.9508055943443,21.07,3.0,367.495,1,0
89de2d6f23e9746ff309705b23581faa,8,9.125,0.0,692.7412629953064,20.01,2.7142857142857144,42.5,1,1
89f69225956f951295ca4c7fb1266553,11,9.25,0.08333333333333333,691.096864239376,23.117500000000003,4.333333333333333,86.77499999999999,5,2
8a130737016f838139d31878787a39c9,56,9.758064516129032,0.06451612903225806,357.49819889491374,13.585322580645162,4.354838709677419,68.09725806451613,2,2
8a1ff5c35f6595a73fef4c7b96e4908a,2,10.0,0.0,587.5716711650132,142.39999999999998,5.0,799.0,1,0
8a207b6080964f3c1fc9d35bd6096ba4,2,21.333333333333332,0.3333333333333333,900.3082336586511,58.78,5.0,184.5666666666667,2,0
8a2d12a90e92f012ce5226fc6592b653,18,8.833333333333334,0.0,612.158649348376,18.831666666666667,4.588235294117647,88.59166666666665,2,1
8a32e327fe2c1b3511609d81aaf9f042,132,8.603550295857989,0.05917159763313609,336.1849810480078,13.127944444444445,3.7752808988764044,35.716722222222224,2,2
8a40ae794fa3f9892cee24bd5af0488b,6,27.5,0.3333333333333333,2253.1478264697876,34.401666666666664,3.1666666666666665,123.30833333333334,3,0
8a43128d7f9a3db592b866e6861a6cce,3,6.0,0.0,300.6722342536193,16.9725,2.0,247.64999999999998,3,1
8a432f4e5b471f8da497d7dc517666e2,95,7.452830188679245,0.0660377358490566,666.5540029559929,18.53877358490566,4.201923076923077,71.27358490566037,3,2
8a87611c08849ffeeccab52aa798b6c7,13,8.333333333333334,0.0,673.8507753133374,34.66571428571429,2.642857142857143,169.27142857142857,4,2
8a8835a43bda99fd37310ad76c457510,2,6.0,0.0,261.79310595499373,11.4,4.333333333333333,74.78,1,1
8a9260f2b0340411d6d2a56bcf4f7378,8,8.666666666666666,0.1111111111111111,474.5804597157055,15.66,4.777777777777778,139.55555555555554,4,1
8ab42aa58097fd4668d60cc648225d5f,20,10.692307692307692,0.0,755.8267438751229,22.83230769230769,4.153846153846154,100.64423076923077,2,1
8ae520247981aa06bc94abddf5f46d34,65,10.492307692307692,0.015384615384615385,667.8883363198847,22.236153846153844,4.446153846153846,251.09215384615385,4,2
8b11118053756a9a2932f447e11fc1b5,1,11.0,0.0,253.96420281366085,11.17,3.0,79.99,1,1
8b181ee5518df84f18f4e1a43fe07923,1,14.0,0.0,1230.1068174273585,27.08,5.0,27.9,1,1
8b2492b7ff4468839593fafeed55bad9,29,14.622222222222222,0.1111111111111111,494.0838675041237,15.026222222222222,3.888888888888889,81.3351111111111,1,1
8b28d096634035667e8263d57ba3368c,143,13.874172185430464,0.13245033112582782,505.4623546210137,16.719032258064516,3.861842105263158,60.4883870967742,14,2
8b2d4ab22f42c5cfc338b846decfda60,6,12.0,0.0,577.782418481018,20.59111111111111,4.777777777777778,50.888888888888886,2,1
8b321bb669392f5163d04c59e235e066,943,12.172139303482586,0.10248756218905472,576.739617345399,13.9060510805501,3.995069033530572,17.225628683693515,11,2
8b655f0855926bcb49f5835d38dfddf6,5,5.0,0.2,188.09674513709177,14.662,4.8,217.9,1,1
8b87cd0d43d49b9bdf40f56229364d59,5,14.5,0.0,594.6466449263387,60.2,2.6,310.58000000000004,2,0
8b8cfc8305aa441e4239358c9f6f2485,15,12.066666666666666,0.13333333333333333,627.2812724610325,81.24666666666667,4.2,792.8,2,0
8b9d6eec4a7eb7d0f9d579ce0b38324d,49,9.596153846153847,0.15384615384615385,478.6020300374435,31.78188679245283,4.056603773584905,79.85924528301886,2,2
8bb48dc19fccaa8613b6229bf7f452a2,82,10.76842105263158,0.021052631578947368,648.8083473256255,19.55157894736842,4.336842105263158,44.11284210526316,4,2
8bd0e3abda539b9479c4b44a691be1ec,7,22.416666666666668,0.3333333333333333,743.2913702968809,19.13769230769231,1.6923076923076923,45.888461538461534,1,0
8bd0f31cf0a614c658f6763bd02dea69,33,9.542857142857143,0.02857142857142857,441.0885499806226,27.65657142857143,4.205882352941177,127.29542857142857,3,2
8bdd8e3fd58bafa48af76b2c5fd71974,11,10.0,0.1111111111111111,541.3961996517182,17.33909090909091,4.545454545454546,211.34727272727275,1,1
8c0de775f52fe41590b376a3b7c50f68,9,5.75,0.0,598.9052226813913,15.036666666666665,3.888888888888889,74.74444444444445,1,1
8c16d1f32a54d92897cc437244442e1b,108,10.508474576271187,0.01694915254237288,637.0831027297867,17.898898305084746,4.327586206896552,47.81864406779661,8,2
8c351ed7c326c62123318f4f3246e906,2,9.5,0.0,312.9797416423883,17.88,5.0,57.45,1,1
8c3b533c63cca56240f94f1e3a6b18ef,5,48.6,0.8,707.8557985270502,123.70125,1.3333333333333333,414.02,2,0
8c5e007d7bd5693fa1386ffefbc99f6c,9,11.5,0.0,1120.55650203633,15.762500000000001,4.166666666666667,42.87958333333333,1,1
8c91bfea4263b8fba54081460693e2a1,2,11.5,0.0,918.7683479744119,23.375,5.0,369.5,1,1
8c9348f33ae3dada25c99c99ade2af78,2,9.5,0.0,1017.1829411378804,25.97,5.0,156.495,2,1
8ca1551acf9832a4cf467bbbac15851f,11,15.25,0.16666666666666666,750.0930712710527,22.21166666666667,3.6666666666666665,181.36666666666667,3,2
8ca5b19e0263150d2c57afdde2b3d011,3,4.75,0.0,185.35122078910092,11.02,4.75,45.150000000000006,2,1
8cb7c5ddf41f4d506eba76e9a4702a25,2,16.0,0.0,479.75257068989094,22.185,3.0,69.0,1,1
8cbac7e12637ed9cffa18c7875207478,67,13.11111111111111,0.04938271604938271,606.8243703100912,20.285,4.146341463414634,36.47536585365854,4,2
8cc6a0e5738e61a87b03c78b2ba9db4b,24,16.125,0.08333333333333333,612.4909278145723,20.223846153846157,4.153846153846154,512.0153846153846,7,2
8ccf3cf69651cc1d8a02c8bfaf3b8568,2,25.0,0.5,1519.3133137023115,19.314999999999998,3.5,125.0,1,0
8cf21434553b02cbd37c0bbd07e041b0,2,11.0,0.0,757.2511036085743,33.575,2.5,47.49,1,1
8d46553a36e68f95350a200c12f8f2e2,13,16.818181818181817,0.0,461.37935017820547,13.9375,3.125,46.6625,2,1
8d79c8a04e42d722a75097ce5cbcf2ef,27,19.11111111111111,0.14814814814814814,1566.0703040718743,27.05142857142857,4.464285714285714,99.20428571428572,1,0
8d899e15a5925f097cca50faa49b15e3,4,6.8,0.6,170.92070913336062,15.098000000000003,2.5,64.5,2,1
8d92f3ea807b89465643c219455e7369,3,41.875,0.875,946.9692464191454,16.44625,1.0,15.15,2,0
8d956fec2e4337affcb520f56fd8cbfd,211,8.832599118942731,0.09691629955947137,572.0785139577915,14.59627192982456,4.18859649122807,48.312236842105264,13,2
8daab2245ebdc277c51098d01c5ad8ef,16,9.5625,0.0625,558.8526305402047,17.753125,4.625,100.286875,4,2
8dd386be0767c330276ea6a3f96532d3,1,10.0,0.0,1397.0560296929991,22.25,5.0,44.99,1,1
8de8fe3af4449ed695d2434c933ed73e,1,10.0,0.0,2148.6179691144675,65.35,5.0,2090.0,1,0
8def3db7f272735afb2ecd03aeca09a7,2,2.0,0.0,436.8578316039005,16.82,5.0,98.0,1,1
8dfbc5ff27df12f6cef751d3b9554222,4,9.75,0.0,570.9846443268302,22.53,4.5,56.5,1,1
8e29d051f810eb22959ede205b462b9f,2,31.5,0.5,699.6314648991481,106.74000000000001,4.0,299.9,1,0
8e2b3afb420011ef0c88c9d5f11ea526,11,10.181818181818182,0.09090909090909091,239.79342948903692,13.44818181818182,4.2727272727272725,125.86363636363636,2,1
8e34331b7eedd03be4e5d965c1956225,5,13.6,0.2,580.9821616326159,13.088,4.8,29.0,1,1
8e4f041ff58e7845456d3482524014b3,2,23.5,0.5,2016.0210266810993,24.295,3.0,66.9,1,0
8e670472e453ba34a379331513d6aab1,1,86.0,1.0,1824.7732655290886,108.96,1.0,975.0,1,0
8e6cc767478edae941d9bd9eb778d77a,106,15.972222222222221,0.07407407407407407,694.2489296846168,20.042368421052632,3.892857142857143,59.91736842105263,2,2
8e6d7754bc7e0f22c96d255ebda59eba,85,13.565891472868216,0.12403100775193798,355.6848473622694,13.194153846153846,2.976923076923077,111.51746153846155,1,2
8e8a7ce9f2f970dc00e2acf6f6e199f6,65,11.8125,0.09375,689.946196029495,17.936666666666667,4.015384615384615,137.8939393939394,1,2
8ea394aed8138685abe1eb9f25e1021d,2,11.0,0.0,438.67962037446586,38.8,4.0,670.0,1,1
8eb88b0acb3f90a717ad659221471fa7,2,12.0,0.0,817.7835922317588,20.435,4.5,59.9,1,1
8ec76bb0965af3f007692b26fa9d6623,1,11.0,0.0,623.5782384868031,29.75,5.0,1999.0,1,1
8ed8ea9a57c862f2c18c2fe41f601d56,19,8.263157894736842,0.0,622.8245375542243,38.47736842105263,4.473684210526316,201.67894736842106,2,1
8f0fbe2cd4d472157dc1cdef6edecaa9,2,7.0,0.0,336.6944306189032,11.44,3.0,35.94,2,1
8f119a0aee85c0c8fc534629734e94fd,77,9.481481481481481,0.06172839506172839,375.4150689897069,13.16590361445783,4.216867469879518,44.984096385542166,8,2
8f2b51a30523cdecddc2f179f351c7d6,7,12.375,0.0,648.4045358611752,18.541249999999998,3.875,128.4875,1,1
8f2ce03f928b567e3d56181ae20ae952,153,13.970930232558139,0.14534883720930233,697.8693828291503,21.926342857142856,4.063218390804598,124.07371428571429,1,2
8f54d64f28a993550aa7943f12572959,15,13.375,0.0625,757.5177957824899,23.60125,3.8125,172.21875,1,1
8f580d36c1e9d6fbce95283403c7d447,8,11.875,0.125,360.4283269723287,22.51875,4.375,601.65625,1,1
8f78f0903005064036736c7173a5c2ed,13,17.952380952380953,0.047619047619047616,463.76285392173884,30.107142857142858,3.4761904761904763,100.65238095238097,4,2
8fb67a334bacec338885b4e9e1708073,1,8.0,0.0,729.9708991111029,38.52,5.0,59.9,1,1
8fb791022c1fc8909664f48ab7dc636d,5,5.0,0.0,400.5176875159127,72.67999999999999,4.2,1623.99,1,0
8fbd63429be6d3e5e6d1a709b6464802,6,8.0,0.0,567.0521766974251,22.44625,4.625,132.675,1,1
8fbe2ee446b97e128471be4ce983dc0d,3,7.666666666666667,0.3333333333333333,375.71860643071386,13.333333333333334,3.0,49.5,1,1
8fd3b4468f6425810648177996c14cbd,1,9.0,0.0,546.075939145054,21.67,5.0,354.9,1,1
8fdca8e349553f99bc738833a62c8802,22,9.793103448275861,0.034482758620689655,502.9072487177296,13.133793103448276,4.357142857142857,34.115172413793104,3,1
8fe8786ee000001ab51d030dfd4a7bf1,5,15.6,0.0,958.5328062680252,40.288,4.6,451.0,1,0
8fec2e460530482132c436cfb5439925,3,32.0,0.6,444.264423217935,16.03,3.8,93.692,1,0
8ff1a9df749e454105c55cda13e79143,13,11.857142857142858,0.0,572.74066633874,19.800714285714285,3.727272727272727,100.04285714285716,5,2
8ff38bc3969e67c36c48343a07090f66,2,16.5,0.0,852.9696299141883,48.445,2.5,434.0,1,0
8fff28c4263ddec387f28d237fb42773,4,7.75,0.0,559.3851510908423,13.713333333333333,3.6666666666666665,56.56666666666666,2,1
900ba814c251a692506d7834c1218441,88,12.081395348837209,0.13953488372093023,447.64340472803065,26.911931818181817,4.188235294117647,330.6782954545455,1,2
901b460cdce0c64e471230d7f2f9f3a3,5,15.0,0.0,1160.3714300384022,21.712,4.4,380.8,2,0
902c99f1ac505c0d18778b61bcd636f7,4,4.666666666666667,0.0,267.5096282814013,25.04,4.0,39.49,2,1
903037660cf848a717166eb7a06d616e,45,11.101694915254237,0.15254237288135594,478.34642004497704,18.196166666666667,3.7666666666666666,133.19183333333334,4,2
90b36c5aeb728d5504a39f435bef0c5f,5,11.5,0.0,455.03508936081045,18.91,3.2857142857142856,29.694285714285712,3,1
90b57083da5d803237da74daec6dcb2b,2,7.5,0.0,467.37182063093275,17.155,5.0,103.45,2,1
910a922b426b7ff95eaee129ad6c0e1f,2,14.5,0.0,512.1013822138549,15.58,5.0,59.9,1,1
913fd0ebba70bb919f7254a02239173c,1,13.0,0.0,476.2115574649691,19.22,1.0,159.9,1,0
9140bd1d9de28b197dce077bdd687438,6,4.75,0.0,172.78839026833998,23.0075,4.125,157.35875,1,1
9140ef75cc8211c4035935e80e567204,1,12.0,0.0,1488.9729249857608,22.28,5.0,49.9,1,1
91543f9849d68d023e17194926598543,4,10.666666666666666,0.0,2116.4412808270104,44.428333333333335,4.333333333333333,139.0,1,0
916748bc99315c2d202898ae58b1617e,25,9.875,0.0,314.7412293997753,11.7846875,4.34375,11.543750000000001,3,1
916c9de0b5ad957346eeeb12f332687e,23,7.7407407407407405,0.0,615.1238877416287,17.62607142857143,4.392857142857143,195.72321428571428,1,1
918717417d88a9f9ae9735567e6c7682,4,7.75,0.0,261.36564116520015,10.88,5.0,86.42500000000001,3,1
918f6fbcf3ab724d805867303e593a1b,2,5.333333333333333,0.0,70.17965019710165,10.96,4.333333333333333,26.566666666666663,2,1
9198786624eaeb375793215cad26cfa6,9,11.777777777777779,0.0,399.836555109781,21.006999999999998,3.9,90.83000000000001,3,1
91f0eec23d4a61d7d7caeefa3f0ad1ca,11,25.727272727272727,0.2727272727272727,1050.9117727497703,32.22363636363636,3.5454545454545454,199.16363636363639,1,0
91f5779a8731baca4809fdeade81803f,6,15.833333333333334,0.0,574.6782807107826,24.271666666666665,3.8333333333333335,328.57666666666665,2,1
91f848e9f4be368f4318775aac733370,63,9.8,0.02857142857142857,454.12013929261207,16.925479452054795,4.267605633802817,81.26849315068492,2,2
9200e6ce317b67196b6b0bad4d4bd567,1,16.0,0.0,385.9147157197783,14.52,3.0,36.9,1,1
921323538c9f1c4e816f2720eac02bea,15,7.705882352941177,0.17647058823529413,536.924300933342,14.138823529411766,4.0,82.46117647058823,3,1
9261d76c62caaf0b24677c2ceb7f8f20,6,7.285714285714286,0.0,771.9020640269379,35.362857142857145,3.7142857142857144,138.3857142857143,1,1
929f342384a6607afe143d789ade1316,4,4.0,0.0,412.1571378973561,15.84,5.0,52.35,3,1
92c8bc6e8f925792247656fed09aad65,3,13.0,0.5,498.0109453160517,13.290000000000001,2.3333333333333335,86.56666666666666,2,0
92d14edfb62ee5ae7fdff70b0f4e7233,8,6.461538461538462,0.0,191.31186615365962,12.742307692307692,2.769230769230769,24.76923076923077,3,1
92eb0f42c21942b6552362b9b114707d,341,12.949720670391061,0.07541899441340782,579.709016030926,13.545315068493151,3.930939226519337,17.94145205479452,3,2
9315e491484b1b0081ca166fc164108d,1,7.0,0.0,721.8844721265128,30.41,3.0,29.99,1,1
933446e9a59dece7ae9175103820ca8f,2,24.0,0.0,957.2736612537487,19.153333333333332,2.3333333333333335,127.13,1,0
934ed5cd1b9c1c7382d0a94a94b9e639,1,13.0,0.0,2069.5518877589143,26.62,5.0,125.85,1,0
939e6227d6964a11a70aa91243e418f2,4,4.75,0.0,201.60629370876714,15.8125,4.25,106.25,1,1
939f6e231201f26803cb5c3a3d2940b3,3,9.5,0.0,721.8788919764236,23.755000000000003,4.75,32.65,1,1
93b9a99027bd8bd6af682aff18dd19bf,20,10.9,0.0,408.2075678667955,22.243333333333332,4.1,93.0,3,2
93bef6edaa84956e8e575016449b6351,1,9.0,0.0,341.8028805443435,14.56,5.0,115.0,1,1
93dc87703c046b603023e75222018b45,35,19.235294117647058,0.08823529411764706,662.489107732979,19.13722222222222,4.0,236.59305555555557,3,2
94144541854e298c2d976cb893b81343,68,11.828947368421053,0.039473684210526314,958.3317757856576,18.807499999999997,4.333333333333333,227.45105263157893,3,2
941554c5757b73ba0e50aa7732310afc,3,6.75,0.0,449.5606475495959,14.665,4.5,26.9225,1,1
94165aea8a35c3c21499cbcae239b16c,1,6.0,0.0,606.0262924009843,16.11,2.0,180.0,1,1
94231344608e603693b0a8891143f65d,3,12.0,0.0,1246.5887602808896,34.059999999999995,4.0,240.66666666666666,2,0
9449f25aeaf531019b76999ea49a6949,10,13.11111111111111,0.2222222222222222,484.7635587444838,17.939,4.0,204.645,1,1
9485a23c0430ba1d58d359391606fce6,5,13.0,0.25,284.58407620049036,13.05,3.2,225.98000000000002,1,1
94b9108d4b637ba65bb4f1e53cfcf8d8,7,16.125,0.125,377.74165133448867,12.39125,4.5,29.369999999999997,2,1
94c49f20a123aeb9360dbf80ff912bf6,3,13.666666666666666,0.0,620.2534349201286,20.513333333333335,3.6666666666666665,92.58333333333333,2,1
94ca168e8bcb407ab85c5da308863027,5,11.8,0.0,963.4577188074234,17.472,5.0,44.86,2,1
94d76e96eedd976258cd3278ce56d5f2,1,7.0,0.0,312.4501730937187,68.56,5.0,385.61,1,1
94e93ce877be27a515118dbfd2c2be41,30,12.794117647058824,0.0,652.2492989970119,24.804285714285715,3.9411764705882355,162.13057142857141,10,2
951e8cef368f09bb3f3d03c00ca4702c,64,8.681159420289855,0.08695652173913043,464.0414396182387,19.729577464788733,4.117647058823529,57.63788732394366,2,2
9523fb39dd240aa958e040f8183d64f3,1,21.0,0.0,2370.693395808012,21.3,1.0,146.99,1,0
9535a841eecebed61a9fb1ac1cbb5597,2,9.0,0.0,63.661593940970796,16.715,3.0,392.45,1,1
9539213aa8e023c01937bef95dc006da,9,11.222222222222221,0.3333333333333333,144.20407729874057,9.993333333333332,4.555555555555555,25.455555555555556,1,1
954e95f20808d7e5d11f0de292d078e0,3,10.75,0.0,900.5547061396653,29.794999999999998,4.75,39.695,1,1
9558aa23f77a9e0a0eca83540999f43b,2,20.0,0.0,526.5113258063068,14.94,3.0,62.85,1,1
955fee9216a65b617aa5c0531780ce60,1287,10.298913043478262,0.08084239130434782,493.2092049514185,16.965296864576384,4.050437121721587,90.17458305537025,23,2
9596c870880d900012f2e8e6e30d06d7,22,13.08695652173913,0.043478260869565216,527.2398748341476,83.71166666666666,4.041666666666667,358.59375,4,0
9599519be538b98748162a2b48248960,1,22.0,0.0,2466.87420440832,20.02,1.0,190.0,1,0
95b293867b5862941c9cd74f756a3c68,9,21.0,0.4444444444444444,191.59709882182148,10.902222222222223,3.5555555555555554,72.01111111111112,2,1
95cca791657aabeff15a07eb152d7841,1,3.0,0.0,815.5824914945009,18.23,5.0,9.99,1,1
95e03ca3d4146e4011985981aeb959b9,175,11.878947368421052,0.031578947368421054,611.5364514116828,16.754093264248706,3.9895287958115184,57.046424870466325,13,2
95ec4458365c4d11f452ccf538377619,27,5.290322580645161,0.03225806451612903,283.6429151058953,14.086129032258064,4.266666666666667,60.21806451612903,4,2
95f83f51203c626648c875dd41874c7f,52,10.692307692307692,0.046153846153846156,311.25812039698445,24.015671641791045,3.208955223880597,48.02179104477612,2,2
960945e1a9535cbc0cd6ddd35fbe7ae8,28,5.586206896551724,0.0,219.40075202065177,16.544827586206896,4.655172413793103,116.61137931034483,3,2
9616352088dcf83a7c06637f4ebf1c80,92,11.969072164948454,0.0,795.7517866465355,18.24051020408163,4.255102040816326,58.19387755102041,1,2
961dff0a659b4561334372337dd897d9,4,20.0,0.6666666666666666,461.9444565621956,34.14,3.75,2486.5,1,0
9646c3513289980f17226a2fc4720dbd,71,12.06578947368421,0.07894736842105263,662.6214654601018,15.487435897435898,4.256410256410256,38.965384615384615,5,2
96493fab2fbb13a14d0c0e8772eef5c3,63,12.890625,0.0625,808.3427556902458,18.94109375,4.031746031746032,296.390625,1,2
964ff64dc05b13811c6d0f41e0aa5f6b,1,6.0,0.0,740.411949527127,24.06,5.0,180.0,1,1
966cb4760537b1404caedd472cc610a5,75,9.522388059701493,0.029850746268656716,654.8923829574924,21.9976,3.864864864864865,683.8140000000001,1,2
9674754b5a0cb32b638cec001178f799,86,7.589473684210526,0.031578947368421054,323.9826361358366,12.524845360824743,4.0,52.267216494845364,5,2
96804ea39d96eb908e7c3afdb671bb9e,38,12.948717948717949,0.02564102564102564,721.7770682725173,18.8765,3.9,90.26750000000001,5,2
968268a686aa05d1f529fb07dff08130,12,9.0,0.0,469.94433874084297,16.962500000000002,3.5,389.77416666666664,2,1
968ee78631915a63fef426d6733d7422,2,15.0,0.0,822.5889821603702,35.835,3.0,225.0,1,0
96e5dc09087bad639b4ee193104ec2e5,2,7.5,0.0,574.3876631921831,26.27,4.5,50.95,2,1
96f7c797de9ca20efbe14545bed63eec,1,1.0,0.0,275.03096086533554,12.79,1.0,46.20000000000001,1,1
972d0f9cf61b499a4812cf0bfa3ad3c4,83,17.75581395348837,0.11627906976744186,717.5457662507844,24.44659090909091,2.9642857142857144,91.92375,1,2
973f21788dfab357250f69a8dcb7ddee,10,20.68421052631579,0.3684210526315789,333.38480550366285,25.554761904761904,2.3333333333333335,43.285714285714285,1,0
974cf2cb8f4b7add98709c30df02fe10,33,10.7,0.03333333333333333,500.5866519982541,17.485151515151514,4.0606060606060606,90.3839393939394,2,2
97512d3fc193b2d1dfcdba0f9d1f0f8a,12,7.538461538461538,0.07692307692307693,267.58251770378024,26.273076923076925,4.3076923076923075,112.22076923076924,1,1
977f9f63dd360c2a32ece2f93ad6d306,24,12.083333333333334,0.125,532.5739206816994,37.3992,3.8,114.35480000000001,1,1
979e9f8b5b39dd243a2550c8b05aecf0,3,8.25,0.0,242.6665615871658,11.72,5.0,131.25,1,1
97e4a63591ca439a2b8b7efd20e6e19e,5,6.2,0.0,313.4810059618015,15.709999999999999,4.4,69.99,1,1
97e50a621f8e801f4baf69e08687c192,1,9.0,0.0,69.11940240941163,7.88,5.0,89.9,1,1
97e995629983723d11830a829bc2b246,5,16.8,0.0,934.9794595012432,19.874000000000002,4.8,99.9,2,1
9803a40e82e45418ab7fb84091af5231,11,15.277777777777779,0.0,1279.4599267523424,28.479444444444443,3.111111111111111,237.70833333333334,7,2
980640c45d7a4635885491d077167e4d,14,7.142857142857143,0.07142857142857142,540.7770066190789,17.312142857142856,4.642857142857143,71.735,3,1
98115075dd26cb8835946fc6086f5d30,4,3.75,0.0,284.84799890144177,14.06,4.75,108.74000000000001,2,1
984c273121e743dd14767befe6cb17f5,1,33.0,1.0,896.3398611709704,21.31,1.0,259.6,1,0
9853a239ab7b7ebbdc3a21248d5b8e1f,5,17.5,0.25,608.377933039188,18.002,3.8,76.2,1,1
985c92cc412091f8529c12d7f23d3fef,12,7.0,0.08333333333333333,435.34702207138383,19.844166666666666,4.75,114.04166666666667,1,1
989becdce12ebc39863c2bceab6f3ca1,18,13.2,0.13333333333333333,521.7348939859396,58.46944444444445,4.555555555555555,435.6044444444444,3,0
98dac6635aee4995d501a3972e047414,91,8.010526315789473,0.04736842105263158,306.95384549471146,12.510358974358974,3.8756476683937824,21.722307692307695,1,2
98dddbc4601dd4443ca174359b237166,2,8.0,0.0,722.8909126813514,26.835,5.0,79.0,1,1
98e164d549402270247f3c96a1a158ef,2,8.0,0.0,217.76427329486157,12.36,2.5,81.35,1,1
98f52e1020fe788c10c0418de4393fec,1,9.0,0.0,548.2359210867548,15.1,4.0,21.6,1,1
99002261c568a84cce14d43fcffb43ea,36,16.36111111111111,0.08333333333333333,1179.9843779690493,30.56472222222222,3.7222222222222223,113.55555555555556,2,2
9906e7aa42a3c067b7c9a564d01c4320,12,15.8125,0.125,1143.328358478746,31.037499999999998,4.0625,163.6875,1,0
994f04b3718c2bab35c2adfa8afecd2a,49,13.036363636363637,0.07272727272727272,405.7708693874651,13.605438596491227,4.280701754385965,60.45087719298245,3,2
9996ae921c50e8dff411ac69c0b4bb8b,2,15.666666666666666,0.0,465.1009138269078,14.556666666666667,2.3333333333333335,9.9,1,1
999f6d9a1c7c81f43be44c6b7d076210,2,4.0,0.0,257.5426549677048,11.415,4.5,14.0,1,1
99a25c39b28a74d1151c35c18d178292,1,2.0,0.0,9.369526014267224,7.46,5.0,28.99,1,1
99a54764c341d5dc80b4a8fac4eba3fb,45,6.651515151515151,0.22727272727272727,212.82613281978823,19.66417910447761,3.4696969696969697,55.35462686567164,5,2
99cd94252748d2bdde08e17858233602,2,2.5,0.0,64.56557716255911,10.760000000000002,4.5,79.9,1,1
99eaacc9e6046db1c82b163c5f84869f,66,14.522388059701493,0.1044776119402985,641.4544376547758,16.219285714285714,3.9,187.70242857142858,4,2
9a03a4e9eb0b947652fae4f6121a3f5e,7,13.571428571428571,0.14285714285714285,598.2404900402513,26.46,3.857142857142857,213.85714285714286,2,1
9a1aea68d3efa00862ec88c0768037d0,7,12.875,0.0,755.6554044316291,24.06375,4.375,163.65,2,1
9a84ba99f5367fdbd4598363496f1ea2,16,9.933333333333334,0.0,905.3318349242664,27.246875,3.625,142.81125,1,1
9aa388272ee334b6ae07bc73706e254a,6,7.142857142857143,0.0,521.6124020765776,26.208571428571428,3.857142857142857,96.85714285714286,1,1
9ac4f14370b1e24ddc58be041b7f99df,5,8.6,0.0,814.7386275694146,24.428,4.4,62.902,3,1
9ac75591b69c3402684b6ce0310f22ee,1,2.0,1.0,13.12999352555233,9.17,5.0,60.5,1,1
9add47bf45ce8e8c7db6b9cf670b1e09,43,11.720930232558139,0.023255813953488372,780.6685838461218,25.734222222222222,4.204545454545454,107.31644444444444,6,2
9b00cad94ef3078faf6fba2e792c158f,1,19.0,0.0,1500.0354105357321,18.92,5.0,354.9,1,0
9b00ed88b7fdb95d6ff76e27c1b52d16,47,8.5,0.06,299.59631170530736,11.283921568627452,4.509803921568627,31.919215686274512,2,2
9b013e03b2ab786505a1d3b5c0756754,174,7.577272727272727,0.05454545454545454,236.19079126265703,11.574266666666666,4.0,40.12177777777777,6,2
9b1585752613ec342d03bbab9997ec48,3,7.666666666666667,0.0,720.2489765570675,33.35333333333333,3.6666666666666665,1416.3266666666666,2,0
9b1ab052f5fca308ba743ac789ebb2e1,2,9.5,0.0,553.3460087448759,15.995,4.0,147.04500000000002,2,1
9b1f656ca3060f8af17a50d8a024b533,2,16.0,0.5,753.2621306109775,23.84,5.0,20.5,2,1
9b522ba7eae9e1d04082f267144583cc,4,26.2,0.2,140.02008219776397,24.675,4.5,251.26666666666665,2,0
9b76ad3d04236f76bc71c59470305e13,2,4.666666666666667,0.0,391.1378946984987,20.643333333333334,5.0,131.5666666666667,1,1
9bade61a92bed55a25d2b67b9f4ed739,2,10.0,0.0,1084.9071943566016,19.04,2.3333333333333335,39.22666666666667,1,1
9baf5cb77970f539089d09a38bcec5c3,32,14.25,0.0,352.96375071221684,16.476666666666667,4.333333333333333,185.74757575757576,8,2
9bc484c87d79cd4874e05ca182658045,9,12.875,0.25,349.10070118033457,16.65222222222222,4.0,124.44444444444444,4,2
9bcdfa7b615b3abb9461d9e3ad9886ae,14,10.65,0.05,631.1239196533231,19.886000000000003,4.6,106.30350000000001,1,1
9bf11dfc0bec77e5a23028043c3c5a8f,1,31.0,1.0,464.34792603532657,17.06,1.0,115.0,1,0
9c068d10aca38e85c50202e17b4a7e88,17,16.11764705882353,0.17647058823529413,1057.3078837535954,26.466470588235296,4.125,156.40588235294118,1,0
9c0e69c7bf2619675bbadf47b43f655a,157,14.73,0.095,382.9760824718578,14.078543689320387,4.044117647058823,163.6057281553398,3,2
9c1c0c36cd23c20897e473901a8fb149,6,5.285714285714286,0.0,167.38052859105628,24.58142857142857,5.0,77.85285714285715,1,1
9c3a1c416c765687bc79a04113269929,1,6.0,0.0,388.4266341552195,58.9,1.0,74.9,1,0
9c3c24eca51c52b91c1de727d2a2ae06,6,10.333333333333334,0.0,739.5579161838954,18.94333333333333,4.5,51.25,2,1
9c4d31c7e46ab03a43fc06e3142afd4e,2,6.0,0.0,406.0820516824361,21.910000000000004,4.5,609.45,1,1
9c54608f0996c32ae4743089d915f845,3,11.666666666666666,0.0,1537.3954632842003,36.64,4.0,64.93333333333334,1,0
9c57bc60cfad5ee62d35d3f1ce4593a1,1,37.0,1.0,365.19112132169687,15.43,1.0,180.0,1,0
9c690ceacd5c66731bf443ea810195cb,10,6.833333333333333,0.0,219.91179978322302,20.768333333333334,4.416666666666667,72.64999999999999,2,1
9c7fd21e0aa159b20da593371f08ff7c,7,6.125,0.125,411.6108169437819,15.4375,3.375,99.7875,4,1
9cad4b68bb993ee401a3c5aaa2bc26dd,5,15.857142857142858,0.14285714285714285,742.5807937540552,16.29,3.4285714285714284,92.75714285714287,1,1
9cea4682e16655f7da87f406902e989e,4,8.0,0.0,542.8501263231198,14.607777777777777,2.3333333333333335,9.75111111111111,2,1
9cf787a239c1aa29dbd76f153dc13f9a,4,6.25,0.0,319.7152031093359,13.100000000000001,4.75,79.0,1,1
9d213f303afae4983637247556438ede,2,6.333333333333333,0.0,379.7251470137408,24.37,5.0,15.9,1,1
9d39404483343dd55c7ae254494d8388,10,13.7,0.1,776.5332571279497,14.107999999999999,3.5,29.32,1,1
9d489893ff6af05029671b785f54b998,5,6.833333333333333,0.16666666666666666,284.7596740486384,17.09,4.166666666666667,49.78333333333333,2,1
9d4db00d65d7760644ac0c14edb5fd86,98,7.656565656565657,0.04040404040404041,320.7356191108991,15.3311,4.515151515151516,99.79700000000001,7,2
9d5604a1f112324ad6b2aa552122e0fb,13,11.588235294117647,0.0,1079.4129707629888,20.02823529411765,3.6470588235294117,24.794117647058822,1,1
9d5a9018aee56acb367ba9c3f05d1d6a,67,13.91025641025641,0.01282051282051282,900.0262549825806,21.39113924050633,4.405063291139241,130.28240506329115,5,2
9d681c7e12db302cb261e721040dde65,13,8.5,0.0,740.6534314600239,19.505714285714284,4.928571428571429,56.114285714285714,1,1
9d69ba0a7a626a64dc5db08e529559cf,1,13.0,0.0,784.5057800716233,18.24,5.0,19.3,1,1
9d7a1d34a5052409006425275ba1c2b4,13,12.625,0.0625,501.7580059126227,17.315625,3.75,65.92625,4,2
9da15f4a4ea758d9eeb49000dbe57e22,1,22.0,1.0,36.64643476091356,37.71,2.0,196.9,1,0
9da1ca0bef29ee170e541927a5aeabdc,6,16.333333333333332,0.3333333333333333,744.0128603199142,21.271666666666665,3.0,247.39999999999998,2,0
9dc79dd988ac42f4d56c340d7048420a,4,6.25,0.0,844.1237249436656,23.5825,4.75,187.4,1,1
9dd459b29a14bf89d47183cf2cd0e4c7,2,6.5,0.5,59.525149639337876,9.41,5.0,90.0,1,1
9dd59e43f0c9f0553244e8f9c2fb247e,10,12.6,0.1,809.1270161240459,15.181999999999999,4.8,35.63,1,1
9dda5bbacd45e18d6485fee649205d09,19,14.227272727272727,0.09090909090909091,453.55758922819473,23.03318181818182,4.2272727272727275,86.93636363636364,2,1
9de4643a8dbde634fe55621059d92273,72,14.444444444444445,0.06172839506172839,667.6071057726859,21.260123456790122,4.530864197530864,216.79432098765432,2,2
9df5750209b83567ec144eb299d7d634,11,13.545454545454545,0.09090909090909091,1184.196945923532,23.572727272727274,4.0,447.0,3,0
9e25199f6ef7e7c347120ff175652c3b,1,8.0,0.0,538.1597805562334,14.52,4.0,12.5,1,1
9e6229250fedbe05838fef417b74e7fb,74,11.324675324675324,0.03896103896103896,716.156916696244,23.775000000000002,3.8974358974358974,168.36153846153846,3,2
9e6967d3cf386d284251784b18ccb485,9,7.363636363636363,0.09090909090909091,446.59117607327755,12.475454545454545,3.6363636363636362,47.060909090909085,3,1
9e7c5f4d7770eab65738cca38f9efccf,2,7.0,0.0,1092.486949410744,19.04,3.5,92.4,1,1
9e94fa26a70ede4d26226e918e8706a2,1,5.0,0.0,3.46479806241808,9.94,5.0,62.8,1,1
9e9b539eb2806acee3f5c28085c1db9f,3,24.333333333333332,0.3333333333333333,1142.2168436734926,24.156666666666666,3.6666666666666665,322.3333333333333,2,0
9ed65337433adfbedefd23dd76eaa494,6,6.833333333333333,0.0,480.4251291293483,13.508333333333333,4.833333333333333,210.4333333333333,1,1
9ef932e837d8b7f392c0bfee9d359dc2,1,36.0,1.0,960.5688673027275,19.66,3.0,59.9,1,0
9f50216bfd01913736a55a11b55ea842,17,10.052631578947368,0.21052631578947367,394.7198262811629,16.689473684210526,4.473684210526316,71.26315789473684,8,2
9f505651f4a6abe901a56cdc21508025,397,7.741784037558685,0.046948356807511735,530.4216272120599,14.023348837209301,4.28169014084507,61.306558139534886,7,2
9fbd5666d8618fa571c4230fafa09bd6,1,13.0,0.0,347.3705521210636,16.81,5.0,79.9,1,1
9fc70243fb26800cba56e8f014797004,6,9.142857142857142,0.0,433.4353449318981,14.957142857142857,4.571428571428571,66.65714285714286,2,1
9fe7c6641c79970ab48185498f547c09,1,17.0,0.0,2157.302534104174,34.71,5.0,130.0,1,0
a00824eb9093d40e589b940ec45c4eb0,3,7.666666666666667,0.0,332.4721022347942,126.49666666666667,4.666666666666667,3133.3233333333333,1,0
a0415d9b25ede3c4b1e477e9916ffc03,10,8.333333333333334,0.0,1069.0624930602355,20.387999999999998,3.9,404.40999999999997,2,1
a066df7361163e7ddc5d7452dd17448b,15,15.411764705882353,0.23529411764705882,567.562134440109,15.665882352941177,4.470588235294118,63.42941176470588,1,1
a06c8ff043abea0528ee44171e2140a2,8,3.25,0.0,277.983042758092,11.553749999999999,4.75,64.3125,3,1
a080fc8a850289b27500f6b49cca2553,4,4.75,0.0,266.29501234709204,13.1425,4.75,95.75,2,1
a08692680c77d30a0b4280da5df01c5a,6,10.764705882352942,0.0,316.99528748177005,13.406470588235296,5.0,143.11764705882354,1,1
a09a13f18ed27932d08438aa6f12756e,1,8.0,0.0,835.8450532748774,16.11,3.0,29.9,1,1
a0a14e50070f3225b3eabba5b85da517,4,5.75,0.0,388.0997645173808,18.11,4.5,44.05,1,1
a0d7fbb07bb5ebc3b05980e750db56f3,3,16.75,0.0,1076.4533915465654,59.0475,2.0,212.2475,1,0
a1040efe9ff4a6f93c28b0499eada8f5,1,17.0,0.0,1126.181963391219,34.48,5.0,1658.83,1,0
a1043bafd471dff536d0c462352beb48,718,13.123670212765957,0.05585106382978723,525.0876089471146,41.35596103896104,4.189048239895698,132.33916883116885,3,2
a11a0e0ca67423425691db355cff69b0,2,5.0,0.5,280.82072099485464,14.040000000000001,5.0,224.45,1,1
a13580f0e8f782b7a543885a0ef99f08,10,24.6,0.2,1294.7085685737277,25.877999999999997,4.4,130.49,2,0
a13aaf2d2886ab9fb30fb9a920160b8f,4,9.0,0.25,243.52588571562217,18.5775,4.5,252.88,1,1
a1474fd46fd3430168f7ec202da39408,12,15.142857142857142,0.14285714285714285,1298.0053929823482,47.215714285714284,4.428571428571429,196.60714285714286,3,0
a150c540f572d0fb53992264bc5c10b5,1,10.0,0.0,915.8162975688261,15.59,4.0,119.9,1,1
a1544b9ea0b2390e020537d4daa89049,8,10.375,0.0,780.2825530098736,13.41625,3.875,105.15,1,1
a154d7316f158bb42e6fa18bbe3afd3a,2,47.0,0.5,1393.1929451973035,25.165,3.0,69.9,1,0
a17f621c590ea0fab3d5d883e1630ec6,65,11.217948717948717,0.0641025641025641,440.64085017520284,14.037,4.092105263157895,34.73225,2,2
a1bea7061f61f6fdd9a85a6325ba1033,9,4.0,0.1111111111111111,219.0858787875509,11.103333333333333,4.444444444444445,90.10555555555555,8,2
a1bea9970d8f65b240555f99c2214f7f,1,9.0,0.0,1125.3584988071782,27.48,3.0,75.0,1,1
a20d8058c866dbaeca014d2cd20ac62e,2,23.0,0.5,887.0998267807181,22.45,5.0,597.0,1,0
a213f1bd6458f4a158f3746cb2514559,1,8.0,0.0,446.4921501607853,14.43,5.0,41.52,1,1
a218df5c097b0ca409cfaac1488cc7f6,4,11.25,0.0,356.67599804823226,27.502499999999998,2.75,32.6725,3,1
a21c11ec5c3f03e7cc9f9203bff9e1c6,3,8.75,0.0,705.9548106794064,22.72,3.0,96.25,2,1
a23266650e7c84bb93fbbba502137478,11,10.125,0.0,1052.9267725812122,17.44,3.25,94.525,5,2
a254c682cc01e119f83530446f1df9a9,6,15.571428571428571,0.14285714285714285,993.7714220637325,34.28857142857143,4.142857142857143,81.34285714285714,1,0
a2a41aedb70551d4a85aa04dc2fced48,2,8.5,0.0,356.9712161537913,13.47,4.0,26.395,1,1
a2b5b6105ea5942300631d2e76f4ffe0,16,7.9375,0.125,599.4960997860184,45.165625,4.75,205.41812499999997,2,1
a2b911e9ad40dc7d61c142a4683e2d85,1,12.0,0.0,1893.6637627621024,34.4,5.0,85.9,1,0
a2deecd5398f5df4987110c80a1972a3,16,7.923076923076923,0.0,595.7654489522465,18.25625,3.625,51.714375000000004,2,1
a2e874074c877c5a05abae80ad6e488f,44,18.738095238095237,0.047619047619047616,576.529616821178,26.148260869565217,3.9130434782608696,175.47782608695653,5,2
a2fa0bdc798ee84cdb08281337cf4fb6,10,19.363636363636363,0.0,891.0891654406563,16.79,4.230769230769231,30.21153846153846,1,1
a3082f442524a1be452e3189e003b361,3,12.0,0.0,1552.2387533664346,24.4125,4.25,75.4,1,1
a35124e2d763d7ca3fbe3b97d143200f,4,8.285714285714286,0.0,273.56231888940135,11.27,4.428571428571429,58.785714285714285,1,1
a353b1083c9863d756d9404695016d64,1,20.0,0.0,399.11199771496655,17.09,5.0,120.0,1,1
a35ef466c6fd6d052f5d241240d3c5e2,3,11.0,0.0,1246.5968795589754,26.55,4.666666666666667,189.96666666666667,1,1
a369d693961cb93b61ca2cc518872a85,11,9.666666666666666,0.0,643.7684387129199,34.26611111111111,4.111111111111111,144.27777777777777,2,1
a36ac007a4d18f865c8d32c3b2402c2d,9,9.0,0.0,463.6640515755872,19.68777777777778,2.5555555555555554,151.0866666666667,2,1
a36b125ac6d5fdbc7f50de85c9157bdc,24,12.44,0.12,508.53188457264673,14.961153846153847,4.038461538461538,70.90923076923077,3,2
a37c340b91cb0169e8b029db6440fba2,5,10.8,0.0,702.157566906097,18.990000000000002,4.8,69.0,1,1
a3a38f4affed601eb87a97788c949667,254,11.976923076923077,0.046153846153846156,691.7114999787307,19.931368821292775,4.388461538461539,100.88714828897338,12,2
a3b0df0065e264a91b7bbf5f844af5cd,2,13.5,0.0,357.4205868436683,16.03,5.0,93.345,1,1
a3b42d266fa8afc874b909422ce88582,1,3.0,0.0,295.4207490081761,13.64,5.0,139.9,1,1
a3dd39f583bc80bd8c5901c95878921e,34,12.18918918918919,0.02702702702702703,1159.526062785926,21.73918918918919,4.594594594594595,124.53540540540541,1,2
a3e9a2c700480d9bb01fba070ba80a0e,130,12.636363636363637,0.0979020979020979,520.3206090893248,20.021458333333335,4.014084507042254,93.33888888888889,2,2
a3f0b55de503387383c7b1de3ad7f678,24,10.038461538461538,0.038461538461538464,700.4413918717987,47.28230769230769,4.384615384615385,167.24615384615387,2,2
a3fa18b3f688ec0fca3eb8bfcbd2d5b3,1,14.0,0.0,720.915301035319,18.23,5.0,23.9,1,1
a414555ce331b8c8aea4a9cb8395194d,7,7.25,0.0,170.61627749456966,30.33,3.5714285714285716,181.36875,3,1
a416b6a846a11724393025641d4edd5e,162,12.142045454545455,0.125,614.3022870045845,16.573480662983428,4.1602209944751385,141.827182320442,2,2
a420f60ff1aa9acc80d0e42959f2b313,67,10.884057971014492,0.08695652173913043,589.9457377689124,15.941594202898552,3.925373134328358,107.87391304347827,9,2
a425f92c199eb576938df686728acd20,17,16.88888888888889,0.0,467.03190259320513,16.260526315789473,4.368421052631579,61.357894736842105,5,2
a435b009cd956ea60748b5cfbddf2e24,3,30.0,0.6666666666666666,837.0068558748308,15.069999999999999,4.333333333333333,120.39333333333333,2,0
a44fb5a447105f8469bdf16bf9159f25,19,13.842105263157896,0.2631578947368421,905.3146079667993,30.87421052631579,4.052631578947368,195.0578947368421,1,0
a45314082d50d578a4721c9787ce09ab,2,5.0,0.0,211.7333127232426,14.510000000000002,5.0,212.45,2,1
a45765f8afb1e594b22bf9e974b46765,1,4.0,0.0,17.408649086864088,8.93,4.0,79.99,1,1
a478c7961d6a992065b24e63b366f90b,8,10.11111111111111,0.0,569.8642728003421,18.895555555555557,4.888888888888889,142.38888888888889,2,1
a49928bcdf77c55c6d6e05e09a9b4ca5,98,16.51923076923077,0.25,590.9737502532067,16.58066037735849,2.952830188679245,83.17641509433963,3,2
a4b6b9b992b46e9ef863637af96e04bc,7,18.0,0.125,740.6185981657048,21.81142857142857,2.5714285714285716,510.5,3,0
a4b8d97cd5d3674eeff96abc99d8ed67,1,6.0,0.0,390.58085662019926,19.3,1.0,214.08,1,1
a4bd6e9adf39b63f43dc545d3ca1f53d,4,9.4,0.0,830.0970558134152,22.476000000000003,4.6,369.71799999999996,2,1
a4fc6eadaff1576af888509a53420f6a,1,28.0,0.0,2130.207209965774,20.76,3.0,100.86,1,0
a513150f33f99a06569e9cd5c4bb889b,2,9.5,0.0,348.41400643782,17.125,4.5,338.5,2,1
a5259c149128e82c9d6d46e0c1c812bb,8,18.875,0.0,2182.973663572636,54.85875,3.875,147.7825,1,0
a53f60f05f822b5c621a50ff6a5cb362,4,12.833333333333334,0.0,620.4921552022413,21.521666666666665,2.6,69.23333333333333,2,1
a56a8043ebf66e42119618fb8cf232c6,1,10.0,0.0,872.0012174979807,23.73,5.0,83.0,1,1
a56e351445e5863fc8960640ba9190c7,3,8.5,0.25,309.61383932759384,16.265,4.25,190.23000000000002,2,1
a5a1bfcf728ab0e19182959cf0771ee4,21,13.083333333333334,0.08333333333333333,378.5281639828192,14.495416666666666,4.291666666666667,75.54,3,2
a5bff0f43eb51f0cad7c37fac7244c8a,4,15.0,0.0,1251.3717715891562,19.254,4.8,89.0,1,1
a5cba26a62b8b4d0145b68b841e62e7f,54,12.796296296296296,0.018518518518518517,890.1774631189268,25.142181818181818,4.527272727272727,267.9607272727273,3,2
a5dd1946fb63ada8bcaa0c9cd8f11e22,6,18.714285714285715,0.0,1335.0569676300895,29.53,3.857142857142857,31.374285714285715,2,1
a5ff20ff766e7f50bd5066f33da14413,2,5.5,0.0,797.367265480078,10.895,3.0,16.6475,2,1
a61cc04793308395a840807104365121,1,8.0,0.0,67.69979615852144,23.74,5.0,14.63,1,1
a63bfbaa882c8f4542891b4e2246cc7f,7,11.0,0.16666666666666666,993.5764367350124,37.74142857142857,4.428571428571429,967.4285714285714,1,0
a64e44665225d19dfc0277eeeaaccc57,6,7.5,0.16666666666666666,483.07516919342606,15.293333333333335,5.0,55.833333333333336,1,1
a663d9c3797e90eac99ff60939416a56,1,5.0,0.0,41.149115785781454,14.08,5.0,235.0,1,1
a673821011d0cec28146ea42f5ab767f,129,12.02127659574468,0.11347517730496454,323.5537960525332,17.989383561643834,3.8768115942028984,94.95678082191782,7,2
a67780aba9dd436e7ac0aa1f889e73ec,6,21.333333333333332,0.3333333333333333,763.0492869666676,29.673333333333336,3.6666666666666665,143.83333333333334,2,0
a69aa24cec11168e7e39a3fbc727e925,3,8.333333333333334,0.0,258.12381047074047,11.44,5.0,35.32333333333333,1,1
a6bd7d1ccdac48c6b33b28596b7eb122,16,15.333333333333334,0.13333333333333333,1604.015388858663,42.37625,3.3333333333333335,898.038125,1,0
a6fe7de3d16f6149ffe280349a8535a0,51,14.352941176470589,0.1568627450980392,480.2360508501672,14.281153846153845,4.0,55.86153846153846,1,2
a70e9066dbfd10b6b97a3f54a1356762,2,17.5,0.0,395.5838471918431,77.85,5.0,429.0,1,0
a72c2f59332659e361d647515c698798,5,9.666666666666666,0.0,1117.2167556623328,21.838333333333335,4.833333333333333,133.81666666666666,2,1
a72f15980dc3e9bfd1a49ac9b2f3af65,1,5.0,0.0,426.10826104723134,18.73,4.0,89.9,1,1
a7a9b880c49781da66651ccf4ba9ac38,3,8.75,0.0,204.4374537441778,16.3675,3.75,76.9,1,1
a7b7354cc588f7566a848bcbb1ce3d96,2,11.5,0.0,312.68364049560046,12.535,4.0,39.9,1,1
a7c53f6b3b61adbdaa99dda97e8cbd56,1,6.0,0.0,402.80900369059333,11.3,4.0,99.0,1,1
a7c88262832dfc683781d6a421edefae,5,10.4,0.0,580.5212697230934,16.484,4.2,304.0,1,1
a7d0f8dd44f57ef6de7f7f02e3d82630,2,5.5,0.0,216.26887319240885,12.94,4.5,36.894999999999996,2,1
a7dc4098e4da6e41b426269d12ae7e91,2,5.666666666666667,0.0,92.09623117487403,12.15,3.6666666666666665,172.66666666666666,1,1
a7ecf689b40a44361e259b28939023e4,1,10.0,0.0,467.4745575473796,21.91,5.0,389.0,1,1
a7f13822ceb966b076af67121f87b063,75,21.523809523809526,0.05952380952380952,615.2880067924382,36.24976744186046,3.4352941176470586,145.0888372093023,5,2
a806a4bb063ea7ca6d374eafa50a6058,5,11.833333333333334,0.0,1026.8565065107794,18.478333333333335,3.8333333333333335,49.06666666666666,1,1
a81466620e46a6970b22ef40379fdfc9,2,6.5,0.0,496.71260285731563,16.49,5.0,160.9,1,1
a8739afb32aaa45e01815ca76f76f54b,13,8.933333333333334,0.06666666666666667,518.0690072902556,17.648666666666667,3.466666666666667,19.922,1,1
a888faf2d1baececa6baf9c3d603ee1f,54,17.38888888888889,0.14814814814814814,922.228830245281,20.391272727272728,4.054545454545455,323.01454545454544,1,2
a89e143d5211473ae18db9577ee34b64,2,9.0,0.0,135.00908047394853,9.84,3.0,70.0,1,1
a90a5da8b09e44264a177c0374a5ac87,3,8.666666666666666,0.0,488.25663216383083,24.2,4.333333333333333,24.899999999999995,1,1
a938325a4b357fd23a6a4d5bb126408e,24,12.72,0.04,715.3173778447651,22.432399999999998,3.88,129.24,1,1
a9415cf907dfa12f9ed18693244f5329,1,11.0,0.0,143.8824352209383,87.71,5.0,105.0,1,1
a99504ac23ed125aaf5302af6cc30af9,1,16.0,0.0,768.5646417228866,47.24,5.0,978.0,1,0
a9ae440659f48b7849df83e82734150b,1,13.0,0.0,2725.495775085577,27.02,5.0,285.0,1,0
a9b533a26e898b12e8b8d4c07279bf4d,4,15.0,0.0,845.1984604662703,17.865,5.0,29.9,1,1
aa17b35ce4de7b565be3249ba838944f,2,15.5,0.0,622.0327211035428,17.1,4.5,39.9,1,1
aa1eb17b9fdf6dfd546e25c45c7b9235,3,5.75,0.0,87.35011198777599,9.067499999999999,4.5,29.4975,1,1
aa2640d851ec322526f1295bbeb20092,1,3.0,0.0,134.01518565976065,11.18,3.0,79.99,1,1
aa762680c40618316a896838866140ea,3,22.0,0.3333333333333333,1454.2159093501948,20.82,3.3333333333333335,87.0,1,0
aa8af66c623d7d544dfe4bb85b5ebe3b,1,8.0,0.0,477.64686258992623,15.57,5.0,99.0,1,1
aac29b1b99776be73c3049939652091d,98,13.938931297709924,0.0916030534351145,668.906574816713,19.63485507246377,3.931297709923664,48.95586956521739,7,2
aac51c486b672a9850d59f3e84b1cf88,10,4.538461538461538,0.0,256.9295607424799,10.099230769230768,4.769230769230769,56.02153846153846,3,1
aadfe0417e61315688b6bd7043361e25,1,6.0,0.0,185.77226411188659,14.28,4.0,289.9,1,1
aae3bfea055532c57fb453ed3ec80b30,48,11.98,0.0,868.352965851486,15.985,3.5510204081632653,61.1584,1,2
aae5953b9edddf14749c0d65d60eb4b9,2,12.0,0.0,413.74129912898115,14.95,5.0,86.5,1,1
aae5e7b457a3c72ee230a47d98fceda5,5,11.857142857142858,0.0,982.018569295565,20.110000000000003,4.142857142857143,86.39999999999999,1,1
aaed1309374718fdd995ee4c58c9dfcd,105,11.702702702702704,0.02702702702702703,772.8431555704,20.813125000000003,4.053571428571429,83.72276785714287,5,2
aafe36600ce604f205b86b5084d3d767,129,11.98473282442748,0.04580152671755725,730.2716581932339,18.48702290076336,4.3816793893129775,70.62137404580153,4,2
ab27bbbad5239bc31a34709275a70db4,3,7.181818181818182,0.0,170.1497442578408,9.286363636363637,5.0,34.809090909090905,2,1
ab3e0c171fe84a7ba7de130f19cfb485,7,19.428571428571427,0.2857142857142857,710.98151756779,17.228,3.2,86.342,2,0
ab75b89cc49c9ab3160d0c91565a442a,2,9.0,0.0,781.966955102697,7.925,1.5,18.99,1,1
ab91571efab27993ff2f6b36e38055c3,3,14.5,0.5,353.8925655391346,14.1725,4.75,25.56,1,1
ab9db4cf53b08b828b64dccaafc2d9f0,5,11.25,0.0,925.4258046761017,25.152,4.2,55.534000000000006,3,1
aba1721a889e04decc910aa13b768ef4,83,8.804347826086957,0.10869565217391304,514.8734285483802,13.577934782608697,4.456521739130435,153.2967391304348,4,2
abbf6046bbdf1028606a5bc7f00c99e7,7,11.333333333333334,0.0,1105.5842555673858,25.141428571428573,4.142857142857143,316.7357142857143,1,1
abc015ebac1d283a323ca9db35ede4b9,12,10.615384615384615,0.0,829.8342822766504,17.142307692307693,4.384615384615385,85.13846153846154,2,1
abcd2cb37d46c2c8fb1bf071c859fc5b,45,13.176470588235293,0.0392156862745098,1280.2603915245954,25.392307692307693,4.25,93.85038461538463,1,2
abe021b01ba992245271b9aa422032df,2,17.5,0.0,1771.7189344235649,58.620000000000005,3.5,3360.0,1,0
abe42c5d03695b4257b5c6cbf4e6784e,50,13.877551020408163,0.16326530612244897,735.37214080246,19.9846,3.9183673469387754,343.18,2,2
ac3508719a1d8f5b7614b798f70af136,103,8.930693069306932,0.0297029702970297,1023.2214621214652,29.00375,4.568627450980392,122.84461538461538,4,2
ac51cac5e20d69ff485a54746488ef48,4,16.0,0.0,895.5011069752248,18.4675,3.5,189.975,2,1
ac6417315ae5da8f9a38ee11de6f7780,8,10.857142857142858,0.14285714285714285,125.47657183297395,22.81625,3.75,98.6125,4,1
ac9b01377919cdbd2a1bbb8d5837c70b,1,9.0,0.0,1244.0227991724412,23.54,3.0,55.9,1,1
acadd4d36859671cb635527c6c977533,12,17.25,0.16666666666666666,545.0789689756898,22.161666666666665,4.25,198.41666666666666,2,1
acb6c2ca5c82411c1fdb88d5fd5eb95e,10,9.363636363636363,0.0,395.37172679755474,14.691818181818183,3.727272727272727,37.625454545454545,4,1
acce39e832338debb07b02385cde5967,44,6.636363636363637,0.0,608.6095047440062,26.717272727272725,4.4772727272727275,107.91136363636365,2,2
aced59e9b31ef866a94f9e7f29d8d418,61,9.208955223880597,0.07462686567164178,443.3778057833706,15.631343283582089,4.447761194029851,108.48507462686567,3,2
acf974e4d5950ad143a247471b831eb9,5,13.166666666666666,0.0,1602.3190716753916,27.485,4.8,35.31666666666667,2,1
ad14615bdd492b01b0d97922e87cb87f,1,13.0,0.0,245.4542318177088,10.96,5.0,8.25,1,1
ad273c9eb54ecb4532de4bf75bae9e4e,10,11.545454545454545,0.0,369.6305771852948,16.795454545454547,3.8181818181818183,58.63636363636363,2,1
ad420dd0c4f92f8af951ac24b86d0cf5,42,14.282608695652174,0.06521739130434782,715.3487712322548,19.850217391304348,4.159090909090909,102.28891304347826,2,2
ad75519a07f039025e83795a4418470f,3,8.666666666666666,0.0,563.0584680690095,12.86888888888889,3.2222222222222223,33.56666666666667,1,1
ad781527c93d00d89a11eecd9dcad7c1,44,25.026315789473685,0.3157894736842105,753.9768638978402,54.08386363636364,3.0681818181818183,156.8084090909091,1,0
ad87df7699e83b8a91822a4a0b765c3a,6,8.833333333333334,0.0,545.3008332814279,12.674285714285714,3.7142857142857144,49.98571428571428,2,1
ad8b531ae67582f096925cff5630d0d1,3,20.0,0.0,887.4650823775692,22.52,3.0,69.45,2,1
ad97a199236354e53fcd91a5a913e9a2,17,14.823529411764707,0.11764705882352941,467.1769394700671,48.266666666666666,4.5,733.661111111111,3,0
adbc26658d6c7b4b6219f9d934598091,88,16.804347826086957,0.15217391304347827,523.9379685996124,20.49836956521739,4.054347826086956,128.3304347826087,2,2
adbe70ab2c97442046d393988c8d1d27,5,6.8,0.0,306.1590114554772,13.030000000000001,5.0,57.9,1,1
adcf50477d6a1f5d91bb9d54c4903cb5,19,24.0,0.16129032258064516,576.0681314688723,21.01736842105263,3.1315789473684212,37.503684210526316,4,2
ade45994b717ccee333492330fbf037b,10,7.7,0.0,1024.5398579844311,28.363,4.5,719.6,1,1
aded58c8142dedc5494a81f948431fab,4,7.6,0.0,277.5509232067108,17.996000000000002,3.2,57.9,2,1
ae45ad30c2d2e5913094769690a239d2,1,19.0,0.0,685.782547563745,15.63,5.0,125.9,1,1
ae45df84722b1d15c5f32b23a095746c,9,6.916666666666667,0.0,435.2240670137983,13.638333333333334,4.833333333333333,75.1525,1,1
ae7ab174effdead6c241e547e4ca13f0,6,9.428571428571429,0.0,476.8936750540862,113.63714285714286,3.857142857142857,396.9428571428571,1,0
ae8bfdbf1c2a2a2dee92d799db0a31c6,8,8.375,0.0,898.5742836549312,18.2775,4.125,42.49,4,1
ae9690c6e8fee182c28c9ff8e11ca52c,1,4.0,0.0,11.936071433020203,12.41,5.0,47.4,1,1
aeb36d67f1414f234d42a29e27cf1f17,4,18.75,0.25,871.1213358826956,71.075,4.5,815.95,1,0
aec99834ab5d38ead22766ada8497e87,1,7.0,0.0,199.1160633717423,17.51,5.0,459.0,1,1
af3ef48d0e13835e529c29ac573c63e5,21,7.476190476190476,0.047619047619047616,288.5606816052425,22.261904761904763,3.761904761904762,66.93476190476191,2,1
af4a0e4cfe1d9c26b6712b1be25a72e5,21,12.384615384615385,0.07692307692307693,710.7193467322436,22.83153846153846,3.5,336.8453846153846,3,2
af7cdac9d9897cddead9c6b08976c642,6,15.0,0.16666666666666666,500.42985101377843,25.078333333333333,3.6666666666666665,90.58999999999999,1,1
afa6714acee029b2dfdf357e5579cc03,16,12.176470588235293,0.11764705882352941,684.6110759234218,22.518823529411765,4.0588235294117645,189.45647058823528,4,2
afe0067131b73e40875c9b6c10bd2e21,46,14.977777777777778,0.044444444444444446,765.8132516588681,24.46630434782609,4.2,111.53043478260871,1,2
b00af24704019bd2e1b335e70ad11f7c,1,15.0,0.0,760.3544601186956,18.25,5.0,189.0,1,1
b01c2b7b8599b325103ebcddc67413e1,4,8.0,0.0,797.7593241674582,18.1675,4.75,42.3625,1,1
b026643914f651e8371425e5b8a1e780,1,10.0,0.0,695.5271314013996,15.1,5.0,27.9,1,1
b0398568231ba5e6734af1881671a317,4,13.0,0.0,804.6631323763039,28.3375,4.0,164.1925,3,1
b05b432bf68945d4d9783f9e3ca29ee8,2,5.0,0.0,467.20855342557434,13.045,4.5,112.4,1,1
b080809eaacb49e5ca07290981472431,11,10.0,0.0,352.661658971204,13.036363636363637,4.818181818181818,38.54545454545455,1,1
b0b346d3a89f5eb4c2968af3f083cd43,11,22.88888888888889,0.4444444444444444,588.96311635372,17.71666666666667,3.0833333333333335,51.166666666666664,2,0
b0f2a6122a90a93eb03e68653dd960e3,6,8.0,0.0,337.82882489558125,19.71142857142857,4.857142857142857,231.47142857142856,2,1
b1204cfda1d4948679db3cfc0d3cb95c,7,9.333333333333334,0.0,353.8497340222316,15.859090909090908,3.272727272727273,263.97272727272724,3,1
b127efdabeffb5d559349c7b172eb75d,10,9.3,0.1,554.5742327512918,11.277,4.8,30.85,1,1
b12cfd255810394b60caef18ae163547,2,15.0,0.0,680.2619495508644,83.07499999999999,4.5,280.0,1,0
b14db04aa7881970e83ffa9426897925,83,15.085714285714285,0.11428571428571428,716.8631881371326,20.048198198198197,3.764705882352941,53.14054054054054,2,2
b16d3dadc47d4eb18be3d88bad0775ce,10,6.0,0.09090909090909091,513.6814934281202,16.221818181818183,4.363636363636363,65.64545454545454,3,1
b17b679f4f5ce2e03ce6968c62648246,55,18.607843137254903,0.17647058823529413,776.0534461090202,18.878421052631577,3.6140350877192984,71.66228070175438,2,2
b18871c324516afa228a13e8f1ef0ae9,9,6.782608695652174,0.08695652173913043,152.19062482390208,10.6,3.9565217391304346,46.28695652173913,1,1
b18dc380845b24038cfc48006478f099,44,13.520833333333334,0.14583333333333334,712.0166968699431,16.58574074074074,3.9245283018867925,154.69074074074072,2,2
b19c48688808720822399ffa9f2dbe2f,1,6.0,0.0,900.517233359057,24.82,5.0,959.99,1,1
b19f3ca2ea475913750f25a5c37c8d8f,24,18.0,0.3157894736842105,420.218723621475,56.10999999999999,2.7916666666666665,258.45458333333335,2,0
b1a81260566c1bac3114a6d124413f27,51,8.074074074074074,0.018518518518518517,942.2114360951282,28.990925925925925,4.222222222222222,160.8275925925926,4,2
b1aaae6b66ad3c40f54b389d7ea4bee0,15,7.529411764705882,0.0,555.3792938039525,23.10235294117647,4.470588235294118,69.20588235294117,3,1
b1ac6ea7895bc3dd6f0f6f4abbdd2821,40,9.710526315789474,0.0,955.7209979715798,20.130000000000003,4.2682926829268295,76.5609756097561,1,1
b1b3948701c5c72445495bd161b83a4c,18,22.928571428571427,0.6428571428571429,404.52566706853645,27.016666666666666,1.7222222222222223,1372.177222222222,1,0
b1fc4f64df5a0e8b6913ab38803c57a9,107,15.256198347107437,0.11570247933884298,877.4923531927002,17.737603305785125,3.7815126050420167,66.07223140495867,1,2
b1fecf4da1fa2689bccffa0121953643,19,10.2,0.0,1103.6318257128519,19.854,4.95,183.482,1,1
b2479f944e1b90cf8a5de1bbfde284d6,103,14.976744186046512,0.14728682170542637,571.9820806631898,17.09702290076336,3.292307692307692,36.27870229007634,3,2
b248792ac0b60ec3f93d80af1b4fae47,7,5.777777777777778,0.2222222222222222,463.19261226388295,17.094444444444445,3.7777777777777777,50.5,2,1
b26741d31a563d769b4af0465ab20c56,2,12.0,0.0,1806.9392566564588,23.515,4.0,324.0,2,0
b274baf5bbd142410eb2958cf685d684,7,6.0,0.0,1146.8181152827003,21.23857142857143,4.285714285714286,83.7,3,1
b29d3380981c51df13fc6fbe87e1763d,6,7.142857142857143,0.0,313.81096626943463,14.082857142857142,4.0,62.18571428571429,2,1
b2a6d334e2833acea353624840e25a0e,25,10.346153846153847,0.0,654.3730582160101,14.908076923076923,4.5,63.49923076923077,4,2
b2ac621f0d0322434d04a12b078b9369,30,14.2,0.1,1113.019694092941,26.046333333333333,4.4,319.18333333333334,2,2
b2ba3715d723d245138f291a6fe42594,337,13.48,0.08571428571428572,475.9776461178067,17.895702479338844,4.108333333333333,142.36055096418733,27,2
b2c97074649f92197d9387d9033dda5f,10,11.636363636363637,0.09090909090909091,1035.6977283087342,25.39727272727273,4.636363636363637,62.24636363636364,2,1
b2eecf5ea250510da76590ca79d60e5d,9,5.454545454545454,0.0,298.96543232084616,13.922727272727274,5.0,96.36363636363636,1,1
b2f4d63c7203f539a78252565ca32257,1,13.0,0.0,388.5486313786452,20.84,5.0,14.9,1,1
b32be1695eb7ec5f10f72d9610a12527,45,11.911111111111111,0.044444444444444446,879.5231736210887,64.28304347826086,4.088888888888889,584.2173913043479,4,0
b335c59ab742f751a85db9c411a86739,33,16.35483870967742,0.06451612903225806,609.2268696137056,17.353714285714286,3.6857142857142855,82.09542857142857,3,2
b33aaadd1a8891d2dfef0c4c3bdf0371,16,13.235294117647058,0.11764705882352941,439.68276363554247,21.12,3.764705882352941,88.47058823529412,1,1
b33e7c55446eabf8fe1a42d037ac7d6d,152,15.967105263157896,0.13157894736842105,687.2242515826648,17.58109677419355,4.15483870967742,290.22690322580644,5,2
b347677812ea483b0f528eaf8cbc09b7,21,12.857142857142858,0.0,784.5360906713772,36.30238095238095,4.523809523809524,347.09476190476187,2,2
b372ee768ed69e46ca8cdbd267aa7a38,63,11.971014492753623,0.0,751.5358525422776,17.157101449275363,4.391304347826087,183.04347826086956,1,2
b37c4c02bda3161a7546a4e6d222d5b2,4,17.0,0.06666666666666667,572.4045582630507,27.506666666666668,1.4,1605.0,2,0
b3809b8d4394588a47c8470ea331e135,1,5.0,0.0,41.041901173210626,7.88,4.0,89.0,1,1
b39d7fe263ef469605dbb32608aee0af,44,12.833333333333334,0.041666666666666664,564.5257351425018,21.68714285714286,3.75,105.98163265306123,1,2
b3b17aab11f273023a5f22ca52e1eb70,7,16.76923076923077,0.15384615384615385,987.5371395607692,36.565384615384616,4.846153846153846,526.9230769230769,1,0
b3e2faf2c1004d674f16a3aa3197f0e1,3,6.0,0.0,201.44794807399026,11.256666666666668,5.0,20.49,2,1
b3f19518fcec265b2e97af287725f981,9,10.25,0.0,677.4158597551112,15.285555555555554,4.222222222222222,54.101111111111116,2,1
b410bdd36d5db7a65dcd42b7ead933b8,44,8.761904761904763,0.023809523809523808,710.3972960843013,22.879772727272726,4.659090909090909,175.61136363636362,1,2
b416191c9813d821a295cfabafff4161,2,19.0,0.0,490.836805770977,16.17,2.5,58.9,1,1
b43d8b707f887a30f4675391098354a0,3,19.25,0.25,851.3038857138916,46.19,2.5,335.5,2,0
b44dbfbf62e52125f3c15d230569ea91,4,4.375,0.0,135.79986766419393,11.211250000000001,4.375,76.17125,2,1
b452cb0ae35044c4a53179c39f49fb06,2,16.5,0.0,464.85031466351217,19.145,4.0,31.849999999999998,2,1
b45d7ebfb7378630f1bcd74b6ff86ff7,5,29.333333333333332,0.0,671.0071904669467,20.502000000000002,3.8,201.5,2,0
b494891378bd8f4560abe576c52deacd,20,4.666666666666667,0.09523809523809523,517.9721711788634,14.17818181818182,4.636363636363637,134.49545454545455,4,2
b499c00f28f4b7069ff6550af8c1348a,152,10.423076923076923,0.10989010989010989,399.2537147097838,13.785828877005347,4.13903743315508,55.22529411764707,12,2
b4a476fbd28de64b1e347abf9089366a,33,11.342857142857143,0.08571428571428572,623.6281656544403,26.629210526315788,3.7567567567567566,150.63263157894735,3,2
b4b447d715f9ab302a188fb43d3e96b3,5,3.0,0.2,203.7450741111288,18.746000000000002,4.8,137.186,1,1
b4f8921fcc4ff77b66bea6dda43dcd51,18,7.1,0.05,638.6014672192495,73.418,4.6,569.7524999999999,1,0
b4ffb71f0cb1b1c3d63fad021ecf93e1,144,9.28048780487805,0.024390243902439025,666.1466692187306,15.27260606060606,4.012121212121212,40.339939393939396,1,2
b55638ad525e906c698fa2ce742c1742,11,22.166666666666668,0.16666666666666666,888.5728997882647,24.239166666666666,4.166666666666667,91.23333333333333,1,0
b561927807645834b59ef0d16ba55a24,85,12.031578947368422,0.14736842105263157,529.6049121411456,13.737263157894736,4.336842105263158,47.38936842105263,4,2
b566ab0ef88016e00422755e305103c6,5,12.6,0.2,565.4153325515781,44.044,3.2,241.6,3,0
b56828a9f9027f3c918c04ca720d9e3c,3,16.666666666666668,0.3333333333333333,818.5198628220088,37.20333333333334,2.6666666666666665,120.0,1,0
b56906f7fd1696e043f1bcce164c487b,40,13.095238095238095,0.047619047619047616,849.3037619450691,20.165,3.9523809523809526,51.1545238095238,2,2
b586cd24c010a13916af621b0325fbba,6,4.857142857142857,0.0,441.506311066547,37.712857142857146,3.857142857142857,158.42000000000002,3,1
b5abf4f36adc043117b4fca82c22984c,11,20.88888888888889,0.3333333333333333,711.2381580975176,23.665833333333335,2.4166666666666665,103.98333333333333,5,0
b5b800c4065bebf4d3442311c9857344,1,6.0,0.0,71.31678889535972,8.91,5.0,79.9,1,1
b5bb2b985208834bd5bd86c7a402bbad,2,10.5,0.0,1110.2275900918798,19.33,5.0,310.53,1,1
b5d034ac251546e25afe9067f05c1539,1,12.0,0.0,385.36819630310674,15.37,5.0,69.9,1,1
b5dd7151a92ccaaa282cbe9681a05f44,1,13.0,0.0,714.0403227483315,18.7,5.0,85.0,1,1
b5e3e38609125694d2ea2417522a60b7,16,17.235294117647058,0.23529411764705882,1031.9736237892198,17.714117647058824,4.352941176470588,58.53176470588235,2,2
b5f0712d22a873b6797ab6cc65c3fcba,1,3.0,0.0,15.940030064794867,8.29,4.0,12.99,1,1
b5f49fe968dff6b112861e6cd8e192ef,1,13.0,0.0,822.187296451027,21.485,5.0,97.35000000000001,1,1
b64d51f0435e884e8de603b1655155ae,17,7.565217391304348,0.21739130434782608,246.76163488155748,15.537391304347826,4.130434782608695,18.094782608695652,3,1
b67d6c666e8dce1d078c882825e12704,7,7.875,0.0,609.3320384365269,13.02375,4.875,44.105,2,1
b6d44737c043328708f6749c2dbe50bd,62,7.455696202531645,0.05063291139240506,323.1684587433554,19.57,4.525,67.12,1,2
b6dc74ed30f124f95227bed4e43a3bed,11,17.2,0.1,763.4964401080263,17.586923076923078,3.8461538461538463,39.919999999999995,1,1
b6e1504972665f739dec4facb9943775,14,10.642857142857142,0.07142857142857142,461.6928836306471,16.134999999999998,4.357142857142857,106.03428571428572,3,1
b6f52e346160519c24a23af05410ad32,1,12.0,0.0,123.8593354585565,13.35,4.0,129.9,1,1
b74d1c09cb380e1d03a6f859c6f4224b,31,11.026315789473685,0.15789473684210525,687.7660998371788,21.323076923076922,4.205128205128205,56.96410256410256,5,2
b76a1f8356322f12529c37b67d5c96c2,5,7.0,0.0,192.976681050761,11.278,4.8,59.7,5,1
b76dba6c951ab00dc4edf0a1aa88037e,159,9.778443113772456,0.029940119760479042,523.2130562443682,13.651479289940827,4.149700598802395,15.235384615384614,3,2
b76f4d90e85657a240495c876313adc5,1,2.0,0.0,90.82477651010592,19.3,5.0,299.0,1,1
b77a27b1864483e721dc831d5ba4afa0,2,8.0,0.0,623.3046692324372,14.309999999999999,3.5,20.9,1,1
b7ba853e9551f4558440881fd3e5c815,2,34.0,0.0,855.6791977052627,18.994999999999997,1.0,188.4,2,0
b7cc6c5e001441ae8cdd5c69a480cbe4,6,12.6,0.0,694.147642301154,36.74999999999999,4.166666666666667,108.63333333333333,2,1
b7d5b4b87af9d42b601865d3f3810bff,2,8.0,0.0,729.3332006116059,20.509999999999998,2.0,524.5,1,0
b7e1750c1157341d2abd0251e07c186b,3,9.0,0.0,639.7770852075727,15.24,4.5,39.9,2,1
b7ed9fb14c8eadb37adb9c45d67ab0fb,7,13.090909090909092,0.0,1116.1544178226131,20.15909090909091,2.909090909090909,51.45454545454545,2,1
b8114f2f589a6804810f04f99b36b498,8,4.818181818181818,0.0,461.6631303264099,26.582727272727276,4.7272727272727275,127.23818181818181,1,1
b81e3a6c866a764974fe849821abeebd,8,5.363636363636363,0.0,289.7892676461483,19.714545454545455,4.545454545454546,76.01363636363637,2,1
b839e41795b7f3ad94cc2014a52f6796,33,6.527777777777778,0.027777777777777776,280.22693273714424,25.58138888888889,4.027777777777778,1189.6944444444443,3,2
b83cedfb587e7911540e3f576d6917ce,24,9.72,0.08,411.54839061032317,13.752,4.24,88.99799999999999,2,1
b8555308bfdb4ca1ed54325a58da9a97,26,9.892857142857142,0.07142857142857142,625.2537062824383,20.815357142857145,4.071428571428571,108.82857142857144,1,1
b8578d2d823bd8e251f6fdd02b40902d,9,9.444444444444445,0.0,826.9495640463277,27.11111111111111,4.444444444444445,139.5111111111111,1,1
b8630e1121437d41cb08e3c749c2c2e2,12,10.75,0.16666666666666666,400.25720637187663,28.84166666666667,4.333333333333333,582.3333333333334,2,1
b86a47b3366e3b5424a7b225781f4908,1,14.0,0.0,1217.987080712421,19.85,3.0,86.5,1,1
b87a7ea0c30fad2dd6781b74a0064859,9,14.88888888888889,0.3333333333333333,676.5205537286234,13.594444444444443,3.4444444444444446,57.266666666666666,1,1
b88e7c57cb2d8b973b7dd4a2bfa14b36,4,8.75,0.0,621.3302506570865,16.4425,4.25,88.475,1,1
b8a0adc91af209270c2c725168eb00fd,6,10.5,0.0,421.72339627749574,17.848333333333333,4.0,46.9,1,1
b8bc237ba3788b23da09c0f1f3a3288c,45,11.48936170212766,0.02127659574468085,620.5054899553636,41.17978723404256,4.3478260869565215,291.1853191489362,1,2
b8d890108a7a80e4f5d59eea9f362438,2,11.333333333333334,0.3333333333333333,172.0229345474895,11.530000000000001,3.3333333333333335,29.899999999999995,2,1
b906dd0e57f282c7089171b6ed07982e,2,6.5,0.0,716.3499074128316,17.875,4.0,87.5,1,1
b90e891671cffd9557f33a97dc523645,34,7.102564102564102,0.0,477.8267491037075,16.213076923076922,4.128205128205129,114.07692307692308,2,2
b92e3c8f9738272ff7c59e111e108d7c,62,15.914285714285715,0.02857142857142857,590.5807107410772,34.48871428571429,4.057142857142857,117.587,5,2
b94cc9f10ddc85e4ba73a6f7974e7101,39,10.102564102564102,0.07692307692307693,711.807302621669,26.215128205128206,4.297297297297297,649.9,2,2
b98b715fe9e276204e2a3464f48cd796,6,11.0,0.25,139.32146724689855,11.173333333333332,3.3333333333333335,75.09666666666668,3,1
b9a03475e6447e631b6799ec8274800f,10,10.090909090909092,0.0,944.4870766248373,26.816363636363636,4.2727272727272725,122.64545454545454,3,1
b9c0ffa92f3ff9a5a3d45ef7213c0842,3,20.666666666666668,0.0,1766.8195585661408,27.39,5.0,163.33333333333334,2,0
b9ca8e8baa5d4aa038394a700f63e69f,14,9.214285714285714,0.07142857142857142,415.0343771615371,27.72714285714286,4.214285714285714,92.12642857142858,3,1
b9de031b671cd48b28fae9d828cbf2b4,1,9.0,0.0,1708.3378595871538,43.37,5.0,155.32,1,0
b9ec22de23f18567de0e09d776ca0309,2,6.0,0.0,897.3007368628496,20.245,5.0,170.99,1,1
ba143b05f0110f0dc71ad71b4466ce92,85,9.892857142857142,0.15476190476190477,386.0547528914209,15.616395348837209,4.423529411764706,71.05325581395348,3,2
ba5daa4041e1f15cdf34b76e3e18a450,15,5.133333333333334,0.0,299.5721362871348,10.17,4.266666666666667,53.78666666666667,1,1
ba6b4a237f92479743cf0ca06b67a9ac,8,12.125,0.125,554.801659601808,13.9775,4.25,100.23625,5,2
ba6b68b55fe8704377a7d43c8e5c0185,5,10.2,0.0,597.2808868714247,18.49,4.2,147.954,3,1
ba6ce6de456f6c11d08c17701ba5c26f,6,11.428571428571429,0.14285714285714285,201.7584143766351,18.594285714285714,3.7142857142857144,106.33571428571429,1,1
ba89796db68db180bd389de96b2ff3b6,2,8.5,0.0,296.8852721808156,21.73,5.0,154.9,2,1
ba8e85df286308fe68a2ce83a8f8b2d6,1,9.0,0.0,338.5343354005844,16.76,5.0,80.9,1,1
ba90964cff9b9e0e6f32b23b82465f7b,38,9.631578947368421,0.05263157894736842,543.727713684325,34.5,4.421052631578948,1163.4868421052631,5,2
baa49d93c8c8841e27400a300f5d74b2,6,12.0,0.16666666666666666,540.2045610777271,14.67,4.5,41.06666666666666,1,1
bab0a8cd684e41ba6e2637dca0979d3b,1,13.0,0.0,737.3208862448344,19.14,5.0,269.9,1,1
babcc0ab201e4c60188427cae51a5b8b,1,8.0,0.0,219.19741219456017,14.13,5.0,79.0,1,1
bac44fa8e13424950488659b5f765c41,1,8.0,0.0,530.5152896601861,14.52,5.0,19.9,1,1
bac692d6c0ed08467878018e6cc9c26c,1,7.0,0.0,598.5275971662628,27.41,4.0,159.0,1,1
bacb1f0ed56ad24198f5810d2b3fe9a5,42,9.289473684210526,0.02631578947368421,598.7979207556167,21.26047619047619,4.075,165.2488095238095,3,2
baeda7047354773262ba2405f97038ba,1,23.0,0.0,426.17971254945076,15.1,5.0,35.0,1,1
baf15155e37ef5492731459bdc05be8a,1,33.0,0.0,3.9127160621348116,8.72,5.0,47.0,1,1
bafc5aa11e413978be29040f51342e70,9,13.0,0.1111111111111111,543.8071205189613,16.657777777777778,3.7777777777777777,186.61666666666667,1,1
bb135baca94c82fcb731335ad5b04a03,18,7.7105263157894735,0.0,288.20535540148467,12.44421052631579,2.6578947368421053,27.626315789473683,4,2
bb2afe2061d53c6968aa0cffa233a8ec,5,4.333333333333333,0.0,421.4110281724554,15.770000000000001,4.833333333333333,91.56666666666666,1,1
bb3dca718920a4d7ec3cc9ffb025108b,2,10.333333333333334,0.0,1049.2815145326988,31.233333333333334,2.3333333333333335,36.0,1,1
bb5bd94c8f59cc050072d2930c869cac,16,14.294117647058824,0.058823529411764705,512.0083654405654,17.810000000000002,4.235294117647059,149.63941176470587,2,1
bb5d956dece964a06c12bceb66b923ae,2,10.0,0.0,848.6524205790655,25.07,5.0,639.18,1,1
bb7a14e229b1c95156719c3d9552eeee,11,11.3,0.1,551.7005586165842,29.940909090909088,4.181818181818182,290.0090909090909,3,2
bb7ad8a45c027be8ab075b8e465f8ca0,2,5.0,0.0,383.21536004667246,16.32,5.0,9.99,1,1
bba3293d6f5d5af2f415e004e8b93ae3,17,11.705882352941176,0.058823529411764705,632.9336007379131,19.217058823529413,4.294117647058823,688.3588235294118,2,2
bba74270a87732727b5a3b4fd9ac1c39,36,8.9,0.0,741.4848255670422,18.508536585365853,3.8048780487804876,146.38024390243902,6,2
bba8d0c234a52b87b3957037a215d1a4,1,23.0,0.0,924.2150227079233,19.53,5.0,120.0,1,1
bbad7e518d7af88a0897397ffdca1979,69,14.785714285714286,0.2261904761904762,545.7667205402731,15.743529411764706,3.0357142857142856,52.49670588235294,8,2
bbaff50f3b708fda865918715276cd87,12,8.0,0.125,311.50090970784896,12.629375,4.8125,28.10625,1,1
bbd3acfe6de99892e73940d3fdceaf68,2,3.0,0.0,100.60710495316182,12.275,3.0,34.5,1,1
bbe87dce25ba8b38bb61cc7210a3f10b,2,6.0,0.0,793.9984819636718,34.195,5.0,143.5,1,1
bbf4a892cac7b82422baa711dffb8997,1,3.0,0.0,168.5547111939407,35.34,5.0,70.0,1,1
bbf9ad41dca6603e614efcdad7aab8c4,14,13.428571428571429,0.0,2104.760006666673,55.44714285714286,4.5,560.4285714285714,1,0
bc07d855eac23aab5ac8a120f21d16b2,12,12.166666666666666,0.16666666666666666,576.6720694047312,16.39,4.153846153846154,98.70076923076924,4,2
bc2ac6b95e1accce9858528ee566c17e,18,4.409090909090909,0.0,144.40772243882873,10.661818181818182,4.636363636363637,92.95454545454545,1,1
bc302730ea8cf49b5c74f579febb5bbf,11,10.727272727272727,0.09090909090909091,538.3569644428285,26.297272727272727,3.8181818181818183,240.0818181818182,3,2
bc30de0d71bd6260b936a026b5cf7200,3,12.0,0.0,390.01087587729813,30.159999999999997,4.666666666666667,130.79,1,1
bc39d8938f90a3a2b98193723ed59774,2,4.5,0.0,38.81693129495869,11.155,4.0,153.4,1,1
bc47d5d1490df2b36add65d733eafaba,24,12.863636363636363,0.09090909090909091,734.1758886933238,16.604400000000002,3.28,40.192,1,1
bc503e244f187939d10c92a5c8e378ce,7,9.23076923076923,0.07692307692307693,549.8612857094186,13.883125,3.75,39.854375,1,1
bc8c8d665ec4664d286be0d521722b19,1,8.0,1.0,18.16395061073442,8.32,2.0,22.5,1,0
bca9230d3bbb4efa51872bf605a2f1ad,5,6.6,0.2,127.13539200238486,10.126000000000001,4.0,23.514,1,1
bcc9dd23e2a8bd8267cf92b19304a1b9,3,22.0,0.6666666666666666,520.7015960014564,14.476666666666667,2.3333333333333335,67.59666666666668,2,0
bccf933e006e9b94a6184af782963e77,45,11.130434782608695,0.021739130434782608,674.3446212943857,19.227608695652176,4.533333333333333,90.49434782608695,1,2
bce6a5ecf98e99fd2a8868b15c51f04b,14,10.8,0.2,398.56977696988764,16.10666666666667,4.133333333333334,230.99333333333334,1,1
bd0389da23d89b726abf911cccc54596,87,13.011111111111111,0.07777777777777778,907.9655338651197,18.403444444444442,4.2,83.024,5,2
bd0a1b0aadca9a83d9304f7e8ff5fbd5,4,5.5,0.0,390.4574427311599,13.6475,4.5,37.65,1,1
bd149ed516d4c5d418d5781f8e18919f,8,8.444444444444445,0.0,460.57190159758346,15.77111111111111,4.888888888888889,46.0,1,1
bd15ee794d5e640d9dd71b665b2ab15b,12,14.083333333333334,0.16666666666666666,699.0292948744586,18.2775,4.0,31.23333333333333,2,1
bd1d49a326abfa9b1036772e40445430,12,11.307692307692308,0.07692307692307693,419.53260984581385,14.5,3.8461538461538463,49.05384615384616,1,1
bd23da7354813347129d751591d1a6e2,89,9.379310344827585,0.04597701149425287,504.11553204922524,16.298111111111112,4.022471910112359,117.1588888888889,1,2
bd43e172d599bed47a85da877172ca8c,1,12.0,0.0,491.24535359647706,18.27,5.0,23.92,1,1
bd4431c1a8dfa744b59e1e2a8bc99b9e,7,6.571428571428571,0.0,296.7126860994122,29.155714285714286,4.571428571428571,115.64285714285714,1,1
bd4889b5e9133b35b66e42a8665cea5c,36,9.761904761904763,0.0,655.2820205158703,23.443809523809524,4.463414634146342,149.33095238095237,1,1
bd4ff04377f974574f7f0bf9d6ce7dde,4,21.25,0.25,262.40465982708463,12.535,3.5,41.24,3,1
bd65d163ded559eb90a10cd09fec178f,1,4.0,0.0,77.18364902575527,9.34,4.0,9.9,1,1
bd697db56ff8e7c9cd1abeb7f72029b2,22,10.476190476190476,0.0,842.0334351608824,15.700909090909091,4.181818181818182,139.53545454545454,1,1
bdae679a9b282249bc23b9b69dae9a99,6,7.833333333333333,0.0,854.4653888909917,15.735833333333332,3.5,55.262499999999996,2,1
bdb3edbaee43a761e2d4f258dc08f348,5,11.2,0.2,409.2203717532814,13.772,3.8,51.9,2,1
bdf0d02d36a1d839d0c39c4a887cdd49,5,7.714285714285714,0.0,489.88962620213124,13.707142857142857,5.0,17.142857142857142,1,1
be1e9e378700cecaa4ebf71433d7915c,2,48.0,1.0,1109.4534372925,18.81,3.0,59.94500000000001,1,0
be3b4b0f050a6aa1b2d901c4b77e979f,3,7.375,0.0,549.5450064457186,19.44,2.75,72.27499999999999,2,1
be67f78487e2cecb0d55bc769709e4f5,1,10.0,0.0,849.2413346693122,23.64,5.0,102.0,1,1
be7a093e5b4d147b36b72bb1f9e415e5,1,5.0,0.0,1118.3233809241674,22.36,5.0,60.9,1,1
be8e909810184b9b19e886129149d8e5,15,14.933333333333334,0.2,612.2169438861558,14.415333333333333,3.7333333333333334,41.99,3,2
be9a160a9011f627c3e121d076c1ec7b,7,14.4,0.0,831.6629949329778,35.502857142857145,3.5714285714285716,419.14285714285717,2,0
beadbee30901a7f61d031b6b686095ad,64,13.058823529411764,0.23529411764705882,526.4981018181106,13.78735294117647,3.9411764705882355,64.32323529411764,3,2
bec568278124768c474ee90971ca94d1,2,3.0,0.0,94.93475979639946,14.58,4.5,109.95,2,1
bede56095ba33c42038fb85f707b8a42,2,12.5,0.0,1218.3001763825198,105.435,4.5,1986.95,1,0
bee36b4f9a2b9fdcaff6ec05df202ed0,2,13.0,0.0,48.28957801442834,9.84,3.0,16.9,1,1
bf00385a5f7fc1ef39a13c2e9ee50a5f,29,5.428571428571429,0.0,269.2054840573698,11.818275862068965,4.310344827586207,30.010344827586206,6,2
bf0045791395e66460eb04749c68672a,2,13.5,0.0,1418.215615980931,17.725,4.0,59.9,1,1
bf100ecb7997df312b285358fb32f92c,20,9.095238095238095,0.0,428.00470855182164,16.433809523809526,4.368421052631579,94.85238095238095,3,2
bf3c6d2a28b2b5501e6c15448982dcc9,35,10.162790697674419,0.023255813953488372,642.5750313225194,16.084883720930232,4.4186046511627906,92.01162790697674,2,2
bf84056e679dbe9c69929847a40e338f,36,11.947368421052632,0.07894736842105263,238.90185566806616,11.332,3.725,50.601,2,2
bf961104a38e01b9062ee026bb657dee,4,8.25,0.0,295.7080585741562,19.975,4.5,146.39,1,1
bfd27a966d91cfaafdb25d076585f0da,117,11.904347826086957,0.05217391304347826,574.9063700007747,23.085169491525424,4.2844827586206895,168.82203389830508,6,2
bfd938b22bc99bce1ae60dc602889f52,6,10.666666666666666,0.0,611.5922870037122,16.288333333333334,3.0833333333333335,76.9,4,1
bff9deb0ec77d437f3305a79cf25529e,5,6.8,0.0,544.8931388604885,16.157999999999998,4.0,32.39,1,1
c003204e1ab016dfa150abc119207b24,197,9.27,0.065,548.3402146701633,23.47920792079208,4.422885572139304,124.29747524752476,2,2
c00396cbdd2e088fe4281baa5920aef1,1,12.0,0.0,365.0597767140737,24.48,5.0,277.47,1,1
c004e5ea15737026cecaee0447e00b75,2,33.0,1.0,560.1049810614485,87.16,1.0,2350.0,1,0
c0098efcf800861dcae589affca31408,9,10.88888888888889,0.1111111111111111,342.08183280851205,20.82888888888889,4.777777777777778,132.14222222222222,1,1
c013e57c075a06e5b5c48ee03c525719,42,8.911111111111111,0.08888888888888889,484.014244116003,19.04688888888889,4.155555555555556,43.81222222222222,1,1
c026ef0d72e9132d9fa112308090c8dc,1,11.0,0.0,386.7596729963829,37.72,4.0,520.0,1,1
c03121937e54a93fcc1825c3098bbb6e,7,10.714285714285714,0.0,892.2858752901384,22.134285714285713,5.0,149.0,1,1
c04d70d515d15a7e3db3a73320598566,3,7.0,0.0,731.609681463759,14.155,5.0,39.55,2,1
c0563dd588b775f2e37747ef6ad6c92c,28,10.392857142857142,0.10714285714285714,408.70736213071643,14.195714285714285,4.357142857142857,132.04285714285714,1,1
c092292535a57dacd95a8765f5518f87,1,8.0,0.0,450.3711289052724,18.98,5.0,125.0,1,1
c0aff2da32c17759d30b22fb0af6649d,4,7.6,0.0,702.3023915468394,16.706,3.8,37.760000000000005,2,1
c0e0b73d039eb9a99b6ce4cb7a429cd3,1,4.0,0.0,522.2656068208765,7.68,5.0,29.88,1,1
c0e6839516f5398edc34adf5f1d53d1a,3,5.0,0.0,294.16106425464096,29.30666666666667,2.6666666666666665,144.30666666666667,1,1
c0f3eea2e14555b6faeea3dd58c1b1c3,1,5.0,0.0,359.4531379624055,15.66,5.0,79.99,1,1
c0f783394e37cd9c9d7f5f81141450fa,6,12.833333333333334,0.0,395.0032081278803,14.558333333333332,3.6,41.56666666666666,1,1
c113b8df1fc375bc3d73d29c1b1144d1,3,6.2,0.0,704.803817327081,13.574000000000002,4.2,66.6,1,1
c12b92bf1c350f3e6bf88d3596219c86,17,10.411764705882353,0.058823529411764705,781.6788906522399,26.121176470588235,3.8823529411764706,282.8694117647059,6,2
c12d7463a579237ffb9248bd7cff378b,1,11.0,0.0,16.507935912509776,8.72,4.0,25.9,1,1
c13ef0cfbe42f190780f621ce81f2234,1,28.0,1.0,748.6809169395514,61.28,3.0,390.0,1,0
c13fb473e7cb8b83ccd543c094df0608,2,12.5,0.0,1191.3354619909426,14.36,3.5,27.4,2,1
c1552b1dab6e6f760950368ae61fb600,2,5.0,0.0,79.13066640130776,7.445,2.5,26.9,1,1
c157bdeedcbc9a8e3c8bf0d87ff24428,7,12.3,0.0,876.4310555186205,20.869999999999997,4.5,51.427,2,1
c161d1327ebc3a156c09582ab2f59f6c,3,3.0,0.0,9.978699127138087,7.78,3.0,17.663333333333334,2,1
c18309219e789960add0b2255ca4b091,1,14.0,0.0,345.03191847107763,14.1,5.0,9.9,1,1
c1849d4d32d7a6cecd5aa471809d3135,3,5.0,0.0,50.07467560633813,13.910000000000002,4.333333333333333,129.66,2,1
c1d1ebb4745cc43cb6f05e9c8a705c9a,3,26.0,1.0,80.02935095299364,14.223333333333334,2.3333333333333335,11.5,1,0
c1dde11f12d05c478f5de2d7319ad3b2,1,3.0,0.0,54.78964809809196,7.39,1.0,12.5,1,1
c1ed9e3daf6154542826a6996af0fb8c,9,17.625,0.3125,752.3708784128652,19.375882352941176,4.411764705882353,57.13235294117647,1,1
c1f12f926d0ba950578b4fa41115cbb6,2,25.25,0.25,1086.307837709813,19.24,4.5,119.9,2,0
c240c4061717ac1806ae6ee72be3533b,1,6.0,0.0,365.57984400768686,13.99,4.0,59.9,1,1
c24173065483e421f9e5e7f599de101d,9,15.555555555555555,0.1111111111111111,679.0648340052335,13.033333333333333,3.5555555555555554,41.54555555555556,2,1
c26a2be5b53b7db6b276280da212a779,13,12.944444444444445,0.0,853.4994436566717,44.825,2.7222222222222223,415.6666666666667,1,0
c26ba52cf8d2f34915f2f6b7ffa0a3f3,4,7.0,0.0,181.58999384876637,11.6725,4.0,31.49,1,1
c273175f7c6c80fb02f051e2fc6d0d72,14,10.0,0.07142857142857142,853.4171007872054,18.23,3.7857142857142856,84.87357142857142,2,1
c286ec035ee04ba81c97508f0b5df544,2,14.0,0.0,599.0322339637792,36.45,2.5,246.5,1,0
c2bda99904207edd1834f03e0022b007,2,12.0,0.0,185.891066917302,10.94,2.5,39.9,1,1
c2d70ce2c5d0a2eb75e78668236e6dc8,13,7.6,0.0,419.11451063973306,15.267999999999999,4.666666666666667,164.72666666666666,1,1
c31eff8334d6b3047ed34bebd4d62c36,122,12.272727272727273,0.14049586776859505,467.85639132298303,19.46788617886179,3.8524590163934427,107.2479674796748,2,2
c3251e13f1bbda6c74e37c160f991e19,2,12.5,0.0,1113.1938653273633,37.64,5.0,218.89999999999998,2,1
c32fc744b9160ac853450488e3cfea93,3,15.0,0.0,694.4477367355048,12.606666666666667,2.3333333333333335,61.900000000000006,1,1
c33847515fa6305ce6feb1e818569f13,114,9.0625,0.046875,624.2452653946143,34.175078125,3.71875,121.248828125,2,2
c33a5c3c983090c8b78a28e65052a20d,9,11.0,0.0,426.9848382635762,16.11777777777778,4.222222222222222,69.9,1,1
c353f8fc0ce8344999f17d578eb69a5e,2,9.5,0.0,1238.0907875903072,18.295,5.0,87.99,1,1
c35672b10ad50968f567ea3f4b91e877,18,9.818181818181818,0.045454545454545456,613.9799224119191,16.58090909090909,4.454545454545454,52.29863636363636,2,1
c35affa65afd250151285c5917fc1c8a,9,17.125,0.125,689.9885324331561,79.33444444444444,4.0,586.6566666666666,1,0
c360e4787614ed31ac7a2f95d3b22dc6,1,12.0,0.0,240.96282947939076,30.05,2.0,188.9,1,1
c37b2059d4f90d4feead554e5246565e,12,19.75,0.4375,592.5639912768562,13.87375,3.75,52.45625,1,1
c3867b4666c7d76867627c2f7fb22e21,245,14.771784232365146,0.11203319502074689,621.1373838156213,19.474054054054054,3.8443579766536966,143.44942084942085,1,2
c394e193cda3b4225ff2094d32184849,3,13.454545454545455,0.0,358.09136778563897,15.963333333333333,4.666666666666667,284.99,1,1
c398bc00a606d33758afd91f4e64fd15,2,3.0,0.0,18.841606163656248,7.75,4.5,75.0,1,1
c3aad7dc65449ae90a5e9c3c6c1e78e0,6,7.0,0.0,632.053304313593,21.72666666666667,4.666666666666667,85.0,1,1
c3acdfac4e3e97ff87529454fbc03642,12,10.75,0.08333333333333333,515.2394744209579,22.44,4.25,1399.0,1,1
c3cfdc648177fdbbbb35635a37472c53,278,9.247557003257329,0.02280130293159609,606.781241888971,19.803355048859935,4.447712418300654,140.22208469055374,2,2
c3e1abd72a42fe690fcd89cf5720fe29,13,3.923076923076923,0.0,307.6397374755797,12.997692307692308,4.461538461538462,138.35461538461539,1,1
c3e2398fcc7e581cda2e546557bf6968,1,11.0,0.0,879.6631180813661,15.23,5.0,14.9,1,1
c3ee2331a724e6fc02c4b698b57a73f3,2,6.0,0.0,65.4757007946218,46.96,3.0,449.0,1,1
c3f5668699a1b04c0fa61ecea1e2bff6,3,11.666666666666666,0.0,488.70869190016947,35.70666666666667,5.0,135.93666666666667,2,1
c3fe93ba3085f92855c97e57f38c8c05,7,12.833333333333334,0.0,582.9204760124879,16.28142857142857,5.0,35.0,1,1
c42fd8e4d47dfb18ce5222f2dd7752f9,7,33.72727272727273,0.45454545454545453,451.8134759209075,14.694545454545455,4.0,42.45363636363636,3,0
c43d924a0f1688ee9fae0efcd6f539d4,1,21.0,0.0,354.6697848784281,15.11,4.0,29.9,1,1
c447f8dd3ed213f291d65ef074a268eb,7,11.875,0.0,730.6314982232284,15.278749999999999,3.875,81.875,2,1
c458e2045a8aa8964f8879af03fdcce6,4,14.777777777777779,0.0,1952.622261479746,21.865555555555556,3.111111111111111,54.99,1,0
c4af86330efa7a2620772227d2d670c9,4,14.75,0.0,669.0062789013537,91.24,4.333333333333333,1349.0,1,0
c4d51195486dc781531876a7d00453d8,17,23.11764705882353,0.29411764705882354,1363.5027743641983,33.49235294117647,3.9411764705882355,674.6458823529412,2,0
c4f7fee5b0db50e87766f5a4d1b1b758,8,11.2,0.0,582.3183509710012,63.53,2.6666666666666665,1329.092222222222,4,0
c4fabeea6e569d42d02993bb1f4f1cbc,11,21.363636363636363,0.09090909090909091,2128.6600951998266,25.201818181818183,4.0,78.11818181818182,2,0
c4fb51fb1c5b7c07bc5e67be6e7e8f6e,15,15.5,0.125,950.9032450014442,34.919375,3.5,97.99375,5,2
c500367424994318b9e779ff1ae9a330,9,16.333333333333332,0.1111111111111111,1222.8917209230838,34.66555555555555,3.7777777777777777,482.9333333333333,3,0
c510bc1718f0f2961eaa42a23330681a,13,6.583333333333333,0.0,298.8073874182045,73.91307692307693,4.0,942.3846153846154,1,0
c522be04e020c1e7b79f3acff36513d5,7,15.0,0.3333333333333333,682.9956385946474,14.052857142857144,3.5714285714285716,105.70428571428572,4,2
c52c644cc0dc85121207a27013efc6af,1,7.0,0.0,366.4266293197396,141.58,5.0,198.9,1,0
c53bcd3be457a342a97e39e5a9f0be22,5,12.0,0.0,1045.2902007904192,37.218,3.2,101.9,1,0
c54679b132454625907c773d273d4126,7,5.5,0.0,310.9800408334127,13.491249999999999,4.875,129.0,1,1
c5e60e39c0f42b8e827daa13cff74afa,6,3.0,0.125,60.20692870247658,11.137500000000001,4.125,16.75,1,1
c5ebe6598748b0aeaa61cfb820478b92,3,4.666666666666667,0.0,362.07528306543105,13.39,4.666666666666667,99.0,1,1
c5f7e746b7e6d07def6c0dae9903279b,10,4.7272727272727275,0.0,523.7187934863022,20.901818181818182,4.454545454545454,129.9090909090909,1,1
c5f7feb04a6a1fb3596322bfc3cf1917,11,9.545454545454545,0.09090909090909091,413.7772093826821,30.714545454545455,4.2727272727272725,156.4181818181818,1,1
c60b801f2d52c7f7f91de00870882a75,41,15.512820512820513,0.20512820512820512,616.6501454719474,18.03390243902439,3.317073170731707,314.9634146341463,5,2
c611f4ce9ce875bcc063fa97fd4d7d12,1,4.0,1.0,47.99777735795024,13.25,4.0,319.0,1,0
c6218512d16fcac0af02fe92691cf274,8,14.25,0.125,554.3017747094332,24.33,4.0,84.25,2,1
c6381b1321d7d97717a5bb4ed5b77882,2,3.6666666666666665,0.0,332.4220304251252,11.336666666666666,3.6666666666666665,22.0,2,1
c6381d2d013342748761e906d45aff76,15,16.392857142857142,0.0,882.1024341356317,20.40285714285714,3.0,72.96357142857143,2,1
c64a2aec32cc408a8a4c6d7c46017f91,9,21.22222222222222,0.0,1541.3109338560944,45.18555555555556,3.888888888888889,357.94444444444446,1,0
c66dccfb3f109511246da627dd5a2498,45,10.886363636363637,0.045454545454545456,855.331504870648,21.637777777777778,4.488888888888889,282.4122222222222,2,2
c679fb69a36e1d8349e8c50a217b4d58,14,10.058823529411764,0.17647058823529413,721.2701027234531,22.83588235294118,3.5625,107.39294117647059,2,1
c68fb906c8f4b4b946d8386bfa6e5467,45,10.645833333333334,0.020833333333333332,667.9599800651205,18.592708333333334,4.51063829787234,94.6075,8,2
c6a7539d424a8402232c2228d7a03c5e,10,13.2,0.06666666666666667,587.8405283302087,26.254666666666665,2.6,40.5,1,1
c6bda72e4dbf5c5866b13cb1810c6d03,59,9.745762711864407,0.03389830508474576,519.330864954956,19.26677966101695,4.389830508474576,238.29457627118646,4,2
c70a353f02429c00775a46a75fb787da,6,6.166666666666667,0.0,1056.5905173090334,15.823333333333332,4.666666666666667,40.333333333333336,1,1
c70c1b0d8ca86052f45a432a38b73958,261,7.241071428571429,0.08035714285714286,308.82016158749894,11.653579881656805,4.3014925373134325,108.09872781065087,1,2
c714262700f93defc16bf17a51a4cb23,4,9.75,0.0,748.471367313857,17.3825,3.75,105.45,2,1
c716e0b86ed568878475b60fbb6323ad,1,7.0,0.0,334.49563811331507,15.23,5.0,35.0,1,1
c7246702dc991a06d788120dc7544391,1,20.0,0.0,2187.196485129535,17.66,5.0,54.86,1,0
c72de06d72748d1a0dfb2125be43ba63,21,9.136363636363637,0.0,1040.6256953204866,55.053636363636365,4.454545454545454,796.4545454545455,3,0
c731d18cea9bf687ffee82a241c25b11,24,7.076923076923077,0.0,665.6820488551384,23.486538461538462,3.96,140.84615384615384,5,2
c747d5b92c7648417faea95d36d763e8,1,12.0,0.0,2524.0225490489693,85.75,5.0,139.0,1,0
c74f14c1e26cf1bd5bd34b6a1e274426,1,24.0,0.0,1157.5483309238386,16.79,5.0,39.0,1,1
c76d418370990614e89e956c7a7567d9,2,10.0,0.0,1286.4443800659396,32.265,3.5,152.62,1,0
c79151301b9d90985d1fa52879213105,4,8.285714285714286,0.0,1051.7188678589373,16.35125,4.375,40.2875,1,1
c794dab4928dd97beb41d05514441e86,16,13.375,0.125,648.7976668148227,14.511875,4.375,82.02499999999999,1,1
c7a0a13cbcf29d5ce51c8f80afdc0b89,8,9.555555555555555,0.0,479.7057395133467,19.413333333333334,4.222222222222222,53.675555555555555,2,1
c7b7db6c8f3c64a7cc1afa634db21d50,1,33.0,1.0,104.61984612090689,22.86,1.0,1489.0,1,0
c7bb64409aa480bb7d0335faaaf3d242,4,5.5,0.0,445.15074591840664,16.89,2.25,24.4,1,1
c7c7b2682c648339a0e9846bb1023a39,2,7.666666666666667,0.0,190.37901843433494,10.56,4.666666666666667,56.0,1,1
c7dcd301ecfe5ab7f778ac172cf74be7,4,24.666666666666668,0.0,365.5000598360145,15.535,2.5,114.4225,2,1
c7fdb77fdbff3c41981bc52f787e959e,10,17.363636363636363,0.18181818181818182,934.3117195785691,14.63,3.3333333333333335,58.02666666666667,1,1
c8025364abeecb115431bf95c11a747f,2,7.5,0.5,480.1376775967202,21.64,4.5,464.0,1,0
c8143b3069f6746a77421b5ce30a450c,1,24.0,0.0,1760.1650326838483,43.41,5.0,142.47,1,0
c826c40d7b19f62a09e2d7c5e7295ee2,354,12.745205479452055,0.09041095890410959,615.6253409261485,14.942305630026809,4.0431266846361185,122.36927613941018,2,2
c840d3fdbba0790404fdae73d253b253,9,11.285714285714286,0.0,911.8119973933592,25.689285714285713,3.9285714285714284,323.02,2,1
c8417879a15366a17c30af34c798c332,26,8.8,0.08571428571428572,368.1266664254188,13.54277777777778,4.0285714285714285,49.108333333333334,5,2
c84592044b180dec206770c38603814b,15,12.571428571428571,0.0,579.4476603650838,14.950666666666667,4.2,34.129333333333335,4,2
c8467937e403e76a8ee9f0ab13f6f5ef,30,16.21212121212121,0.12121212121212122,564.0132375096974,17.846969696969698,4.133333333333334,56.17545454545454,1,1
c847e075301870dd144a116762eaff9a,42,16.261904761904763,0.09523809523809523,897.2822239509328,25.862325581395346,4.166666666666667,356.946511627907,4,2
c864036feaab8c1659f65ea4faebe1da,58,11.793103448275861,0.034482758620689655,658.320646401426,31.820172413793102,4.568965517241379,180.2448275862069,1,2
c8660dcf9ba70575f45d80fe28c27713,4,10.285714285714286,0.14285714285714285,521.279776183227,14.855714285714285,4.714285714285714,47.857142857142854,2,1
c8665a4dd081a2c436b1cd921079d0d9,1,4.0,0.0,234.04346938386345,14.14,5.0,79.39,1,1
c8771b1a10bb99bb34d3c459c5cffb53,1,6.0,0.0,454.26296828342714,31.2,5.0,64.9,1,1
c878515173c84a492ebe50d6b493230b,9,15.2,0.2,1030.6735950003745,18.919999999999998,4.2,111.88399999999999,4,2
c87abc38c8ed3240861729e1aeadf221,1,10.0,0.0,621.8390258387415,15.68,1.0,133.0,1,1
c89cf7c468a48af70aada384e722f9e2,14,13.857142857142858,0.07142857142857142,522.8200961221098,16.143571428571427,4.0,53.214285714285715,1,1
c8b0e2b0a7095e5d8219575d5e7e1181,84,9.670588235294117,0.07058823529411765,536.010976380438,17.49564705882353,4.0476190476190474,143.1789411764706,1,2
c8b3445d737de6befde0c88ede534a5e,30,11.027777777777779,0.027777777777777776,576.0256610556867,18.104166666666668,3.9722222222222223,87.47333333333333,2,2
c8c1bea22194a4eefa2dc9a9fa89f536,7,8.0,0.0,898.1427999228907,22.517692307692307,5.0,97.38461538461539,1,1
c8cc60ffd415254af5d9b9f34f32c369,8,4.777777777777778,0.0,233.2107546829451,21.558888888888887,4.666666666666667,80.24444444444445,1,1
c8e135e7b21ecbc36c1153a29d2f5a06,7,7.571428571428571,0.0,105.76428214503653,14.56857142857143,4.857142857142857,166.5,1,1
c963a25b8671419c6ce9eebe8fd03218,1,6.0,0.0,235.36734469871436,19.32,5.0,49.0,1,1
c97aa4ee7420f937da13b7f9e2228b99,1,10.0,0.0,1498.7889376194512,6.66,1.0,29.9,1,1
c990d6cf976a5718aaedc539f383ab88,10,20.444444444444443,0.4444444444444444,593.5342566980595,12.826363636363636,3.1818181818181817,18.263636363636365,3,2
c9a06ece156bb057372c68718ec8909b,14,10.909090909090908,0.0,658.722453020777,38.62285714285714,3.0,334.9214285714285,3,2
c9aafcd0621b2207c10e32c649cada4d,44,8.595744680851064,0.0851063829787234,557.0111659665429,17.089423076923076,4.019230769230769,57.63942307692308,1,1
c9c7905cffc4ef9ff9f113554423e671,127,10.56115107913669,0.11510791366906475,618.9178618596604,15.176474820143886,4.158273381294964,76.67035971223022,9,2
c9d2ba8dde44a275ae06475ed1d2fafc,1,8.0,0.0,700.0527732681992,14.52,5.0,28.79,1,1
c9e5ad1f6647f5dbd1172adf6ae3cada,4,8.5,0.0,901.0435677778233,15.2375,4.75,64.7575,3,1
ca3bd7cd9f149df75950150d010fe4a2,71,13.296296296296296,0.022222222222222223,464.95375892387824,24.92405797101449,3.7246376811594204,70.52065217391305,2,2
ca4b77513ac2040591b0d8fae6958380,14,7.133333333333334,0.2,371.6556491702801,13.411333333333335,4.466666666666667,118.16333333333334,1,1
ca5832c6960267b71041f74bb39e8b12,1,45.0,1.0,786.9187559896234,17.81,1.0,79.9,1,0
ca77545ca4d2dfd1431bf61334e2fa3c,6,12.9,0.0,957.6749635669833,21.371000000000002,4.8,76.0,2,1
ca7c6bd577e559472af1c699de9e764e,6,4.0,0.0,52.97913527227966,8.8525,4.0,18.5,1,1
caa9bc43a9fe8cf9c564ddd8a03cc4a6,13,8.642857142857142,0.07142857142857142,554.2358877619673,16.705000000000002,4.6923076923076925,57.419285714285714,2,1
cab85505710c7cb9b720bceb52b01cee,206,9.715686274509803,0.024509803921568627,531.3137273856224,13.904976076555023,4.288461538461538,54.4933014354067,1,2
cac4c8e7b1ca6252d8f20b2fc1a2e4af,75,19.426829268292682,0.23170731707317074,613.3263754519935,18.727228915662653,3.5121951219512195,50.21903614457832,7,2
cac4e0bc1a3269fa2b6ea5e763f6115b,2,11.666666666666666,0.0,359.8807451778718,16.713333333333335,5.0,19.293333333333333,2,1
cac63f48c38cd7d002a7e846dcd99a23,10,6.7,0.0,433.5960852352837,14.062000000000001,4.8,87.4,1,1
cac876b37d3abcd6bd76caca30277996,27,11.696969696969697,0.15151515151515152,800.6782114419834,22.09151515151515,4.5625,67.56878787878787,6,2
cad10cc982ab6a391570c211b995c17c,1,4.0,0.0,236.4418988887946,12.79,5.0,47.4,1,1
cad9969167c09b48ae6f1d123f7fa68d,2,3.0,0.0,264.9728742981135,13.49,3.0,21.6,1,1
cb0b3bcf14e0a709df412a99424a59d7,2,21.5,0.0,2099.6090811055556,23.715,4.5,230.0,1,0
cb162c8eef257253782d245c08d9097c,1,10.0,0.0,494.81013727151753,14.13,5.0,34.99,1,1
cb32766839f443db85c82a43c4a6c19e,2,19.0,0.0,547.256421420009,15.755,3.0,117.0,1,1
cb3dd9ce66268c7a3ca7241ac70ab58c,50,13.36,0.06,554.3020120088273,16.26826923076923,4.153846153846154,55.38,2,2
cb41bfbcbda0aea354a834ab222f9a59,12,37.0,0.36363636363636365,749.7665828845078,73.89,3.3333333333333335,333.5,1,0
cb4a705d00e100b9732d0ca34817d441,1,24.0,0.0,2198.7924512517316,41.28,1.0,499.0,1,0
cb5df0dcb9e280b1780e9d589889f2c7,16,20.166666666666668,0.16666666666666666,647.999959850136,39.71,2.5555555555555554,154.45894736842106,5,0
cb5ff1b9715e99589f3e0c7a6afab9e3,4,5.5,0.0,398.7840284038963,13.5075,4.0,21.25,1,1
cb6c9f5888a7a090c75beaf615925792,11,9.636363636363637,0.09090909090909091,816.2878457878377,20.825454545454548,3.8181818181818183,70.89909090909092,5,2
cb810bd318f51b3dc3c753944d61a1fa,1,12.0,0.0,2072.604683559216,39.02,4.0,1750.0,1,0
cb8bcce248bb1fb274ba762d8b971456,68,12.074626865671641,0.014925373134328358,583.7501079157372,17.86695652173913,4.260869565217392,136.26376811594204,3,2
cb9fb4ca75d7ba8437480e8dde64fe98,10,8.7,0.0,366.394429034059,17.342000000000002,4.0,53.214,1,1
cbbd5ae8f53de5f5097cd8217b529e24,2,20.0,0.0,1796.6230567142497,35.224999999999994,2.5,175.9,1,0
cbd996ad3c1b7dc71fd0e5f5df9087e2,165,12.34920634920635,0.08465608465608465,571.2560397847234,14.662857142857144,4.081081081081081,42.91346938775511,3,2
cbf09e831b0c11f6f23ffb51004db972,10,4.7,0.0,336.3790662063037,28.02,4.4,153.52,2,1
cc1f04647be106ba74e62b21f358af25,1,13.0,0.0,23.767132619373964,8.29,1.0,11.9,1,1
cc3d14116804f7209f3884f6367f1152,27,12.566666666666666,0.03333333333333333,706.4739304475528,19.426333333333332,4.666666666666667,182.59333333333333,3,2
cc419e0650a3c5ba77189a1882b7556a,1706,11.063408958696916,0.05991855730075625,609.6308350908806,14.46140281690141,4.063384267119411,58.75403943661972,4,2
cc5a78bbad32776dc4e3af205218368c,33,7.184210526315789,0.02631578947368421,416.4081478215395,34.320263157894736,4.473684210526316,112.34684210526316,5,2
cc63f0dd2acba93ffed4fe9f8e0321fa,55,8.555555555555555,0.0,559.8091555961531,22.221746031746033,4.0476190476190474,112.64619047619048,2,2
cc80e2f693fa6e2408f47ccf62413fc1,2,14.0,0.0,743.9654786413724,44.315,4.0,210.0,1,0
cca3071e3e9bb7d12640c9fbe2301306,712,13.746634026927785,0.05385556915544676,560.3599022413802,17.314939759036143,3.8448275862068964,77.12034939759036,6,2
ccada0ef508e698917a6eab263375905,3,9.666666666666666,0.0,819.133097667172,19.720000000000002,3.6666666666666665,57.6,2,1
ccb83a794700270fde70898fe9ff368b,12,16.083333333333332,0.16666666666666666,857.4163779855736,143.64416666666668,4.333333333333333,921.8333333333334,1,0
ccbd753e6863fe7314dc6c0ca5a074e7,1,11.0,0.0,2599.223661641705,101.56,4.0,495.0,1,0
ccc4bbb5f32a6ab2b7066a4130f114e3,187,15.365079365079366,0.07407407407407407,1271.6527994059766,27.380104166666666,4.282722513089006,385.44072916666664,2,2
cce6ab8d1682639fe45ab70234f1665f,63,14.9375,0.046875,532.9608301081017,17.688484848484848,4.4393939393939394,38.22272727272727,1,2
ccf8813e5a7d6c84d865cd38bfc2b130,26,11.115384615384615,0.07692307692307693,428.5760362577856,15.991923076923078,4.384615384615385,101.36538461538461,2,1
cd06602b43d8800bd0afad514919d35c,44,11.423076923076923,0.038461538461538464,408.19340153759174,14.099245283018869,3.6792452830188678,48.83150943396227,3,2
cd2169d9f31ff6fbb9ca3373b0c9e354,1,15.0,0.0,2202.776557161826,56.33,4.0,569.0,1,0
cd233f8bfa30ebfd651f47ee7d054951,1,9.0,0.0,1047.8787897006307,18.66,5.0,79.9,1,1
cd3d09fbe6e3e9ff0c0ac0c300e93ae7,12,11.25,0.08333333333333333,933.7770770666133,19.099166666666665,4.166666666666667,54.25333333333333,1,1
cd52a8efd71af3336b14b5039b951cc1,3,11.0,0.0,1123.432877004305,19.913333333333334,2.3333333333333335,56.93333333333334,1,1
cd68562d3f44870c08922d380acae552,125,16.286821705426355,0.20155038759689922,673.9160252944636,16.72340909090909,3.8396946564885495,140.67954545454546,9,2
cd6efc47efaabf134f8bdb654e10b4f1,31,8.09375,0.09375,494.50016295171633,18.7065625,4.5,129.9546875,6,2
cd843d4cf8ef32827de0396605163ba3,5,15.6,0.0,518.9917787457699,139.512,3.8,383.0,1,0
cda598c48d7c614bc1cad7d8ff6f0010,17,7.777777777777778,0.0,546.3172943969486,16.755555555555556,3.9444444444444446,62.14444444444445,4,2
ce20a2ec1514c25e16f2b5b39bc818f0,4,14.428571428571429,0.42857142857142855,911.1340355167142,29.861428571428572,4.857142857142857,41.0,1,1
ce248b21cb2adc36282ede306b7660e5,65,15.184615384615384,0.1076923076923077,697.376486017185,31.316515151515148,4.196969696969697,230.75848484848484,8,2
ce27a3cc3c8cc1ea79d11e561e9bebb6,135,9.66225165562914,0.019867549668874173,600.5191993626329,14.202560975609755,3.857142857142857,65.13810975609756,11,2
ce33c6211beaa8fef4cae8b52db39862,1,18.0,0.0,499.72551020294907,14.52,3.0,49.0,1,1
ce3ad9de960102d0677a81f5d0bb7b2d,1,4.0,0.0,338.50286997980487,16.21,5.0,158.0,1,1
ce4755084bc097113867e6454f8f5e52,1,6.0,0.0,285.7499272448155,12.79,5.0,18.9,1,1
ce616e1913288884e7742faac9d981db,15,7.090909090909091,0.045454545454545456,177.46255797838103,11.455416666666666,4.666666666666667,15.2125,1,1
ce69a8021d18961dd2a40269b7c2c293,19,9.736842105263158,0.10526315789473684,593.708455617406,24.792105263157897,4.473684210526316,253.57894736842104,4,2
ce7d1888639e6fb06b2749cbfdac1ff7,78,13.726190476190476,0.08333333333333333,398.8269133715763,36.698214285714286,4.107142857142857,140.4034523809524,4,2
cea729054f157f5870bdd321a958d994,24,6.884615384615385,0.038461538461538464,454.6323223086872,13.443076923076923,4.1923076923076925,95.46538461538461,2,1
ceaec5548eefc6e23e6607c5435102e7,203,12.451456310679612,0.05825242718446602,617.8381152812051,30.00872037914692,4.14975845410628,250.7923222748815,7,2
cecd97bc34ed8330bd4cd15713eda670,1,7.0,0.0,705.019700780626,18.51,1.0,57.99,1,1
cee48807215b30a12ca2ca10ffb5f250,39,23.025,0.15,635.9426796966276,22.83225,3.7,180.30575000000002,2,2
cf1313c6e2c01c2f4b014f97db4bcd2b,5,8.0,0.2,464.1681900192517,16.259999999999998,5.0,63.14000000000001,2,1
cf2384dd2f1dddea3f838efed0945e65,16,13.8125,0.0,663.008051507523,27.09,3.9375,131.34375,2,1
cf654707ed6a99f112c7ec3d6f314b8b,3,4.0,0.0,29.869239213317517,8.385,4.75,189.0,1,1
cf8ab1616079e2793aa29d524df01bb1,9,25.833333333333332,0.16666666666666666,770.4447852198615,84.37444444444445,2.0,1599.0,1,0
cfa5ab0e4d3fc212fd0b3410e7081c62,16,13.65,0.0,645.6836176203167,49.47666666666667,3.5238095238095237,294.32380952380953,6,2
cfb1a033743668a192316f3c6d1d2671,147,11.430167597765363,0.10614525139664804,393.4884205265548,18.655217391304348,3.9617486338797816,69.585,1,2
cfd7ddab722b902f7ac5b5f3ba6d723d,12,5.6923076923076925,0.0,518.719579144016,51.77538461538461,4.538461538461538,260.38692307692304,5,2
cfe94489ddd337d1e29e12f2a7205d10,20,7.333333333333333,0.20833333333333334,239.01453059387197,12.3675,4.125,99.0,1,1
d03698c2efd04a549382afa6623e27fb,18,15.142857142857142,0.047619047619047616,1281.6720545374146,37.102380952380955,4.523809523809524,422.16523809523807,2,0
d05ae8f7a5bd1d2a690a44cd079e4e27,78,10.775,0.0875,462.01090245303726,14.313950617283952,3.7875,165.87654320987653,1,2
d06d019f72a04e5497a0b64190af170c,17,8.0,0.058823529411764705,257.57207564849847,13.26529411764706,4.529411764705882,142.1135294117647,1,1
d0d70d21e2234dd7cd3cf63fe414148a,8,8.666666666666666,0.0,1316.840909269309,40.73222222222222,4.222222222222222,66.48888888888888,1,1
d101c6da914ae3d53f7bee42283f2fe2,13,13.125,0.0625,364.9960214315163,16.259375,3.8125,81.0875,3,1
d12c926d74ceff0a90a21184466ce161,78,8.11340206185567,0.010309278350515464,476.3494547702137,12.612525252525254,4.111111111111111,39.84020202020202,8,2
d13e50eaa47b4cbe9eb81465865d8cfc,67,4.573529411764706,0.20588235294117646,274.3183998275156,12.431739130434782,4.811594202898551,103.6963768115942,2,2
d149de2f383552baea37a7198c2296ce,3,4.333333333333333,0.0,177.93782061098787,11.223333333333334,5.0,106.90000000000002,1,1
d1582f4043306e6b91afa6a8a884f898,9,11.666666666666666,0.1111111111111111,585.7610966428846,14.657777777777776,4.111111111111111,110.0,1,1
d17f467e4bf608a510c20d82f4ba3b6b,12,11.545454545454545,0.18181818181818182,718.4002040888048,44.57416666666666,4.0,251.80499999999998,3,0
d180e07dc1e58c31c3f0cd599dc4d945,1,7.0,0.0,467.49384377567446,14.16,3.0,58.8,1,1
d197aa8fbc64087f61984deef05f6227,6,6.714285714285714,0.0,306.78975727496163,15.937142857142858,4.714285714285714,74.1557142857143,2,1
d1a5cc844736958c11b8efab9a2b4c87,1,30.0,1.0,147.40801006476497,16.41,1.0,237.6,1,0
d1aa1ec0839dcab73a6161130eb1f94a,1,35.0,1.0,653.8669002047759,16.14,4.0,119.9,1,0
d1b65fc7debc3361ea86b5f14c68d2e2,40,8.625,0.05,484.673949036928,35.0909756097561,4.560975609756097,285.44073170731707,3,2
d1b9d4be4b6f9ebd85f8acd6745ba612,11,10.454545454545455,0.0,684.4356267476024,17.652727272727272,4.181818181818182,104.94090909090909,1,1
d1c281d3ae149232351cd8c8cc885f0d,215,11.94560669456067,0.08786610878661087,519.3579211825431,22.48525,3.7899159663865545,112.26083333333332,2,2
d1c7fa84e48cfa21a0e595167c1c500e,12,11.5,0.0,870.6406907096222,26.77916666666667,4.333333333333333,96.33583333333333,3,1
d1ef48b38baca7e831711c4a0aeb398f,29,9.323529411764707,0.11764705882352941,602.8927277856,19.302,4.428571428571429,41.97485714285715,6,2
d20b021d3efdf267a402c402a48ea64b,90,16.11764705882353,0.17647058823529413,490.13485170385053,14.858490566037736,3.638095238095238,39.058207547169815,3,2
d23019c84ffae2d5ef2270367b8605fc,39,10.717948717948717,0.02564102564102564,630.4537267217316,70.50615384615385,4.410256410256411,748.8487179487179,1,0
d2374cbcbb3ca4ab1086534108cc3ab7,524,13.80967741935484,0.0532258064516129,516.4542079597892,15.204247226624405,3.683788121990369,33.63537242472266,4,2
d2572f31e9023e9850ef986a636ff9bf,1,10.0,0.0,797.9567851710118,26.69,5.0,279.0,1,1
d25aa0aaacb370e912f8cf6efeba38b3,17,8.523809523809524,0.047619047619047616,755.8977366847803,34.032380952380954,4.523809523809524,126.59285714285713,2,1
d263fa444c1504a75cbca5cc465f592a,1,9.0,0.0,2313.4464083779308,45.07,5.0,399.0,1,0
d26aa40b90272d4843d63be7c1462c8d,2,4.0,0.0,202.2553983097827,12.26,4.5,76.45,1,1
d297f1055de2956aedfd3b04113dce3e,1,3.0,0.0,121.2679522131563,7.64,4.0,54.3,1,1
d29ba1220fb8634fa3a107e54497b8a4,9,6.0,0.0,328.2367474666155,20.324444444444445,3.2222222222222223,80.5488888888889,2,1
d2df77822373f19934e87694d8640767,2,22.0,0.0,620.0090154133452,20.25,3.0,77.95,2,1
d2e753bb80b7d4faa77483ed00edc8ca,14,12.266666666666667,0.06666666666666667,939.351960362837,30.282666666666668,3.7333333333333334,88.04666666666667,2,1
d2f3e277560ed4c6361284429b00f037,7,7.571428571428571,0.0,416.0519040085301,19.15857142857143,4.714285714285714,45.792857142857144,2,1
d32e3909cfb714fb2a6cb092c85b9c5f,10,21.727272727272727,0.2727272727272727,692.5112556856579,22.818181818181817,3.6363636363636362,257.08181818181816,3,0
d354c38a7182125a748cb10474fe963b,18,12.68421052631579,0.05263157894736842,488.9100474250648,15.7925,4.315789473684211,80.5165,2,1
d3674f271c91f824f82d24d92011f669,20,13.35,0.1,776.5120647217642,19.176,4.1,85.91499999999999,2,1
d36b07fd3c5088e477a72d1fccfe29d4,1,13.0,0.0,404.32710439809904,10.96,5.0,328.9,1,1
d379f449f2a3b271bc01c0782020f705,28,13.068965517241379,0.034482758620689655,680.675988678304,37.12896551724138,3.9310344827586206,152.5193103448276,3,2
d3891911c2feae53c52fea2bd14054e5,2,3.5,0.0,292.3572284406853,12.995000000000001,5.0,70.5,1,1
d3dcf0604eabf0224fbd5948b5e02f69,9,17.22222222222222,0.3333333333333333,914.5320016930208,18.345555555555553,3.888888888888889,322.47777777777776,4,0
d3e7d37c0df9aef383f3f2a15b0dddfb,1,13.0,0.0,647.7424280221564,40.34,5.0,161.0,1,1
d3f39f05462b79a4562d35893a28f159,34,11.756756756756756,0.13513513513513514,330.0623539907993,14.670263157894738,3.3684210526315788,63.45526315789474,2,2
d4828feed4cda2cd9d6b37899a95a71e,1,13.0,0.0,494.58044410187887,22.21,2.0,39.9,1,1
d4910f1cdcfdabd48d6b316e395d4a23,11,5.666666666666667,0.08333333333333333,404.6523572160656,17.919999999999998,4.916666666666667,95.57333333333334,1,1
d4a5e99e0dd915df64ba55a7fbd583fd,2,12.666666666666666,0.0,775.6755375900144,14.1,1.6666666666666667,10.858333333333334,2,1
d4d99b60c4c94cd35acd502cec65dc8d,1,19.0,0.0,322.70920963328314,14.39,3.0,72.9,1,1
d4e12e7884759a14fa0f5f896c791cae,29,7.84375,0.0625,356.8228442989562,13.7396875,4.625,43.75,1,1
d4e4b5192cba4e0e66eb12a9d347239d,12,13.0,0.0,1227.9394797916348,17.524166666666666,4.166666666666667,36.81666666666667,1,1
d4f117125b59ce73c3302f88ee40c458,17,7.294117647058823,0.0,383.06814475730744,12.665882352941177,4.823529411764706,46.07588235294117,1,1
d4f91e8be86b38da2ee35bc489645a9d,1,17.0,0.0,138.12150934117108,11.17,5.0,49.99,1,1
d4ffeb15b67e81ff9af2b4252d99fb7e,11,8.583333333333334,0.0,740.8748340618648,27.034166666666664,4.3,116.7,4,2
d50d79cb34e38265a8649c383dcffd48,70,12.628571428571428,0.07142857142857142,765.6107371510869,27.603714285714286,4.246376811594203,185.8917142857143,5,2
d51e0a403fe2e689ece6c73359d96e12,19,12.48,0.08,730.2730631855732,25.885384615384616,4.230769230769231,299.61538461538464,1,1
d52cbce9845184537284a23c3bc3da0e,2,10.0,0.0,670.5919412270616,15.945,5.0,18.75,1,1
d558ebe531605a1285ab2b1bc3256dfb,3,9.0,0.0,732.5753009157409,24.41,4.666666666666667,236.33333333333334,1,1
d566c37fa119d5e66c4e9052e83ee4ea,65,5.342465753424658,0.0410958904109589,327.58300203469753,13.413972602739726,4.71830985915493,70.48904109589041,2,2
d57e18d5f73c7ccb7f7339b61166898d,61,8.666666666666666,0.031746031746031744,506.7210090837914,14.65857142857143,4.444444444444445,50.598412698412695,3,2
d58d521f3789def2e7a22715e0badd93,2,4.5,0.0,33.47333508010834,9.11,3.5,32.99,1,1
d594982fd877af63ace38ea1fca27c76,7,7.714285714285714,0.0,419.6627137339607,13.237142857142857,4.428571428571429,31.005714285714284,2,1
d598f929fc44e1e38678e7f47250ec04,1,11.0,0.0,896.0646988675139,37.4,5.0,69.9,1,1
d5b9a084373da994a6e37f732169a853,7,17.428571428571427,0.2857142857142857,693.7589060584613,25.184285714285718,3.5714285714285716,252.71428571428572,1,0
d5ba419e26d246a0719437cf37d9b46d,34,9.352941176470589,0.11764705882352941,482.8871358432295,14.860285714285714,3.823529411764706,116.04,1,1
d5c530f4884a75ae0dba9c148718d278,6,7.625,0.125,266.228801216476,18.227777777777778,2.6666666666666665,31.20888888888889,2,1
d624126b9206f595fb3fbb6ba03b28a8,23,9.535714285714286,0.03571428571428571,609.5049992672309,20.34642857142857,4.333333333333333,257.1,2,2
d63c73efd41eb002280e7ec831424edb,2,6.0,0.0,498.2707818999668,84.29499999999999,4.0,2799.0,1,0
d63f306de130e0391d38a792541723b8,1,3.0,0.0,15.928590045355234,7.6,5.0,49.0,1,1
d650b663c3b5f6fb392b6326366efa9a,60,9.31578947368421,0.07017543859649122,461.4170852183655,15.169,4.2,320.71500000000003,2,2
d66c11a9572221d92fbb8c4897db5f9b,16,7.9375,0.0,596.0182712371094,24.23875,4.5625,48.535,3,1
d66c305afaec317ebee552073a674429,41,9.454545454545455,0.022727272727272728,640.832512604482,25.515744680851064,4.382978723404255,103.96723404255319,9,2
d673a59aac7a70d8b01e6902bf090a11,79,13.321428571428571,0.09523809523809523,677.8534726182155,18.93595238095238,3.9642857142857144,46.535000000000004,2,2
d6ab728cf30867cf3f1a2e216ae2f9b7,12,10.857142857142858,0.0,585.5046724093505,16.55857142857143,4.428571428571429,143.0,2,1
d6b1ce66b035a475f00c017792ff9769,92,9.685185185185185,0.07407407407407407,495.5984282315634,18.874814814814815,4.165048543689321,113.67962962962963,3,2
d6b664fa0667064c6d76394e7848d790,6,17.0,0.16666666666666666,899.6594983841514,54.056666666666665,4.833333333333333,1013.3333333333334,1,0
d6cd01c59123df02fc226eadbadb5f89,2,18.0,0.0,150.23111636339647,10.403333333333334,2.3333333333333335,81.63333333333334,2,1
d71d863e5ef30d94e440c11be17dcd8f,29,19.333333333333332,0.1,854.5564563822998,20.96527777777778,3.242424242424242,330.5805555555555,5,2
d73cbd89533ce8b041a9190241453ac8,4,12.0,0.0,531.1039087758631,16.255,3.5,92.15,1,1
d7485b33791774c36108f8c69602d48d,10,8.2,0.1,312.1537424325372,21.932,3.7,39.982,1,1
d7827b2af99326a03b0ed9c7a24db0d3,1,13.0,0.0,399.0032022917484,101.7,5.0,1455.0,1,0
d79e8478eed9999493990b44955fb22e,5,7.8,0.2,444.1948779463649,16.144,4.0,144.378,2,1
d7ab82074b5f1dfba46db123df101bff,2,5.333333333333333,0.0,428.0127709536698,15.1,4.333333333333333,12.89,1,1
d7b2377bae6ace1b11fc69a11900ac36,4,19.333333333333332,0.3333333333333333,287.5883238447919,12.99,3.25,82.4,1,1
d7d517afce974cd491b8d52bb5b5b1fc,1,13.0,0.0,969.6359439019773,18.73,4.0,89.99,1,1
d7f1cfc638473be93baedbfd02208016,1,12.0,0.0,1120.1753015800653,17.14,5.0,30.0,1,1
d85efbc8eff2b7adf524e2820569adc8,1,2.0,0.0,41.15283895305403,8.29,5.0,55.0,1,1
d8b8f2cf9ff6ba0389072541cb42498c,1,12.0,0.0,81.25647207638521,20.01,5.0,149.0,1,1
d8bf0fc082fd4a77fc2e5679b6c00133,1,7.0,0.0,52.754398861347205,9.14,5.0,139.9,1,1
d8c7ba53e7e38711eaef8c2849d6d2e1,22,7.636363636363637,0.0,772.0096812228752,27.157727272727275,4.5,54.13045454545454,3,2
d8cf3b6a2151949f930d0252b180ec42,6,6.947368421052632,0.0,539.663413437362,21.393684210526317,3.0,32.82631578947369,1,1
d8d9567d0bfb0bc7eb845a205ba42657,4,13.0,0.5,657.5321742360914,14.9275,3.5,18.65,2,1
d8dd176509baa37f359644d082bf7f7b,2,30.0,1.0,315.99385928611935,15.95,1.5,99.0,1,0
d90fe2229fee1a5da999ccd0c06c1667,3,9.0,0.0,517.8837740495125,22.30333333333333,4.666666666666667,150.0,1,1
d91fb3b7d041e83b64a00a3edfb37e4f,535,10.862857142857143,0.06285714285714286,536.0594575098502,17.333526119402986,4.101503759398496,76.28682835820895,6,2
d921b68bf747894be13a97ae52b0f386,77,9.493506493506494,0.012987012987012988,614.2831595121128,22.8312987012987,4.558441558441558,203.1922077922078,6,2
d93844a9c55ba7ce353388bcf849ea56,12,15.785714285714286,0.14285714285714285,1049.8049870667314,37.215714285714284,4.214285714285714,193.46428571428572,1,0
d93919c944be9cff128f6c9cb899eacb,33,22.575757575757574,0.18181818181818182,799.6946492474862,29.009393939393938,4.0,80.80909090909091,2,2
d93b8458c6fe139d85cfa5eadbf55bd2,1,5.0,0.0,824.3286665552373,14.1,5.0,19.9,1,1
d9442042130b7fe579d1295f9f4a248f,19,10.863636363636363,0.045454545454545456,313.3217624603309,15.403636363636364,4.2272727272727275,35.098181818181814,5,2
d94a40fd42351c259927028d163af842,101,13.238532110091743,0.03669724770642202,488.09554463274793,30.883090909090907,4.102803738317757,125.67090909090908,2,2
d94ba08b99bedd6a5f6c875ecc4a6fac,9,11.222222222222221,0.0,712.7079843920121,17.927,4.8,59.9,1,1
d97df38225e5abadaff1e72cb72b823c,29,11.607142857142858,0.17857142857142858,512.5010229302997,17.824827586206894,3.925925925925926,63.6551724137931,1,1
d98eec89afa3380e14463da2aabaea72,168,8.032786885245901,0.02185792349726776,1023.0082937659535,17.79661202185792,4.291208791208791,38.07939890710382,4,2
d9a84e1403de8da0c3aa531d6d108ba6,54,7.0344827586206895,0.05172413793103448,407.7245092108472,12.409152542372881,4.559322033898305,24.15593220338983,5,2
d9b00a97818674c7f8d8b1ef0e689679,1,2.0,0.0,94.3139658829806,9.18,3.0,69.9,1,1
d9bd94811c3338dceb4181f3dbc0c73e,54,7.262295081967213,0.11475409836065574,321.3876373038363,12.640819672131148,4.819672131147541,113.29540983606559,5,2
d9c349beabc06aa6ff1c6d68b5e9e22e,1,21.0,0.0,2478.6007193280875,37.55,5.0,168.1,1,0
d9cb0052a666de5308b32f32ad5f1b1c,3,12.666666666666666,0.0,428.05631396378095,12.863333333333335,3.6666666666666665,77.3,2,1
d9cd369bffa979d1634f8e1318bf2f1b,3,10.666666666666666,0.0,822.5253228740338,22.27,5.0,226.0,1,1
d9d43faf741ceaa8da52fdbb81d9e0e3,6,9.166666666666666,0.0,1010.6472601319806,26.40625,3.5,26.25,1,1
d9e7e7778b32987280a6f2cb9a39c57d,11,18.46153846153846,0.3076923076923077,1316.8944833936896,20.299230769230768,3.1538461538461537,55.57692307692308,1,0
d9e8c084b68fe958861d8f2c21202e6b,9,10.75,0.0,310.50066740615017,15.155000000000001,4.166666666666667,254.16666666666666,2,1
da03c298e3999e9d828591fc2179d109,4,8.8,0.0,290.9909950754036,10.956,4.8,157.54000000000002,1,1
da20530872245d6cd9d2f5725613c430,2,8.666666666666666,0.0,582.6327605376188,26.419999999999998,4.666666666666667,104.98666666666668,1,1
da2782c804606d2a5d8e1760dbb3e7ec,1,32.0,1.0,355.7162492744396,14.37,1.0,89.0,1,0
da3fede3469bf49b7293ce3fc45b294d,1,11.0,0.0,464.0132257110978,12.79,5.0,44.9,1,1
da6a60cc8cc724fe51be021ff8be779c,12,7.230769230769231,0.0,520.3572878921245,19.676153846153845,4.769230769230769,56.060769230769225,2,1
da7039f29f90ce5b4846ffc0fcc93beb,17,8.38888888888889,0.05555555555555555,627.907086918845,13.580555555555556,4.555555555555555,69.94999999999999,1,1
da8622b14eb17ae2831f4ac5b9dab84a,1314,10.698320413436692,0.07299741602067183,401.7169821505826,16.090103159252095,4.067313915857605,103.31177949709866,4,2
dace965ca58120f92f8d742a9fa1864b,8,7.625,0.0,344.2755172764078,16.47125,4.625,180.25,1,1
daeb5653dd96c1b11860f72209795012,40,11.0,0.07692307692307693,486.5684458391787,15.418536585365853,4.073170731707317,56.24146341463415,8,2
daf565f087a52def0fd5c5825b3661bc,9,8.88888888888889,0.1111111111111111,884.1860061963454,34.214444444444446,3.625,90.43333333333334,1,1
db1f0f7c7e5e87f40b62226f020bb297,3,9.0,0.0,1111.7403315837685,21.573333333333334,4.666666666666667,19.669999999999998,1,1
db2956745b3a8e9f3785c99f34b5d25e,47,13.978260869565217,0.10869565217391304,718.9280643958678,20.318125,3.7291666666666665,179.14583333333334,1,2
db4350fd57ae30082dec7acbaacc17f9,137,10.393103448275863,0.041379310344827586,728.6570971354545,14.317328767123287,4.124137931034483,22.81719178082192,5,2
db46ca7bce82b11f7e247539271fc390,16,7.6875,0.0,343.39478060977456,13.493125,4.5625,58.373125,1,1
db6a4d4b5f1f5f98820ce6ce2619e2de,1,3.0,0.0,36.51091056946641,12.16,5.0,135.99,1,1
db7ed69a53aa9fb1c01930ba54a88bbe,1,3.0,0.0,118.72763139843403,11.78,5.0,109.0,1,1
dbb9b48c841a0e39e21f98e1a6b2ec3e,108,9.466101694915254,0.0423728813559322,484.9553931415091,13.401779661016949,4.203389830508475,60.90550847457627,10,2
dbbcfe2c8d026742134ac3e28ccde274,4,8.0,0.0,255.3410042293334,13.594999999999999,4.0,77.14750000000001,1,1
dbc22125167c298ef99da25668e1011f,406,10.93285371702638,0.023980815347721823,575.6177108407757,18.676876456876457,4.2266355140186915,78.73375291375291,4,2
dbc51f5e45d654ecc16cb68e6817ecea,1,17.0,0.0,453.8521295130837,18.14,4.0,199.99,1,1
dbd66278cbfe1aa1000f90a217ca4695,85,8.606060606060606,0.06060606060606061,372.73095692500914,15.594646464646464,4.454545454545454,49.78686868686869,5,2
dbdd0ec73a4817971d962698f2fea022,16,12.1875,0.0625,1246.5487640151835,111.925,4.375,399.0,1,0
dbec9a0a7efeff029d4d9dce7dc4cc95,3,11.333333333333334,0.0,647.192124012172,39.53,4.0,390.0,1,1
dc120d932ddf9d4dfb6fd68beefda622,1,14.0,0.0,700.837240666345,14.44,1.0,130.0,1,0
dc317f341ab0e22f39acbd9dbf9b4a1f,55,11.758620689655173,0.05172413793103448,1037.7806739656414,61.75396551724138,4.120689655172414,327.38620689655176,3,0
dc4a0fc896dc34b0d5bfec8438291c80,231,13.293388429752065,0.06611570247933884,543.2290157313442,18.53140562248996,3.7791164658634537,97.11152610441768,4,2
dc50afafdfa325eadc890c7fa42a8f4e,4,6.0,0.0,406.6792337598056,14.32,4.75,106.05,2,1
dc64d75cc406bb0697be983831430e60,4,10.0,0.0,759.1994134694768,23.137500000000003,4.75,203.25,1,1
dc7192adf8ba09569261f4a8d576afe0,7,5.625,0.0,571.1374276744814,20.17875,3.625,114.625,3,1
dc8798cbf453b7e0f98745e396cc5616,41,13.069767441860465,0.06976744186046512,469.6384530242571,12.24313725490196,3.1176470588235294,40.319607843137256,3,2
dcb7367a92f5ffb89f1e2152ed260285,1,10.0,0.0,809.8780923616938,18.44,5.0,79.9,1,1
dcf3755cefcdc158ad0b7bdde51e871b,3,13.0,0.0,996.1289694048883,29.776666666666667,4.0,89.90000000000002,2,1
dd264199fc8b687ad029de7de6d760e6,1,18.0,0.0,616.81755172594,20.7,5.0,87.9,1,1
dd2bdf855a9172734fbc3744021ae9b9,108,14.745454545454546,0.05454545454545454,652.8958254067016,18.028141592920356,3.803738317757009,95.72300884955753,8,2
dd39ad39b5d3df33037e141c72497ba6,2,8.0,0.0,391.3750093689674,14.524999999999999,5.0,67.9,2,1
dd4d95ba2d15c071e6c695e2ef6ce169,4,14.25,0.5,670.463747991294,53.6025,4.25,437.0,1,0
dd533b429f380718b70ad9922c294bae,41,16.325581395348838,0.11627906976744186,904.9734171630529,25.582444444444445,3.7333333333333334,62.66155555555555,2,2
dd5450b022b2d00a2145a66331e1aef6,1,7.0,0.0,680.6890918749025,22.34,5.0,59.0,1,1
dd55f1bb788714a40e7954c3be6df745,35,18.2972972972973,0.16216216216216217,779.699103770048,17.82216216216216,3.810810810810811,190.31783783783783,7,2
dd58ee93286b0821565574c570e9e1dc,2,11.5,0.0,270.1870954723308,37.655,5.0,1474.0,1,1
dd7ddc04e1b6c2c614352b383efe2d36,122,14.352112676056338,0.14788732394366197,426.14409939454833,20.234195804195807,3.76056338028169,64.18538461538462,2,2
dd88d13bea9e4c2bf47daf224f8141e5,1,5.0,0.0,54.451558227206895,29.38,5.0,458.0,1,1
dd8a29ce82d5c705ba932d81494600a5,2,8.5,0.0,406.86117952549887,13.75,3.5,102.875,1,1
dd9661d3cda1e6feb237f0c4d8b26f2e,1,18.0,0.0,827.0829154617612,16.98,5.0,174.0,1,1
dda37071807e404c5bb2a1590c66326f,1,16.0,0.0,533.9690527007864,19.28,5.0,199.99,1,1
ddd51ae8cda92f3995a51fc0f0f3eec7,8,6.44,0.0,161.25501768621314,11.0768,4.6,33.708,1,1
dde698c6d0bd24834c586e5111c2bba7,1,7.0,0.0,489.38413510265286,19.19,5.0,155.9,1,1
de09d00cfc265b8804c7df34075a68fa,3,5.666666666666667,0.0,315.0705578124303,14.656666666666666,3.3333333333333335,261.3333333333333,1,1
de0c78824586e9a5f5f04fd84e25df39,14,6.0,0.0,394.44901929473673,13.033125,4.4375,155.58125,1,1
de23c3b98a88888289c6f5cc1209054a,164,10.314606741573034,0.0898876404494382,466.4719332509174,14.818453038674033,4.281767955801105,145.85453038674035,6,2
de66a66f2dd06bb9ec37aa96987466a3,7,14.125,0.0,502.01200127388057,14.4575,4.25,44.165,2,1
de722cd6dad950a92b7d4f82673f8833,339,12.36339522546419,0.03978779840848806,1573.9812294199846,25.55844327176781,4.159151193633952,146.2430079155673,2,2
de9727ca376d1be6ec121b110aa7954c,10,10.909090909090908,0.09090909090909091,549.3278774062293,17.61583333333333,3.75,88.22500000000001,1,1
debe6615cd90cc0c2eac2b8988e1f628,5,11.2,0.0,754.46490066911,19.106,4.6,55.7,2,1
dedcab67899479e4ea5dcc4eba47f587,2,5.0,0.0,57.430278801919705,10.82,4.5,42.0,1,1
dee656f0f566ed1aa85bd137c943f08f,93,12.01063829787234,0.05319148936170213,572.3450486511895,17.859894736842104,4.382978723404255,66.02084210526316,12,2
df0f42bc4c2142eacf0eaf2cffd0cfbb,14,13.875,0.0,607.3097561535876,18.278125,4.0625,103.375,1,1
df47da4ae86fa4db890d05aaf24e21d8,5,6.6,0.0,403.0771523326297,15.436000000000002,4.2,62.1,2,1
df560393f3a51e74553ab94004ba5c87,28,17.51851851851852,0.07407407407407407,798.6146581295884,20.901724137931033,3.7241379310344827,126.24758620689656,2,2
df56d7b40d437f88407c5f78b63bc328,22,11.72,0.04,716.8254797303899,18.4088,3.88,111.6512,1,1
df683dfda87bf71ac3fc63063fba369d,1,189.0,1.0,828.8304986625957,16.05,1.0,39.9,1,0
df91910b6a03bb2e3358fa6a35e32f6f,14,8.846153846153847,0.0,858.5596074991602,28.215714285714284,4.357142857142857,165.15,1,1
dfa0c4c6229ab200a4a1336b4d7128ff,77,9.186046511627907,0.03488372093023256,723.9187354234648,20.54779069767442,4.011627906976744,55.54767441860466,11,2
dfc475d54e1b6dbeeb7d7d9bdaa63827,19,12.5,0.05,618.9420789010439,20.681428571428572,4.380952380952381,85.41714285714286,2,1
dfc5fb7259bb2b599ca565e6e9448f0f,33,13.970588235294118,0.058823529411764705,667.1045699671955,21.216176470588238,4.117647058823529,180.13617647058823,2,2
e00d85ce20ea50c1224c66ca5050527d,1,2.0,0.0,19.9889965697781,8.3,4.0,149.0,1,1
e0482f2c769468c3bbcd8a01e09d98c5,1,5.0,0.0,530.3097969167121,45.4,4.0,189.0,1,1
e0487761face83d64fcada2408959a36,2,3.0,0.0,40.64424266799355,7.4350000000000005,4.5,24.625,2,1
e067ad2c1c0b48758eb1b5228bcf7a68,54,14.0,0.08196721311475409,499.276172827686,16.481311475409836,4.131147540983607,82.66475409836066,1,2
e06f09ec0a4aca210779cf1cfc63cf19,29,14.548387096774194,0.06451612903225806,714.1861162231152,20.061935483870965,4.032258064516129,170.30612903225807,11,2
e0878efa0e0b7e5313ac0b43bc04c081,27,17.714285714285715,0.17857142857142858,795.0846601809669,18.26241379310345,3.4482758620689653,174.6655172413793,2,2
e09887ca8c7bf8a4621ce481820414ef,3,41.666666666666664,0.3333333333333333,1384.8272680946823,14.674999999999999,3.0,29.990000000000002,1,0
e0a366315b1b726b6c7832d664c0f530,43,6.9411764705882355,0.0392156862745098,357.15924306781824,14.609411764705882,4.333333333333333,145.09980392156862,4,2
e0a3c37054ade6478d923a6efc10f308,2,7.0,0.0,245.34578275739625,17.59,5.0,109.9,1,1
e0b162a693bc7f9eab00f783a31d60ea,1,11.0,0.0,1474.5310723635641,29.69,5.0,20.0,1,1
e0eabded302882513ced4ea3eb0c7059,8,10.875,0.0,631.5659052830392,17.34875,4.625,122.30000000000001,2,1
e1643dff33666ca629e3644c02738179,3,4.0,0.0,35.76980869268178,9.77,4.333333333333333,56.666666666666664,2,1
e1b12447a7563944843191754aeb5562,9,15.5,0.3,551.8762578902099,12.667,4.5,47.246,4,2
e1bed63d68ac36fe1f3061befe196af5,1,8.0,0.0,290.63005612626034,18.0,5.0,199.0,1,1
e1c76f339ebd5460999f25a2aa8c92c5,1,29.0,0.0,2210.261670539442,28.8,5.0,899.9,1,0
e1dc0754bada9ee4cfe9713f22f61292,12,7.833333333333333,0.0,712.6894671293203,22.064999999999998,3.8333333333333335,73.75,4,2
e21a1e8be4715b0fcfd5385643bc49c4,21,16.130434782608695,0.0,979.6934889865511,19.678749999999997,3.6666666666666665,29.316666666666663,4,2
e24d3429d294b2eb200b064ebb035879,19,7.318181818181818,0.045454545454545456,690.4511718591353,16.914545454545454,4.136363636363637,85.39,1,1
e24fc9fcd865784fb25705606fe3dfe7,52,12.181818181818182,0.07272727272727272,656.859720174138,18.405535714285715,4.196428571428571,231.0,3,2
e250d617a0ad591ba9bd663e584a895d,8,7.8,0.0,334.6988269938079,15.0395,2.8,45.206,1,1
e256a62e0ac58c0edfba09966142d561,12,8.0,0.0,441.66389519729563,23.96,4.5,105.29357142857144,2,1
e26901d5ab434ce92fd9b5c256820a4e,202,8.78139534883721,0.023255813953488372,390.0900660847463,13.339276018099548,4.0588235294117645,54.25746606334842,7,2
e2a1ac9bf33e5549a2a4f834e70df2f8,5,11.8,0.0,535.5933202641355,40.222,4.8,2999.89,1,0
e2aee0892199b1d92530e371abd825bf,38,14.564102564102564,0.1282051282051282,688.9115447547808,64.74926829268293,3.8048780487804876,138.11146341463413,4,2
e2c92f9c1c7746d899d18f2e158bbff7,14,8.666666666666666,0.0,733.2683707415833,27.993571428571432,4.071428571428571,135.3357142857143,1,1
e333046ce6517bd8bb510291d44f0130,68,9.554054054054054,0.05405405405405406,552.4322126490279,19.34216216216216,4.391891891891892,98.21621621621621,6,2
e38db885400cd35c71dfd162f2c1dbcf,30,12.21875,0.125,926.0799456700395,20.9609375,4.5,64.5875,1,1
e3a386fc36e22064434e1fa256f6a9fa,16,10.117647058823529,0.17647058823529413,448.86904710462926,14.897058823529411,4.235294117647059,46.699999999999996,1,1
e3b4998c7a498169dc7bce44e6bb6277,3,18.0,0.0,328.6740952082256,72.26333333333334,2.6666666666666665,2299.2999999999997,3,0
e3d3b3efac954a60d61be70b7e05b49b,3,10.666666666666666,0.0,327.63442959373225,41.26,4.333333333333333,427.34999999999997,1,1
e3dd723429d1b23614b7fa85e2c7a853,7,13.0,0.25,313.31124960321245,15.82125,3.375,58.88125,2,1
e3e290b38963293022cdcd6db8328103,3,9.0,0.0,455.67090102302745,15.446666666666667,3.3333333333333335,45.23333333333333,2,1
e433f5fd4050e3352b5d83522b7fe24b,1,7.0,0.0,502.59791157645583,48.71,4.0,548.06,1,1
e439f7176d763f92de325271111b2fd5,7,9.333333333333334,0.0,378.09200475493236,33.660000000000004,5.0,192.62857142857143,1,1
e45edf75f568ed2f93f78d060e246e25,6,11.285714285714286,0.14285714285714285,575.9708572706553,16.274285714285714,4.142857142857143,23.471428571428568,1,1
e48b04bf1aa1ef711caebeb7aede6180,25,10.12,0.0,578.4340035151965,25.8252,4.48,127.48400000000001,3,2
e48cc16ab70bfa09e1401740dce0b3d7,14,14.176470588235293,0.11764705882352941,871.8633759959907,19.194117647058825,3.235294117647059,63.813529411764705,1,1
e49c26c3edfa46d227d5121a6b6e4d37,35,11.114285714285714,0.0,1474.2930415150158,32.65166666666667,4.416666666666667,101.50694444444444,7,2
e4ebd3f87bf70440014f07ddda7fbe03,7,17.571428571428573,0.14285714285714285,1041.0570506937968,16.537142857142857,4.571428571428571,95.92857142857143,3,1
e4f121bf6ef8b9a1d4d3e65dd0473fab,2,21.0,0.5,955.0881005739801,18.23,3.0,35.0,2,0
e4fc40017a6d22c46a14ac2e17f87c3e,3,10.0,0.0,1674.1755522720443,91.68333333333334,2.3333333333333335,129.0,2,0
e503f22be6a4f456d9851920a5d9c670,2,5.5,0.0,730.3153226832989,16.22,4.0,99.45,1,1
e504a4e2efaa45cbff7e268a2c58c956,11,12.181818181818182,0.2727272727272727,316.8418679394275,22.938333333333333,3.6666666666666665,99.06666666666668,1,1
e51f22821f0c12a16ad5c020cdcd55e9,4,9.75,0.0,709.8123606832256,24.5325,4.75,224.6775,1,1
e53d5b9b29d1218281f4a907ada18626,4,6.6,0.0,1012.9654291531702,26.65,4.8,70.134,1,1
e546117ed9cafbc40239c0c78635c584,2,6.0,0.0,247.10180053946698,14.17,4.5,228.0,1,1
e5475dcab1e07b63d7f6e902d8f5eda8,19,9.157894736842104,0.05263157894736842,388.5567372343251,13.222105263157895,4.105263157894737,115.36842105263158,2,1
e5545d4d4473876ea78c5bcebca365c3,1,5.0,0.0,310.030080394692,12.97,5.0,44.5,1,1
e560e4022d8f7aebf155db95946c5c0f,2,9.5,0.0,814.6603537195139,45.105000000000004,5.0,390.0,1,1
e5899683388855d3dabe8913bbe365de,3,7.333333333333333,0.0,1007.2119306212785,26.993333333333336,4.0,150.96,1,1
e58a5b390e28abc0b216cfb0e07d27d7,7,7.0,0.0,705.0631712008818,20.66142857142857,4.857142857142857,146.0857142857143,2,1
e595809a6c31ec4314fd06ef198c244d,1,15.0,0.0,434.87036429858676,18.23,5.0,39.0,1,1
e59aa562b9f8076dd550fcddf0e73491,70,13.304878048780488,0.08536585365853659,783.1073888682558,26.543690476190477,4.25,375.8845238095238,1,2
e59e489e2ea74bd409b798b5daf49de3,3,14.0,0.0,706.1156435967839,17.352,2.2,99.0,1,1
e59e575a175fadcadf8479e191770425,1,5.0,0.0,362.4118269937678,50.98,5.0,199.9,1,1
e5a3438891c0bfdb9394643f95273d8e,224,14.902834008097166,0.18218623481781376,491.4652308767795,13.23243137254902,3.8214285714285716,30.34647058823529,2,2
e5a38146df062edaf55c38afa99e42dc,121,11.766129032258064,0.08870967741935484,476.38496301448833,15.15616,3.943548387096774,122.88056,9,2
e5bd51692380fd8cabb19b756b95e714,3,33.0,1.0,242.86751326513672,11.113333333333335,2.3333333333333335,39.9,1,0
e5c84227854980f1db19a58958c551d9,4,9.75,0.0,519.1734324628997,17.2075,4.75,18.2025,2,1
e5cbe890e679490127e9a390b46bbd20,2,5.0,0.0,442.18695364930267,14.36,4.5,454.495,1,1
e5d4b2b0c3bca22085f7a19a28de0c42,4,12.25,0.25,658.8920610760297,15.94,4.5,51.45,3,1
e5def42655b7490edac5a56fe8e9e603,1,5.0,0.0,90.4961829289355,11.52,5.0,129.9,1,1
e5e33c0d8e7e002f398f5dc4cbbb338f,28,11.407407407407407,0.1111111111111111,706.0992589204224,26.849310344827586,4.344827586206897,230.9896551724138,2,2
e5f9e61ceb5f523cc966e0f34095032f,4,20.0,0.25,686.2486603992486,28.86,4.0,559.5,2,0
e601b04acf48b4576e73ddca9481f0dc,15,6.625,0.0,263.03854194043487,13.1875,3.875,30.74625,7,2
e603cf3fec55f8697c9059638d6c8eb5,8,6.1,0.0,1234.6568874582338,16.86090909090909,4.454545454545454,27.0,1,1
e627629ba868740e287800f1a9be81c2,13,6.545454545454546,0.0,219.82035035296693,10.696153846153846,4.461538461538462,38.80769230769231,3,1
e62b2d6ac10570a035a30bafcf01d263,62,14.267605633802816,0.15492957746478872,673.6430440525346,14.578591549295774,3.8333333333333335,75.21676056338029,12,2
e63e8bfa530fb16910dd6956e592bb81,42,8.880952380952381,0.047619047619047616,319.5433043619568,15.522558139534885,4.255813953488372,30.504651162790697,2,2
e644cbadf7eeb30d0d29f335ce7d52ec,8,6.555555555555555,0.0,446.55316048100576,18.469,3.7,87.89,3,1
e64882b4ef12aee8d0faca4db5b681f4,1,25.0,0.0,1213.0280268820657,21.61,4.0,115.0,1,0
e64d65bc8dbec2accda90c58de5d1246,12,13.0,0.3333333333333333,494.95435519668905,18.43,3.0833333333333335,139.9,1,1
e64ddbe1cbcf4f2fc3092b7c481f3f9d,1,5.0,0.0,88.9051802809713,7.39,5.0,20.9,1,1
e6a69c4a27dfdd98ffe5aa757ad744bc,24,9.782608695652174,0.0,239.9590582508556,15.266896551724138,3.6206896551724137,71.59310344827585,4,2
e70053bf73d1b5863932e53a9fa47496,7,13.0,0.0,680.6689063532862,19.082857142857144,4.285714285714286,575.0,2,1
e72b4feb7abe210c52aa667abc25a3a2,1,4.0,0.0,15.988456357310158,8.72,5.0,19.1,1,1
e732329483fd5f27367dd997b47f598a,1,12.0,0.0,1896.9646638147187,34.57,5.0,109.9,1,0
e73bf2cea7fe4b0b4d287a7568ed1099,4,4.4,0.0,552.7472315810422,20.026000000000003,5.0,147.54,2,1
e76ecc7e9a1a1e3c6df9d2a8261c423d,1,12.0,0.0,343.3872502212145,14.1,5.0,20.0,1,1
e7d5b006eb624f13074497221eb37807,28,10.53968253968254,0.031746031746031744,274.97086037484354,11.76968253968254,3.111111111111111,55.22111111111111,2,2
e7df4cd29ab5abab70fb0783ddb53987,23,9.791666666666666,0.16666666666666666,312.607817014924,17.22375,4.291666666666667,400.36249999999995,3,2
e7f3bf1ecd8526eb7f3b18059e6716e5,18,8.277777777777779,0.0,499.8065960548647,14.534210526315789,4.368421052631579,77.44947368421053,4,2
e819bcfade7b5d88a27325eb6cfd62c5,5,8.545454545454545,0.09090909090909091,185.74315211422902,12.304545454545455,3.5454545454545454,18.44545454545454,3,1
e81e1f9c3e762e620f3fb60a51499e16,17,30.444444444444443,0.1111111111111111,1113.4089419008417,28.52777777777778,3.823529411764706,248.11055555555555,3,0
e82de6494d91d3c4c54450f59b227a94,3,18.0,0.3333333333333333,393.45558121709945,12.933333333333332,5.0,39.63333333333333,2,1
e83c76265fc54bf41eac728805e4da77,8,32.125,0.125,563.6763124826431,12.39875,3.625,29.662499999999998,1,1
e83e93b71371817b11d78a63ff156aee,2,17.666666666666668,0.0,336.58244974503026,29.12666666666667,4.666666666666667,95.33333333333333,1,1
e84ad2127668df3aafc6b73531a0beb8,19,9.217391304347826,0.043478260869565216,566.6999831757911,12.466521739130435,4.391304347826087,42.91304347826087,2,1
e88165a185134e13fdfc85d4fa654db8,2,8.5,0.5,68.87122521273864,20.61,3.0,54.0,1,1
e882b2a25a10b9c057cc49695f222c19,57,9.017241379310345,0.0,387.4482569029287,49.2451724137931,4.586206896551724,880.3024137931035,8,2
e883aa812c37a7413226856f4579fe91,26,9.551724137931034,0.034482758620689655,569.1247288058246,15.77103448275862,3.896551724137931,141.2793103448276,5,2
e88c9b79e592e370d6bd852eeefbf057,8,8.11111111111111,0.0,734.0920104157198,15.79,4.777777777777778,27.985555555555557,2,1
e88f7a2995ba184710d339c5c4bf2e30,2,10.5,0.0,990.7419060012879,17.955,5.0,125.8,1,1
e89c4adbe7b1d0819dbb636e16461cf1,24,14.32,0.12,455.85056210668546,18.194000000000003,3.88,127.25200000000001,1,1
e8a85b5f3df47be0984c55fd4064dbb4,8,10.214285714285714,0.14285714285714285,457.93496887459605,15.927857142857144,4.714285714285714,53.07142857142857,4,1
e8b3a3a38279a82f0e5d006d5e5b7d2c,87,16.48235294117647,0.047058823529411764,842.7823445651746,19.148804347826086,3.7282608695652173,142.9858695652174,6,2
e8b4225284fbb02d16f200513f1f395d,31,9.666666666666666,0.1,595.0967662522022,41.858387096774194,4.193548387096774,186.72645161290325,1,1
e8dba4d70f7f2b20e775d09cae01142d,9,8.333333333333334,0.1111111111111111,406.5092763112218,19.608888888888888,4.333333333333333,95.10111111111111,2,1
e8f6dc8e6a1dcde89d20e3995c8d90b3,36,12.318181818181818,0.06818181818181818,426.12283055660856,42.74333333333333,3.3541666666666665,47.007083333333334,9,2
e8ff5a6ceb895583033fc2a0f314e3c2,1,3.0,0.0,438.2178335584742,19.08,5.0,139.89,1,1
e908c0f3646e8b60375734a350d95d71,1,27.0,0.0,1457.1782762268567,58.53,4.0,2951.0,1,0
e94b64dc6979b302a5a5be1662c83bb6,2,8.5,0.0,787.0605266115405,15.870000000000001,5.0,153.445,1,1
e9511df20ccd82658a30c37b7fb343af,22,9.133333333333333,0.0,621.8746203584019,24.216666666666665,4.466666666666667,69.88666666666667,2,1
e96498ed8daaa3e9c23f7a62da76591c,34,14.735294117647058,0.14705882352941177,788.1096713152168,20.973529411764705,3.9411764705882355,282.9144117647059,1,2
e9729944ba65dc3ce425e0c5a22ae7b2,4,9.75,0.25,200.69286506416339,15.4325,3.75,229.175,1,1
e9779976487b77c6d4ac45f75ec7afe9,657,9.387533875338754,0.07452574525745258,367.98354839359996,13.519613333333332,4.166219839142091,57.550599999999996,8,2
e9874ae10b2d60d43917b6bbfa13a599,1,6.0,0.0,459.77634837051096,23.1,5.0,199.0,1,1
e99e927c81e3f51739c94fcdfca9f10f,22,13.583333333333334,0.16666666666666666,673.1593406668994,26.3056,3.56,108.11319999999999,3,2
e9b6c33b71b67737693b4cfa68341c8d,1,11.0,0.0,21.410008603462824,21.49,4.0,119.9,1,1
e9bc59e7b60fc3063eb2290deda4cced,216,14.103846153846154,0.12692307692307692,683.3072490452305,17.429368029739777,3.9442379182156135,127.66936802973977,2,2
e9c2dc0dd4ac38448289be644ac94f42,3,5.0,0.0,409.02780202650746,18.74,5.0,39.46333333333333,2,1
e9c6969d40e6a3d2d0f90013165c2b98,10,8.7,0.0,679.8563875879041,24.2,4.4,523.9979999999999,1,1
e9d99831abad74458942f21e16f33f92,130,12.114093959731544,0.10067114093959731,557.4075543769412,13.37973154362416,3.9054054054054053,33.036778523489936,4,2
e9e446d01bd10a97a8ffcfc4a3a20cb2,4,5.0,0.0,36.73173904252195,7.39,3.5,15.0125,1,1
ea00f977a203ff88adf7057cb7806998,19,4.888888888888889,0.1111111111111111,130.81473800543176,9.667368421052632,4.105263157894737,20.51157894736842,1,1
ea1776927851da2532aa70d6a32c095a,3,8.5,0.0,629.8906715634462,17.84,2.6666666666666665,106.26666666666667,2,1
ea3ebea5317b0efbc663ecc8ce5e9bc2,3,8.666666666666666,0.0,631.3912738657006,19.216666666666665,4.0,99.90000000000002,1,1
ea4e9ce63a2134743b4a92777437fcdd,3,8.75,0.0,628.6647873004769,16.425,4.75,79.15,1,1
ea566164622c6b439516ab18062c42cd,50,13.807692307692308,0.23076923076923078,642.7656925040616,16.51076923076923,3.75,198.2580769230769,9,2
ea65d8b58316a6f2362f2a9e4b3e86ad,9,9.6875,0.0,345.74806433605085,14.42625,3.1875,128.8375,6,2
ea67327e24487bdfac5fbfa37ea124df,32,8.117647058823529,0.029411764705882353,433.5086244251107,27.355882352941176,3.5588235294117645,183.82882352941178,1,1
ea6b12bf9ffe2bac34602ec631d97a47,11,16.0,0.0,628.1950671979832,18.683636363636364,4.090909090909091,238.7090909090909,4,2
ea846a0e7ad98a741783e886d89dfa44,2,11.0,0.0,541.5890814504693,18.419999999999998,5.0,45.666666666666664,1,1
ea8482cd71df3c1969d7b9473ff13abc,1146,12.8510101010101,0.10353535353535354,673.837156249909,14.584181213632586,3.952341137123746,30.90400665004156,2,2
eaaa46e98c9e61f6764dd1d7a2ab8b3e,1,11.0,0.0,731.4019899333277,27.64,5.0,98.0,1,1
ead2bab70821ea148476ae9bc08548ac,9,6.777777777777778,0.0,704.533125485276,12.911111111111111,4.555555555555555,45.78888888888889,1,1
eae9af4811c294c56795d70e715b7337,1,2.0,0.0,10.647049501004254,11.11,5.0,15.9,1,1
eaf6d55068dea77334e8477d3878d89e,3,5.666666666666667,0.0,315.92613125832355,11.003333333333332,5.0,17.0,1,1
eb1bf309f4f6af9a97e9ddac3fdbeabe,1,8.0,0.0,14.886930630702759,8.88,5.0,22.3,1,1
eb3071b9f0b0ddaa2df5ea130f09f26b,9,7.909090909090909,0.09090909090909091,337.3263662641726,52.85636363636363,4.636363636363637,566.3636363636364,2,1
eb4a59a06b3948e851a7d7a830bcbc42,2,11.0,0.0,1439.3796963529953,22.0,3.0,32.0,1,1
eb4df17aed01d918c65f0f8d650900c0,11,12.545454545454545,0.2727272727272727,460.89095974747,16.87181818181818,3.909090909090909,339.98818181818183,2,1
eb5b6204dde3a6e03b5f1bb8479f055b,19,10.19047619047619,0.047619047619047616,352.3448841157883,13.10142857142857,3.857142857142857,21.53333333333333,5,2
eb72802c83dc7547529c9546d1a9b8ef,8,5.875,0.0,270.91766853548233,14.71375,4.625,132.99,6,2
eb9267cccc90f1b49c8d2f9887c7dd97,1,7.0,0.0,2126.893005582083,26.37,5.0,319.9,1,0
eb9cd5b35d95206585e2185318cb5c61,2,16.666666666666668,0.3333333333333333,1134.4838305556334,20.516666666666666,2.3333333333333335,183.33333333333334,1,0
eba88037e1dca898cd02881f67ced679,6,10.833333333333334,0.16666666666666666,338.7884072313514,15.578333333333333,4.333333333333333,139.68333333333334,1,1
ebd1417732defaf66c50b5a800eb293e,1,6.0,0.0,467.39356340151846,16.33,5.0,309.0,1,1
ebd2d60905fb58271facef5596b620d3,84,12.388235294117647,0.03529411764705882,710.1975022151188,19.696590909090908,4.125,90.24681818181818,1,2
ebe3dabc4955c9b0d695e7bda38bf5c3,1,23.0,1.0,296.0835523496676,11.89,3.0,55.0,1,0
ebef8d8c92b4fd3226e5d407bbff21ac,3,39.666666666666664,0.3333333333333333,315.5942930129627,16.12,2.6666666666666665,84.56666666666668,2,0
ec21206b7894c503788a684a7bc822a6,3,8.0,0.0,473.20789891503085,16.203333333333333,2.6666666666666665,82.60000000000001,2,1
ec2e006556300a79a5a91e4876ab3a56,4,13.0,0.5,36.12395079843992,8.255,1.375,15.65,2,1
ec4608a1f76453166bb312b2968aeaf4,18,13.620689655172415,0.20689655172413793,261.18156746933136,26.846,2.6857142857142855,33.76428571428571,1,1
ec5c1d94df153d473b37f880977ae58e,2,11.333333333333334,0.0,1362.075716830753,28.02333333333333,1.6666666666666667,66.55666666666667,2,0
ec80e49e69745ab6c14f984bf2149423,12,12.25,0.16666666666666666,467.5227166682716,15.6925,4.0,309.0833333333333,1,1
ec8463980a4e0ea9f8517aea1ed0c419,2,12.75,0.75,255.17608963541176,14.844999999999999,5.0,29.9,1,1
ec8879960bd2221d5c32f8e12f7da711,36,16.057142857142857,0.17142857142857143,587.9487085075515,22.749444444444446,4.314285714285714,112.84444444444445,1,2
ec933281fb017b5020d06df29c3f77e8,8,9.0,0.0,626.1817795695215,28.85625,5.0,179.0,1,1
ecccfa2bb93b34a3bf033cc5d1dcdc69,15,34.625,0.25,513.4714524878253,13.826842105263157,2.3333333333333335,70.45473684210526,1,0
ececbfcff9804a2d6b40f589df8eef2b,98,12.62135922330097,0.0970873786407767,699.4991784693156,17.967884615384616,4.115384615384615,65.31153846153846,3,2
ed4311e67debd72b8610a5347a743087,25,7.576923076923077,0.07692307692307693,524.7570849148143,27.185,4.48,139.84615384615384,1,1
ed46f1eb4a638113deb2a1137b5f22e9,4,6.75,0.0,411.01499301897405,54.17,4.0,867.5,1,0
ed49da7cadefc454d6a67de249eab240,2,21.0,0.0,197.9458169358173,11.415,3.0,21.5,1,1
ed4acab38528488b65a9a9c603ff024a,32,8.717948717948717,0.02564102564102564,367.2801735146528,15.257749999999998,3.725,318.98625000000004,4,2
ed859002ad59dbf8cf3602696a6c3000,7,21.454545454545453,0.0,481.6283663104557,20.68769230769231,4.0,186.28461538461536,3,1
ed8cb7b190ceb6067227478e48cf8dde,15,6.882352941176471,0.058823529411764705,316.26001561923374,14.277058823529412,3.176470588235294,33.73529411764706,4,2
ed9eef5be0992d413d251fadba1a410d,3,9.88888888888889,0.0,523.831671072178,15.915555555555557,4.555555555555555,44.9,1,1
edb1ef5e36e0c8cd84eb3c9b003e486d,166,11.25287356321839,0.07471264367816093,670.0106511818886,22.314857142857143,4.434285714285714,453.0545714285714,1,2
edb58a1390adf273840030a3d6253829,1,5.0,0.0,470.7263171066694,18.38,5.0,39.9,1,1
edb65fe661681b1c0de8bd47c8655855,1,14.0,0.0,471.57890366815684,15.24,3.0,69.0,1,1
edc518ba25576a0188a0e8f2c3af186f,6,6.25,0.0,302.45717374750944,32.769999999999996,3.5,205.92374999999998,4,1
edd066cd02126d7800f9b66e980e9931,6,11.666666666666666,0.16666666666666666,700.5795019463777,31.03833333333333,5.0,164.61666666666665,1,1
eddd1991bd6d9309995a480c39b95137,3,14.5,0.0,494.7139097472409,44.13666666666666,2.6666666666666665,288.6666666666667,1,0
ede0c03645598cdfc63ca8237acbe73d,46,18.04255319148936,0.3404255319148936,518.0553076051682,15.03,3.617021276595745,50.367399999999996,3,2
ede2977fbaf3738583170735ca403f6c,1,14.0,0.0,1031.495828438896,37.35,5.0,289.9,1,1
edf3fabebcc20f7463cc9c53da932ea8,1,21.0,1.0,821.5543577438647,24.12,4.0,219.9,1,0
edf96ef93ed595084bbcbd9224bd2894,25,13.071428571428571,0.10714285714285714,584.9242979184734,21.742142857142856,3.7857142857142856,134.17857142857142,2,2
ee27a8f15b1dded4d213a468ba4eb391,1,11.0,0.0,616.6073545650928,227.66,5.0,6499.0,1,0
ee2fbacc2fc3794e656cc4d933d59ce7,2,6.0,0.0,950.7072136963264,17.91,4.333333333333333,154.99,1,1
eeb6de78f79159600292e314a77cbd18,83,11.590361445783133,0.03614457831325301,1010.9078639546057,36.37428571428571,4.428571428571429,520.712380952381,3,2
eebb3372362aa9a46975164bed19a7e7,7,52.25,0.5,751.2095298523174,14.925,2.2857142857142856,73.99,1,0
eec3469d83e142f9a104886655338c37,4,9.75,0.0,425.3139127896468,13.685,4.5,46.425,2,1
eed78ac17f7f795a19a709745f00cd4e,22,9.410714285714286,0.0,463.9073598523684,15.113214285714287,3.4107142857142856,77.66964285714286,1,1
ef0ace09169ac090589d85746e3e036f,129,12.093525179856115,0.07913669064748201,603.5126164508024,16.540357142857143,4.3428571428571425,115.88071428571429,2,2
ef2fbc2b607d8492bcffe657a4645434,20,6.571428571428571,0.09523809523809523,566.4380231332651,16.495,3.909090909090909,44.127272727272725,5,2
ef30892870c278497523264be1be2241,9,7.444444444444445,0.0,262.9450531819813,12.148888888888887,4.555555555555555,87.02222222222223,1,1
ef506c96320abeedfb894c34db06f478,324,12.792168674698795,0.08734939759036145,778.7878723058442,15.285294117647059,3.9017857142857144,28.7395,4,2
ef728fa1f17436c91ed1ccd03dcf9631,3,3.75,0.0,355.1990415405128,14.53,4.0,32.175,1,1
ef990a83bbea832f36ebe81376335aa8,43,16.454545454545453,0.25,763.8121035229175,20.787499999999998,3.659090909090909,105.5134090909091,2,2
ef9952469137ff190bacafe117f51537,5,9.8,0.0,554.2106360935442,16.788,4.8,200.53199999999998,1,1
efb628aa07c8ca93d7db0d85b91a4f5a,1,25.0,1.0,261.334566989331,58.1,4.0,204.0,1,0
efcd8d2104f1a05d028af7bad20d974b,47,9.76,0.02,754.8187676603965,16.772745098039216,4.176470588235294,47.54470588235294,1,1
efff9341f3f8f5237b44ff67ed36a7bf,5,11.4,0.0,1055.7525953022316,19.932,4.4,174.598,3,1
f00e21b1e91a79653163b7fd8f293ff1,31,12.516129032258064,0.03225806451612903,540.6023406001245,18.418387096774193,4.1,125.80935483870968,5,2
f00f5b35d0abcacbdd863672f4bb2c1a,1,12.0,0.0,77.34944968477204,14.43,4.0,299.0,1,1
f021c962aaba8ef6eb527a9c2c8394d1,5,7.8,0.0,609.8858080015505,27.074,4.2,879.7,1,1
f049a72cf58fd31b11f8919cade515e7,3,3.5,0.0,294.6394062101695,8.06,3.5,34.6875,3,1
f0837c8d71434931d9e38e7b79234797,22,11.217391304347826,0.043478260869565216,888.1667584045143,26.19391304347826,4.608695652173913,149.86521739130436,1,1
f08a5b9dd6767129688d001acafc21e5,11,18.77777777777778,0.2222222222222222,1114.6043058804803,27.561666666666667,3.4444444444444446,781.6461111111112,3,0
f08c008c8a8d31417763738a1788a2a8,22,18.714285714285715,0.14285714285714285,1221.2427938912706,18.389999999999997,3.090909090909091,56.16173913043478,1,0
f09b760d23495ac9a7e00d29b769007c,1,24.0,0.0,915.9124117987134,17.19,4.0,21.9,1,1
f0b47fbbc6dee9aafe415a6e33051b3f,68,9.929411764705883,0.09411764705882353,685.7048385493235,15.53813953488372,4.232558139534884,44.13848837209302,4,2
f0e103c63864d5405b958d984b6e94c9,11,8.181818181818182,0.0,504.6124307514528,13.610000000000001,4.7272727272727275,86.51818181818182,3,1
f0ec78809fe0bc3edb11c9fe5b97b059,2,9.0,0.0,420.0821407175405,11.829999999999998,4.0,31.299999999999997,1,1
f114dca2828bf718548db175ebe2cfcd,1,10.0,0.0,446.65088847135354,13.99,1.0,139.0,1,1
f1198c871e0171278b63f40d112caeec,2,11.0,0.0,151.322584627827,41.135,4.5,237.9,1,1
f125f3a310c2e5f822d116147de1e474,16,13.772727272727273,0.09090909090909091,525.5414458355183,13.085909090909091,4.363636363636363,125.51818181818182,2,1
f12d3c2a14729ae461b920c11fe20fdc,9,4.363636363636363,0.0,52.85940826882629,8.624545454545455,4.2727272727272725,33.13181818181818,2,1
f12ff17ad8bbf01ec5c33b17e506649b,29,13.321428571428571,0.10714285714285714,904.8533412289564,22.47344827586207,3.8275862068965516,215.20689655172413,1,2
f18112da765e0971ca5d510dec322bdd,2,17.0,0.0,571.7832925563637,41.475,4.0,163.9,1,1
f181738b150df1f37cb0bd72e705b193,36,8.72972972972973,0.10810810810810811,504.2222976103423,29.81216216216216,4.486486486486487,149.45135135135135,3,2
f19516b9ff26bfeb091b30108db4ddbd,5,10.0,0.0,1025.9418742297041,28.368000000000002,2.6,145.52,2,0
f1b854361f4e15d5851b494df66f22b2,3,7.25,0.0,525.0978347514955,76.61,2.75,292.2,2,0
f1b93673502375d491780bb49d615dbc,8,12.6,0.2,220.41463630824646,32.035000000000004,2.7,263.89300000000003,3,0
f1c1ac3f3efc07e659c035008e615e66,4,12.11111111111111,0.0,578.2346241127865,21.63,3.5714285714285716,182.99714285714285,1,1
f1ce5fdecd64935c28b9ff932751d0dc,2,9.5,0.0,226.68258021204923,11.265,4.5,79.0,1,1
f1ed6bd0a9b11b581f16c851c6a5a527,17,20.61111111111111,0.05555555555555555,929.7953864027799,20.767222222222223,4.5,90.15388888888889,3,2
f1fd5ab1181f827ffad998c1a5de7d74,15,9.0,0.0,617.6962025503484,55.464666666666666,4.666666666666667,469.73266666666666,2,1
f1fdf2d13186575751aa25876536d85c,1,6.0,0.0,4.678956023736621,8.29,5.0,26.3,1,1
f205b1a3ca9a34e0f8a228bae6e4c7b3,8,8.125,0.0,1278.1288475549393,49.6125,4.875,136.0,1,1
f214d28e8d8e3ef068748498ccc2f813,54,9.666666666666666,0.07017543859649122,469.0166901527868,13.713728813559323,4.017241379310345,37.498474576271185,4,2
f22a247b79dd22ecd91dc8e3b2a1b07c,8,17.625,0.25,548.7931530284453,16.8625,4.0,54.9925,1,1
f2336e113377dd21c744d9c4fc8293a9,4,19.75,0.0,2088.1081394123844,49.769999999999996,4.25,890.75,2,0
f235413f677777a0738ff215d0184901,3,5.5,0.0,401.0691332689774,30.546666666666667,3.6666666666666665,565.5666666666667,1,1
f25e239052084705e17a982bc600ab2a,8,12.0,0.0,683.010923958601,50.685,4.25,922.5,4,0
f262cbc1c910c83959f849465454ddd3,192,8.504901960784315,0.09313725490196079,359.33714992619826,12.1112077294686,4.08252427184466,50.64169082125604,9,2
f266295f49a28eee21f413e0cbb0521d,2,11.5,0.0,693.7490945364165,14.07,4.5,74.9,2,1
f26d70155c2b6326fcfa1780c8c684e4,1,8.0,0.0,512.1502557802628,16.17,5.0,202.89,1,1
f27e33c6d29b5138fa9967bcd445b6d5,93,12.061224489795919,0.10204081632653061,581.5765341864106,16.264795918367348,4.091836734693878,90.69693877551019,11,2
f3041c2e75ec683697a6a5ea82192210,1,4.0,0.0,346.8703711735729,24.0,5.0,145.0,1,1
f307937c1bb287c3efc2a514b94b0d1d,1,12.0,0.0,1238.6322959765148,26.61,5.0,189.99,1,1
f326006815956455b2859abd58fe7e39,9,14.866666666666667,0.0,620.3226660414282,22.200666666666667,4.7,104.90533333333333,3,1
f3295428338a40977a03f555246a70f4,7,14.285714285714286,0.2857142857142857,847.2012732014225,17.771428571428572,3.5714285714285716,92.14,2,1
f3511c85f59f8dec53d140501ee8e7a8,1,1.0,0.0,3.1598355569872587,8.11,5.0,69.9,1,1
f356c348fbc8df6a882823e21f5ce8b7,2,7.0,0.0,997.3609322642983,15.235,2.5,97.59,1,1
f35b3c613c4f7b2275f4185d0a3c59ec,9,12.333333333333334,0.2222222222222222,410.6456899929274,18.56,4.555555555555555,449.69444444444446,2,1
f35becee938e982bd615edf8ef12bcfb,6,7.333333333333333,0.0,721.0519379638421,13.036666666666667,4.0,24.765,2,1
f3862c2188522d89860c38a3ea8b550d,1,5.0,0.0,302.5442049974024,12.79,5.0,15.5,1,1
f3975e8a41157005d4bcbb358678cd9b,2,8.5,0.0,426.7608297820916,41.989999999999995,5.0,89.4,2,1
f3b80352b986ab4d1057a4b724be19d0,87,10.087912087912088,0.0,778.4570390381434,23.77858695652174,4.130434782608695,114.1858695652174,2,2
f3c38ab652836d21de61fb8314b69182,15,7.8,0.06666666666666667,430.1495599538856,16.506,4.266666666666667,105.4,4,2
f3da5b2ff499efb8d4a6d371d175d7dd,79,10.878048780487806,0.13414634146341464,380.2181023679126,13.387738095238095,3.8313253012048194,44.07488095238095,12,2
f410c8873029fcc3809b9df6d0b28914,2,7.0,0.0,556.7066557276478,18.65,5.0,144.9,1,1
f419677537694f0462a91990df6ca44f,6,14.0,0.16666666666666666,522.7057114094187,13.13,4.0,36.75,1,1
f41ce2e25237f9092cd8e6e7516c7a2f,27,8.11111111111111,0.0,327.3025613827875,11.846428571428572,4.321428571428571,72.53214285714286,5,2
f435898e493ba0356019a0b1cb8b55b1,10,10.166666666666666,0.0,1086.2990093948351,19.243333333333336,4.333333333333333,54.14666666666667,1,1
f43827dd686be3a4a80e00aa299990fb,1,21.0,0.0,519.9002087948339,15.1,2.0,47.77,1,1
f44b6f775a2b390380e0e30b5c9d3eee,10,8.3,0.0,340.2677750877574,25.824,4.9,293.0,2,1
f44bdc12aa39f5271f0b95f66cd4c289,5,10.285714285714286,0.14285714285714285,183.8916547608614,10.652857142857142,2.857142857142857,51.07142857142857,1,1
f45122a9ab94eb4f3f8953578bc0c560,187,11.949238578680204,0.07106598984771574,572.6799402351035,16.6292,3.91,110.39145,8,2
f457c46070d02cadd8a68551231220dd,199,14.030434782608696,0.06521739130434782,644.5026987329626,15.872735042735043,3.771551724137931,81.59401709401709,1,2
f46490624488d3ff7ce78613913a7711,83,9.586206896551724,0.11494252873563218,583.7853205385369,19.206813186813186,3.4615384615384617,63.767582417582425,1,2
f4a04f7be452aa3bb31760bf00055dd0,18,8.61111111111111,0.05555555555555555,440.4101783382613,13.43611111111111,4.666666666666667,72.89444444444445,1,1
f4aba7c0bca51484c30ab7bdc34bcdd1,110,10.356521739130434,0.06956521739130435,528.1712829983659,13.228290598290599,3.8956521739130436,25.724700854700853,3,2
f4c4daa86e30c7e5a553a8d518ac03a5,20,16.11111111111111,0.05555555555555555,682.5947047760753,18.4645,3.7,315.0955,3,2
f4ce8ca9fa7157e3b33f536ac9a4487d,4,6.5,0.0,595.5429743129337,24.3825,4.75,102.4,2,1
f4db9b37944bcb8873e6b456ee190bbf,21,12.863636363636363,0.09090909090909091,868.8650741058194,22.734545454545454,4.545454545454546,154.99,2,2
f524ad65d7e0f1daab730ef2d2e86196,1,24.0,1.0,173.08703993769774,15.75,1.0,289.0,1,0
f52c2422904463fdd7741f99045fecb6,12,5.0,0.07692307692307693,481.3174458287937,13.616153846153846,4.3076923076923075,43.676153846153845,3,1
f593898ec748b7a8cb81fc04edafd98a,20,17.5,0.18181818181818182,730.2076156101699,31.655652173913044,3.4782608695652173,122.30608695652174,5,2
f5a590cf36251cf1162ea35bef76fe84,117,11.347457627118644,0.1016949152542373,620.9505663653975,34.747213114754096,4.237704918032787,436.0801639344262,4,2
f5b44895715ddfe3087dc414f30268f3,19,12.105263157894736,0.05263157894736842,567.5385363432812,14.50736842105263,4.0,19.936842105263157,1,1
f5b84683a9bf9e1df748cf40f601b39c,1,6.0,0.0,6.554595097004462,9.07,5.0,83.9,1,1
f5f1f2c5f923f36ad79ea1d07185ddc9,12,12.363636363636363,0.09090909090909091,553.9019652656187,15.667692307692308,3.076923076923077,147.08846153846156,1,1
f5f2ab9bdb6b30c14c61be68c5ed37da,18,13.0,0.1111111111111111,652.2609138553001,18.881666666666668,4.277777777777778,118.59333333333335,3,2
f5f46307a4d15880ca14fab4ad9dfc9b,9,12.5,0.1,651.5527434053856,23.137999999999998,4.0,142.294,3,1
f5fea3ffed6c2e889bab72705557c63a,3,28.0,1.0,771.958246816199,89.42666666666666,3.6666666666666665,353.3,1,0
f6122bc84774df1b372bdb3bb88ddb9f,3,15.333333333333334,0.3333333333333333,326.30860708851526,24.830000000000002,3.6666666666666665,1599.9566666666667,1,0
f615fe7efbef0f4f08fd3086bc7a3e60,23,7.217391304347826,0.08695652173913043,428.1151146727619,16.237083333333334,4.375,98.30291666666666,4,2
f61c63d13f7cd800549d5acdd390ae72,26,11.384615384615385,0.07692307692307693,359.74090194276334,16.515,4.0,118.16538461538462,4,2
f626e15b7314c267e4429010866f70e9,5,9.142857142857142,0.0,796.4070546511867,17.924285714285713,4.142857142857143,27.65,3,1
f62d7bb4a613ec758a03342d46b580b2,32,13.4375,0.125,839.8458614202569,66.4246875,4.375,770.78125,2,0
f63d8f293af3a6454377546bd9dd19ff,17,17.821428571428573,0.21428571428571427,530.7226413457576,17.683214285714286,3.8214285714285716,62.565,2,2
f650a9708fa1bab22bdd8d3a818cc415,5,14.75,0.0,1007.150472644912,17.366,3.4,101.55,1,1
f664f98bfda2eaf266a23ff144e7a872,2,2.5,0.0,28.74459963001241,3.9050000000000002,3.0,76.995,2,1
f67efa3f0b6761102a7f8c6b7b571f5d,31,9.1875,0.0,598.919051006817,26.2965625,4.4375,162.14625,4,2
f680f85bee2d253556ac91be391d2c82,45,9.907407407407407,0.018518518518518517,427.25125754791156,16.544814814814814,4.296296296296297,95.99851851851852,2,2
f682e0f848abafc6f41e0d4e868c66ef,2,19.5,0.5,738.7971592187654,17.01,3.5,134.99,1,0
f7315bb81aea4ddca2d39e249a801c98,2,10.0,0.5,658.1147916305104,25.14,4.5,189.9,1,0
f7496d659ca9fdaf323c0aae84176632,26,12.0,0.07692307692307693,433.8982648532051,31.29407407407407,4.592592592592593,188.4285185185185,3,2
f76a3b1349b6df1ee875d1f3fa4340f0,24,16.666666666666668,0.375,280.5801931657433,24.50791666666667,3.4583333333333335,173.36625,1,0
f7720c4fa8e3aba4546301ab80ea1f1b,60,9.454545454545455,0.03896103896103896,568.2135222900436,17.12205128205128,4.1923076923076925,26.710897435897433,3,2
f783a638e9c6af4a7d0dbfde811e7a81,5,17.2,0.2,1027.4285737292796,30.619999999999997,4.0,169.95999999999998,2,0
f789d2c4f2c2eb38fc4373e7a4b35264,44,10.387755102040817,0.04081632653061224,671.8322943058548,17.73469387755102,4.183673469387755,99.27020408163264,2,2
f7ba60f8c3f99e7ee4042fdef03b70c4,219,12.668122270742359,0.16593886462882096,985.4754723887297,18.87395652173913,4.2043478260869565,297.3695652173913,2,2
f7c31656c19db6275a8acadca289f426,1,13.0,0.0,550.1684998315859,16.19,3.0,61.56,1,1
f7ccf836d21b2fb1de37564105216cc1,70,10.643835616438356,0.0958904109589041,404.33572903853633,15.176216216216215,3.8194444444444446,37.667567567567566,2,2
f805b96fa705ba7995a221f1749dc141,7,12.571428571428571,0.0,1239.8697175962448,34.63285714285714,4.428571428571429,392.0628571428571,1,0
f80edd2c5aaa505cc4b0a3b219abf4b8,119,11.656,0.064,554.5336870385366,23.44328125,4.078740157480315,71.1578125,6,2
f8201cab383e484733266d1906e2fdfa,10,12.7,0.2,1426.6683861488866,25.583,4.1,88.9,1,0
f84a00e60c73a49e7e851c9bdca3a5bb,90,10.77319587628866,0.10309278350515463,408.30274691562795,20.22040404040404,3.6666666666666665,60.100404040404044,2,2
f84fa566034f5e8e880a07ec624c56af,91,11.07,0.12,426.0840053668208,12.087352941176471,4.267326732673268,49.93911764705882,3,2
f88adb15807168d3c43d71021090ce4a,3,6.0,0.0,317.19001371884633,17.419999999999998,3.3333333333333335,162.93333333333334,2,1
f8d5c7085db9a4ad2b8c1ffbeb2798c8,6,12.166666666666666,0.0,947.4341075533863,16.735,5.0,43.833333333333336,1,1
f8db351d8c4c4c22c6835c19a46f01b0,667,9.431372549019608,0.058823529411764705,500.8669128908527,17.340055248618786,4.219444444444444,69.78674033149171,20,2
f8e2c1b59cd4225a3e4fd0d013a76b93,2,10.0,0.0,440.0455349707049,14.876666666666667,5.0,73.26666666666667,2,1
f8f35af4634605e6693c17cc3ffff5a8,1,10.0,0.0,238.2622440438509,16.39,5.0,90.0,1,1
f90f77ef2799a27f80d90c425ca944f7,1,7.0,0.0,519.6773333980257,19.46,5.0,70.0,1,1
f918546be4bec7104d117789ba758b2b,20,11.521739130434783,0.17391304347826086,386.9571748955478,15.093478260869563,3.8260869565217392,64.47826086956522,1,1
f9244d45189d3a3605499abddeade7d5,21,14.6,0.0,768.6384551904918,41.71380952380952,4.285714285714286,749.1157142857143,3,0
f92d8c817434bd2d84d4e9c61322b7fa,5,8.0,0.2,125.64371410783872,10.154,4.6,34.968,1,1
f97e2b0650c2068227e1d366140eb62f,16,13.666666666666666,0.047619047619047616,392.89312699513243,48.18952380952381,3.65,174.0,2,1
f9903dd0f812c7e771fcad47b6fff231,10,12.866666666666667,0.0,543.3373920129786,27.775333333333332,2.933333333333333,112.32333333333334,3,1
f9bbdd976532d50b7816d285a22bd01e,2,14.0,0.0,849.8790794591977,15.184999999999999,5.0,134.0,1,1
f9d010e39375d9c91dce3f40b73a2f84,4,18.2,0.4,642.6717617457746,27.627999999999997,3.0,242.4,1,0
f9ec7093df3a7b346b7bcf7864069ca3,9,5.888888888888889,0.1111111111111111,442.055600125792,13.214444444444446,4.777777777777778,57.6888888888889,5,2
f9eedec3129e8cc6b6429c42d0808c5b,2,6.0,0.0,1114.980341997004,21.675,4.5,394.9,1,1
f9f68daa2af419d38f745478bcb3da1a,2,11.0,0.0,172.5956029835257,14.48,3.0,11.2,1,1
fa14641f57b655e933124a9ea49cd7a5,7,6.428571428571429,0.0,223.53168323012758,11.865714285714287,4.571428571428571,51.41857142857142,3,1
fa1a9dec3a9940c072684a46728bf1fc,55,14.1,0.0,801.6663939458571,20.0285,3.983050847457627,111.23333333333333,1,2
fa1c13f2614d7b5c4749cbc52fecda94,585,12.839378238341968,0.10189982728842832,683.9796521107052,17.137713310580207,4.34020618556701,331.12974402730373,5,2
fa3a0b5aabb344b9a92e3524b0202123,7,11.0,0.14285714285714285,490.54775670100616,23.487142857142857,4.142857142857143,255.57142857142858,1,1
fa40cc5b934574b62717c68f3d678b6d,307,10.691394658753708,0.05934718100890208,631.7958235139931,13.326176470588234,4.437869822485207,47.22314705882353,3,2
fa5fdc4e4bb6bd1009ad0e4ac4096562,1,7.0,0.0,2324.1635384748593,32.86,5.0,161.99,1,0
fa74b2f3287d296e9fbd2cc80f2d1cf1,11,30.0,0.4,743.5547755111794,15.980909090909092,2.3636363636363638,223.62636363636364,1,0
fa8d335d68129e464e60c1826a683e96,1,22.0,0.0,1556.0828837579286,34.78,4.0,139.9,1,0
fac1a9017ade7bdc94058fc1c969f355,9,7.3,0.0,196.039489112792,21.207,4.7,201.084,2,1
fac35d150712afb921ec59ac5f39bb11,5,10.333333333333334,0.0,361.4381358268978,17.44,4.166666666666667,116.0,2,1
fad44952713764836814be105382aee5,32,10.28125,0.03125,639.4390816702172,15.87125,4.28125,160.28125,1,1
fadb07c842a2aef5d5a676b85f220e71,7,5.857142857142857,0.0,575.2122754729097,24.517142857142858,4.714285714285714,56.964285714285715,2,1
fb3cfbc8a86f5d7fbb4d36b8df63f60d,10,7.0,0.0,471.9377417963934,14.517333333333333,3.1333333333333333,67.15333333333334,1,1
fb503a924a0b9db19d83dd0ac6dbef8c,1,6.0,0.0,1065.7649700569852,17.92,5.0,13.9,1,1
fb8904a8ea99f8831b64ce27db2c1765,2,11.0,0.5,70.37487410155633,12.18,4.5,139.0,2,1
fb89df7f89fd1b8f03fa2acca1ba7364,22,15.04,0.08,831.916621196297,18.6972,3.84,88.8,1,1
fbc14c0cf93505ef89f64665ffa4a7b5,18,11.61111111111111,0.05555555555555555,631.3963347318961,29.50611111111111,4.176470588235294,679.3233333333333,5,2
fc0b214b59a83615fea981c6424a02ae,1,4.0,0.0,41.85154501531802,12.14,5.0,159.9,1,1
fc38b5dceee1a730fad8853453437fbd,5,7.4,0.0,256.7617532446015,11.762,4.6,23.84,2,1
fc4751cfe3b279c419615b9b00c1abb4,1,8.0,0.0,465.8136756849556,17.35,5.0,453.7,1,1
fc59392d66ef99377e50356ee4f3b4e1,5,7.6,0.0,378.8486115149339,17.394,3.6,103.998,3,1
fc5a0d7a310a7a41abf86a458585ff2b,2,13.0,0.0,773.2032190188581,13.68,2.5,81.4,1,1
fc6295add6f51a0936407ead70c1001d,1,13.0,0.0,2370.6684936168485,17.63,1.0,40.0,1,0
fc906263ca5083d09dce42fe02247800,114,8.914529914529915,0.0,680.8377344873091,15.845210084033614,4.352941176470588,37.79579831932773,4,2
fc908879b9ca1bd65419e54e50432d38,4,8.25,0.0,358.50588806455795,13.17,5.0,29.799999999999997,1,1
fcb5ace8bcc92f75707dc0f01a27d269,62,9.942857142857143,0.02857142857142857,315.96698405861025,13.078082191780823,3.7916666666666665,113.95383561643834,11,2
fcba71d4d5db057f43249145e4eb1e27,3,18.0,0.0,696.9254054559261,17.906666666666666,4.666666666666667,164.85,1,1
fcdd820084f17e9982427971e4e9d47f,16,10.74074074074074,0.07407407407407407,452.20707967356026,32.657407407407405,3.259259259259259,177.1848148148148,2,1
fce62094ffe6a4009188ec44e681dfdd,4,18.454545454545453,0.45454545454545453,433.29248271511767,43.902727272727276,3.1818181818181817,269.97272727272724,3,0
fcf16b7a8697e559f0123190bb30177d,3,15.285714285714286,0.5714285714285714,381.323014684186,71.39571428571428,3.142857142857143,150.4,1,0
fd312b6bf05efac6c3772d5b52205d8a,2,5.5,0.0,84.3545520833495,11.405,5.0,29.674999999999997,1,1
fd386aa7bed2af3c7035c65506c9b4a3,69,7.828947368421052,0.10526315789473684,504.99896807111105,13.316052631578946,4.355263157894737,30.31776315789474,14,2
fd435faa3c0422b60440ea3480d0e77c,1,9.0,0.0,1971.1423558336903,133.87,5.0,749.0,1,0
fdaaf5bfda82b7b80535610c831b8d09,10,10.533333333333333,0.2,486.5892274370423,17.294666666666668,3.933333333333333,172.59333333333333,2,1
fdb9095204a334cd8872252ffec6f2db,46,8.37704918032787,0.04918032786885246,459.8988529825237,18.57983606557377,4.131147540983607,133.70491803278688,1,2
fde0cc9ea29c8ccfc0a2c22256a58c71,35,8.17142857142857,0.02857142857142857,485.7181425241748,28.550571428571427,4.485714285714286,112.05714285714286,3,2
fdf736c18c589ed030e058312203e1b2,1,5.0,0.0,346.97212869982013,14.51,5.0,30.0,1,1
fe19dce63ae80346207c6c55713d1023,1,7.0,0.0,592.3363786064518,21.82,5.0,49.9,1,1
fe1b067411b8c5066e962aa146ccee03,8,8.25,0.0,860.5887361776007,17.8875,4.625,105.9725,2,1
fe1bbc5feda5c8979a8a1b3b2512d5a6,9,10.9,0.1,703.7073875800495,13.753,3.8,72.47200000000001,2,1
fe2032dab1a61af8794248c8196565c9,294,10.118032786885246,0.08524590163934426,575.6931565534841,15.42921568627451,4.3841059602649,215.55428104575162,2,2
fe26f3ecb51a15e6d8335cd92da42562,7,10.285714285714286,0.14285714285714285,355.63106267913264,37.51285714285715,4.428571428571429,386.9942857142857,2,1
fe49ee029e61e789a1f3a5525f57ba8d,17,10.0625,0.0625,376.6352614919621,13.226470588235294,4.0588235294117645,148.68176470588233,6,2
fe4cd9461203cee790d36792420b310f,3,13.666666666666666,0.0,926.5308337614309,18.126666666666665,4.0,130.38333333333333,1,1
fe701d88b67eaca109dffd464d1be9f9,11,11.9,0.1,1010.0813072064408,21.73090909090909,4.0,140.8090909090909,1,1
fe8055980a4ff7f64ed889c2b5926929,3,6.0,0.0,733.2019250071153,17.76,4.666666666666667,65.56666666666668,2,1
fe87f472055fbcf1d7e691c00b1560dc,6,5.5,0.16666666666666666,181.2962801170112,21.69333333333333,4.5,180.96666666666667,1,1
fe9d9cf8631285d5982c6e2cf27fb114,1,4.0,0.0,1090.0810871114488,23.64,4.0,69.9,1,1
feb793c88d836c3a75efa4b5a3465d70,1,5.0,0.0,6.166202859681792,64.17,5.0,466.0,1,1
febab0275244b9a49a623f0bd613ca2f,109,7.650793650793651,0.03968253968253968,330.2278761760837,23.385658914728683,4.263565891472868,56.3753488372093,3,2
fec6275253471ace26d209bbaa64cd0f,9,12.9,0.0,1160.8133939652691,35.56699999999999,4.6,284.0,1,0
fec8cd45395b3cb0c2b173d7739706a1,4,10.25,0.0,102.33712688746945,24.235,3.75,320.0,1,1
fedaedd3ca31d56ab33e92035e4b361c,1,8.0,0.0,175.6380121881712,10.96,4.0,39.9,1,1
fedf2c1386e137f296b3bbf3b635e69d,2,10.4,0.0,290.5264487759344,15.831999999999999,3.2,26.348000000000003,2,1
ff063b022a9a0aab91bad2c9088760b7,94,8.927083333333334,0.03125,484.8020519516605,20.6746875,4.28421052631579,125.796875,3,2
ff1e15b778c700abdd4d239b81ac466d,7,7.0,0.0,568.0919874494766,16.408571428571427,4.571428571428571,59.18571428571429,2,1
ff1fb4c404b2efe68b03350a8dc24122,46,9.489795918367347,0.14285714285714285,540.3226565191787,18.28469387755102,4.061224489795919,138.18367346938774,6,2
ff314fa6033cc68ec451c47aee2d6ba4,2,10.5,0.0,189.17393489516184,16.22,5.0,268.95,1,1
ff4e2d38692ce827b1a4f4b8196e680d,11,8.818181818181818,0.0,362.7822124984477,13.661818181818182,4.2727272727272725,47.17272727272727,2,1
ff4ea69c2a729e83e63c7579e4ef8170,9,10.875,0.0,576.4374403756551,19.06888888888889,4.5,779.6666666666666,1,1
ff69aa92bb6b1bf9b8b7a51c2ed9cf8b,20,11.0,0.25,372.6752302066426,87.72,3.65,1097.04,2,0
ff82e8873fba613f2261a9acc896fd84,4,9.25,0.0,385.5633506237869,14.7325,3.5,31.15,2,1
ffa6adafb71b807dc13159e26431354c,18,9.352941176470589,0.0,790.7958189330255,29.83777777777778,3.7777777777777777,148.32777777777778,5,2
ffad1e7127fb622cb64a900751590acd,10,8.0,0.0,404.1735313684605,13.768666666666666,4.866666666666666,58.95333333333333,2,1
ffc470761de7d0232558ba5e786e57b7,28,9.6,0.06666666666666667,611.410951166419,14.132903225806452,4.3,53.19387096774194,8,2
ffdd9f82b9a447f6f8d4b91554cc7dd3,18,9.8,0.0,446.12540881908035,36.373000000000005,4.25,105.05999999999999,2,1
ffeee66ac5d5a62fe688b9d26f83f534,14,17.642857142857142,0.14285714285714285,714.6259445290233,29.977857142857143,4.214285714285714,131.41857142857143,1,1
fffd5413c0700ac820c7069d66d98c89,60,13.327586206896552,0.13793103448275862,592.715639246291,46.45475409836065,3.8666666666666667,148.5622950819672,3,2
ffff564a4f9085cd26170f4732393726,20,11.875,0.0,793.133843633342,17.228,2.1,71.315,7,2
